AAPL,2019-05-09,204.29,208.84,196.68,201.32,124775436
AAPL,2019-05-03,204.4,215.31,199.11,211.75,186455669
AAPL,2019-04-26,202.83,208.48,202.12,204.3,97495453
AAPL,2019-04-18,198.58,204.15,198.01,203.86,96335577
AAPL,2019-04-12,196.42,202.85,196.21,198.87,132006698
AAPL,2019-04-05,191.64,197.1,188.38,197.0,111540445
AAPL,2019-03-29,191.51,192.88,184.58,189.95,167838582
AAPL,2019-03-22,185.8,197.69,184.73,191.05,182343335
AAPL,2019-03-15,175.49,187.33,175.35,186.12,158133562
AAPL,2019-03-08,175.69,177.75,169.5,172.91,116779738
AAPL,2019-03-01,174.16,175.87,172.73,174.97,120880541
AAPL,2019-02-22,169.71,173.32,169.49,172.97,81250012
AAPL,2019-02-15,171.05,172.48,169.25,170.42,112229742
AAPL,2019-02-08,167.41,175.57,167.28,170.41,151398457
AAPL,2019-02-01,155.79,169.0,153.66,166.52,202296864
AAPL,2019-01-25,156.41,158.13,151.7,157.76,112513982
AAPL,2019-01-18,150.85,157.88,149.22,156.82,155291399
AAPL,2019-01-11,148.7,154.53,145.9,152.29,203706070
AAPL,2019-01-04,158.53,159.36,142.0,148.26,221962468
AAPL,2018-12-28,148.15,158.52,146.59,156.23,191160265
AAPL,2018-12-21,165.45,168.35,149.63,150.73,287694081
AAPL,2018-12-14,165.0,172.57,163.33,165.48,217536870
AAPL,2018-12-07,184.46,184.94,168.3,168.49,167522325
AAPL,2018-11-30,174.24,182.8,170.26,178.58,213749977
AAPL,2018-11-23,190.0,190.7,172.1,172.29,164494301
AAPL,2018-11-16,199.0,199.85,185.93,193.53,242226465
AAPL,2018-11-09,204.3,210.12,198.17,204.47,191199370
AAPL,2018-11-02,219.19,222.36,205.43,207.48,270606277
AAPL,2018-10-26,219.79,224.23,212.67,216.3,185599234
AAPL,2018-10-19,221.16,222.99,213.0,219.31,148520408
AAPL,2018-10-12,222.21,227.27,212.32,222.11,192007749
AAPL,2018-10-05,227.95,233.47,220.58,224.29,142666234
AAPL,2018-09-28,216.82,226.44,216.63,225.74,129343034
AAPL,2018-09-21,222.15,222.95,215.3,217.66,218746220
AAPL,2018-09-14,220.95,228.35,216.47,223.84,198249908
AAPL,2018-09-07,228.41,229.67,220.71,221.3,132632878
AAPL,2018-08-31,217.15,228.87,216.33,227.63,162690645
AAPL,2018-08-24,218.1,219.18,213.84,216.16,112825161
AAPL,2018-08-17,207.7,217.95,207.7,217.58,139373818
AAPL,2018-08-10,208.0,209.78,204.52,207.53,121642089
AAPL,2018-08-03,191.9,208.74,189.07,207.99,224189697
AAPL,2018-07-27,190.68,195.96,189.56,190.98,94613682
AAPL,2018-07-20,191.52,192.65,189.2,191.44,87963808
AAPL,2018-07-13,189.5,191.84,187.61,191.33,85088176
AAPL,2018-07-06,183.82,188.434,183.42,187.97,65775642
AAPL,2018-06-29,183.4,187.28,180.73,185.11,121620526
AAPL,2018-06-22,187.88,189.22,183.45,184.92,125604366
AAPL,2018-06-15,191.35,192.88,188.26,188.84,140187228
AAPL,2018-06-08,191.635,194.2,189.77,191.7,116769735
AAPL,2018-06-01,187.6,190.26,186.14,190.24,92129925
AAPL,2018-05-25,188.0,189.65,185.76,188.58,94394844
AAPL,2018-05-18,189.01,189.53,185.1,186.31,99248752
AAPL,2018-05-11,185.18,190.37,183.665,188.59,148266951
AAPL,2018-05-04,162.1302,184.25,161.84,183.83,252805668
AAPL,2018-04-27,166.8348,166.92,160.63,162.32,162208431
AAPL,2018-04-20,175.0301,178.9365,165.43,165.72,169238340
AAPL,2018-04-13,169.88,175.84,169.845,174.73,128077139
AAPL,2018-04-06,167.88,174.2304,164.47,168.38,164408813
AAPL,2018-03-29,168.07,175.15,165.19,167.78,155302506
AAPL,2018-03-23,177.32,177.47,164.94,164.94,168666122
AAPL,2018-03-16,180.29,183.5,177.62,178.02,151720299
AAPL,2018-03-09,175.21,180.0,174.27,179.98,138442235
AAPL,2018-03-02,176.35,180.615,172.45,176.21,196432091
AAPL,2018-02-23,172.05,175.65,171.01,175.5,133197874
AAPL,2018-02-16,158.5,174.82,157.51,172.43,222582467
AAPL,2018-02-09,159.1,163.88,150.24,156.41,299885932
AAPL,2018-02-02,170.16,170.16,160.1,160.5,248091289
AAPL,2018-01-26,177.3,179.44,170.06,171.51,185072080
AAPL,2018-01-19,177.9,180.1,175.07,178.46,122974060
AAPL,2018-01-12,174.35,177.36,173.0,177.09,107548622
AAPL,2018-01-05,170.16,175.37,169.26,175.0,99095223
AAPL,2017-12-29,170.8,171.85,169.22,169.23,96281679
AAPL,2017-12-22,174.88,177.2,173.25,175.01,115320238
AAPL,2017-12-15,169.2,174.17,168.79,173.97,132453689
AAPL,2017-12-08,172.48,172.62,166.46,169.37,134914322
AAPL,2017-12-01,175.05,175.08,167.16,171.05,166555527
AAPL,2017-11-24,170.29,175.5,169.56,174.97,79873651
AAPL,2017-11-17,173.5,174.5,168.38,170.15,114281964
AAPL,2017-11-10,172.365,176.24,171.72,174.67,136260721
AAPL,2017-11-03,163.89,174.26,163.72,172.5,203892677
AAPL,2017-10-27,156.89,163.6,155.27,163.05,119574587
AAPL,2017-10-20,157.9,160.87,155.02,156.25,124593299
AAPL,2017-10-13,155.81,158.0,155.1,156.99,80597481
AAPL,2017-10-06,154.26,155.49,152.46,155.3,91971974
AAPL,2017-09-29,149.99,154.7189,149.16,154.12,152105993
AAPL,2017-09-22,160.11,160.5,150.56,151.89,182738115
AAPL,2017-09-15,160.5,163.96,157.91,159.88,217839085
AAPL,2017-09-08,163.75,164.25,158.53,158.63,100402255
AAPL,2017-09-01,160.14,164.94,159.93,164.05,124482489
AAPL,2017-08-25,157.5,160.74,155.1101,159.86,110686493
AAPL,2017-08-18,159.32,162.51,156.72,157.5,130951564
AAPL,2017-08-11,157.06,161.83,154.63,157.48,148310594
AAPL,2017-08-04,149.9,159.75,148.13,156.39,159721244
AAPL,2017-07-28,150.58,153.99,147.3,149.5,103916337
AAPL,2017-07-21,148.82,151.74,148.57,150.27,103297255
AAPL,2017-07-14,144.11,149.33,143.37,149.04,107844162
AAPL,2017-07-07,144.88,145.3,142.41,144.18,76896820
AAPL,2017-06-30,147.17,148.28,142.28,144.02,125310202
AAPL,2017-06-23,143.66,147.16,143.66,146.28,121757322
AAPL,2017-06-16,145.74,147.5,142.2,142.27,217066551
AAPL,2017-06-09,154.34,155.98,146.02,148.98,157386327
AAPL,2017-06-02,153.42,155.45,152.22,155.45,86663811
AAPL,2017-05-26,154.0,154.9,152.67,153.61,101565411
AAPL,2017-05-19,156.01,156.65,149.71,153.06,154981942
AAPL,2017-05-12,149.03,156.42,149.03,156.1,167770544
AAPL,2017-05-05,145.1,148.98,144.27,148.96,167777285
AAPL,2017-04-28,143.5,144.9,143.18,143.65,89143525
AAPL,2017-04-21,141.48,142.92,140.45,142.27,89248503
AAPL,2017-04-13,143.6,143.8792,140.06,141.05,87485653
AAPL,2017-04-07,143.71,145.46,143.05,143.34,105402499
AAPL,2017-03-31,139.39,144.5,138.62,143.66,127008757
AAPL,2017-03-24,140.4,142.8,139.73,140.64,129673979
AAPL,2017-03-17,138.85,141.02,138.82,139.99,121539506
AAPL,2017-03-10,139.365,139.98,137.05,139.14,99672282
AAPL,2017-03-03,137.14,140.2786,136.28,139.78,127936976
AAPL,2017-02-24,136.23,137.48,135.28,136.66,87908859
AAPL,2017-02-17,133.08,136.27,132.75,135.72,136667496
AAPL,2017-02-10,129.13,132.94,128.9,132.12,136449154
AAPL,2017-02-03,120.93,130.49,120.62,129.08,249781248
AAPL,2017-01-27,120.0,122.44,119.5,121.95,124748449
AAPL,2017-01-20,118.34,120.5,118.22,120.0,116347987
AAPL,2017-01-13,117.95,119.93,117.94,119.04,138810760
AAPL,2017-01-06,115.8,118.16,114.76,117.91,103845468
AAPL,2016-12-30,116.52,118.0166,115.43,115.82,84828531
AAPL,2016-12-23,115.8,117.5,115.59,116.52,113322891
AAPL,2016-12-16,113.29,116.73,112.49,115.97,195015700
AAPL,2016-12-09,110.0,114.7,108.25,113.95,151989664
AAPL,2016-12-02,111.43,112.465,108.85,109.9,155499850
AAPL,2016-11-25,110.12,112.42,110.01,111.79,94132421
AAPL,2016-11-18,107.71,110.54,104.08,110.06,198341456
AAPL,2016-11-11,110.08,111.72,105.83,108.43,207268979
AAPL,2016-11-04,113.65,114.23,108.11,108.84,156346518
AAPL,2016-10-28,117.1,118.36,113.31,113.72,210225569
AAPL,2016-10-21,117.33,118.21,113.8,116.6,115531434
AAPL,2016-10-14,115.02,118.69,114.72,117.63,208708383
AAPL,2016-10-07,112.71,114.56,112.28,114.06,126029440
AAPL,2016-09-30,111.64,114.64,111.55,113.05,156384035
AAPL,2016-09-23,115.19,116.18,111.55,112.71,201095635
AAPL,2016-09-16,102.65,116.13,102.53,114.92,390309366
AAPL,2016-09-09,107.9,108.76,103.13,103.13,168803729
AAPL,2016-09-02,106.62,108.0,105.5,107.73,133000624
AAPL,2016-08-26,108.86,109.32,106.31,106.94,123605519
AAPL,2016-08-19,108.14,110.23,108.08,109.36,132371408
AAPL,2016-08-12,107.52,108.94,107.16,108.18,124505869
AAPL,2016-08-05,104.41,107.65,104.0,107.48,170149120
AAPL,2016-07-29,98.25,104.55,96.42,104.21,256571090
AAPL,2016-07-22,98.7,101.0,98.31,98.66,147565456
AAPL,2016-07-15,96.75,99.3,96.73,98.78,142910566
AAPL,2016-07-08,95.39,96.89,94.37,96.68,112705961
AAPL,2016-07-01,93.0,96.465,91.5,95.89,185461004
AAPL,2016-06-24,96.0,96.89,92.65,93.4,206728924
AAPL,2016-06-17,98.69,99.12,95.3,95.33,191732699
AAPL,2016-06-10,97.99,101.89,97.55,98.83,124864375
AAPL,2016-06-03,99.6,100.4,96.63,97.92,140176985
AAPL,2016-05-27,95.87,100.73,95.67,100.35,204473324
AAPL,2016-05-20,92.39,95.43,91.65,95.22,212707154
AAPL,2016-05-13,93.0,93.77,89.47,90.52,216049836
AAPL,2016-05-06,93.965,95.9,91.85,92.72,225607242
AAPL,2016-04-29,105.0,105.65,92.51,93.74,349424063
AAPL,2016-04-22,108.89,108.95,104.62,105.68,189053016
AAPL,2016-04-15,108.97,112.39,108.66,109.85,162310051
AAPL,2016-04-08,110.42,112.19,108.121,108.66,145722543
AAPL,2016-04-01,106.0,110.42,104.88,109.99,147965003
AAPL,2016-03-24,105.93,107.65,104.89,105.67,119783503
AAPL,2016-03-18,101.91,106.5,101.78,105.92,182073165
AAPL,2016-03-11,102.39,102.83,100.15,102.26,155221501
AAPL,2016-03-04,96.86,103.75,96.65,103.01,201803826
AAPL,2016-02-26,96.31,98.0237,93.32,96.91,159052926
AAPL,2016-02-19,95.02,98.89,94.61,96.04,168316315
AAPL,2016-02-12,93.13,96.35,92.59,93.99,231122263
AAPL,2016-02-05,96.47,97.33,93.69,94.02,217154766
AAPL,2016-01-29,101.52,101.53,92.39,97.34,380336530
AAPL,2016-01-22,98.41,101.46,93.42,101.42,243384093
AAPL,2016-01-15,98.97,101.19,95.36,97.13,304337253
AAPL,2016-01-08,102.61,105.85,96.43,96.96,343790211
AAPL,2015-12-31,107.59,109.43,104.82,105.26,123761546
AAPL,2015-12-24,107.28,109.0,105.57,108.03,126634011
AAPL,2015-12-18,112.18,112.8,105.81,106.03,315791335
AAPL,2015-12-11,118.98,119.86,112.851,113.18,188853944
AAPL,2015-12-04,117.99,119.41,114.22,119.03,206765745
AAPL,2015-11-27,119.27,119.73,117.12,117.81,109720453
AAPL,2015-11-20,111.38,119.92,111.0,119.3,189947415
AAPL,2015-11-13,120.96,121.81,112.27,112.34,216555289
AAPL,2015-11-06,119.87,123.82,119.61,121.06,195203256
AAPL,2015-10-30,118.08,121.22,113.99,119.5,322362121
AAPL,2015-10-23,110.8,119.228,110.11,119.08,222074893
AAPL,2015-10-16,112.73,112.75,109.56,111.04,184884970
AAPL,2015-10-09,109.88,112.28,108.21,112.12,262432987
AAPL,2015-10-02,113.85,114.57,107.31,110.38,311138027
AAPL,2015-09-25,113.67,116.69,112.37,114.71,242696241
AAPL,2015-09-18,116.58,116.89,111.87,113.45,277276007
AAPL,2015-09-11,111.65,114.21,109.77,114.21,252662734
AAPL,2015-09-04,112.13,114.53,107.36,109.27,298194194
AAPL,2015-08-28,94.87,113.31,92.0,113.29,500362965
AAPL,2015-08-21,116.04,117.65,105.645,105.76,320509056
AAPL,2015-08-14,116.53,119.99,109.63,115.96,345185326
AAPL,2015-08-07,121.5,122.57,112.1,115.52,384072497
AAPL,2015-07-31,123.09,123.91,120.91,121.3,191598511
AAPL,2015-07-24,130.97,132.97,121.99,124.5,344269021
AAPL,2015-07-17,125.03,129.62,124.32,129.62,189245034
AAPL,2015-07-10,124.94,126.23,119.22,123.28,275718368
AAPL,2015-07-02,125.46,126.94,124.48,126.44,150981872
AAPL,2015-06-26,127.49,129.8,126.51,126.75,195594004
AAPL,2015-06-19,126.1,128.31,125.71,126.6,198525255
AAPL,2015-06-12,128.9,130.18,125.62,127.17,220114589
AAPL,2015-06-05,131.2,131.39,128.36,128.65,170840884
AAPL,2015-05-29,132.6,132.91,129.12,130.28,198148567
AAPL,2015-05-22,128.38,132.97,128.36,132.54,217297426
AAPL,2015-05-15,127.39,129.49,124.82,128.77,208301514
AAPL,2015-05-08,129.5,130.57,123.36,127.62,271891981
AAPL,2015-05-01,132.31,134.54,124.58,128.95,420972321
AAPL,2015-04-24,125.57,130.63,125.17,130.28,207440679
AAPL,2015-04-17,128.37,128.57,124.46,124.75,171186168
AAPL,2015-04-10,124.47,128.1218,124.33,127.1,182207413
AAPL,2015-04-02,124.05,126.49,123.1,125.32,162031791
AAPL,2015-03-27,127.12,128.04,122.6,123.25,209326175
AAPL,2015-03-20,123.88,129.2451,122.87,125.9,266672975
AAPL,2015-03-13,127.96,129.57,121.63,123.59,326514045
AAPL,2015-03-06,129.25,130.28,125.76,126.6,246938492
AAPL,2015-02-27,130.02,133.6,126.61,128.46,368216362
AAPL,2015-02-20,127.49,129.5,126.92,129.495,194354942
AAPL,2015-02-13,118.55,127.48,118.43,127.08,303206785
AAPL,2015-02-06,118.05,120.51,116.08,118.93,270757404
AAPL,2015-01-30,113.74,120.0,109.03,117.16,465842684
AAPL,2015-01-23,107.84,113.75,106.5,112.98,198737041
AAPL,2015-01-16,112.6,112.8,105.2,105.99,304226647
AAPL,2015-01-09,108.29,113.25,104.63,112.01,282868187
AAPL,2015-01-02,113.79,114.77,107.35,109.33,152088374
AAPL,2014-12-26,112.16,114.52,111.97,113.99,119396530
AAPL,2014-12-19,110.7,113.24,106.26,111.78,328856576
AAPL,2014-12-12,114.1,114.85,109.35,109.73,259937920
AAPL,2014-12-05,118.81,119.25,111.27,115.0,266701088
AAPL,2014-11-28,116.85,119.75,116.62,118.93,181937552
AAPL,2014-11-21,114.27,117.57,113.3,116.47,233414685
AAPL,2014-11-14,109.02,114.19,108.4,114.18,205166680
AAPL,2014-11-07,108.22,110.3,107.72,109.01,199952812
AAPL,2014-10-31,104.85,108.04,104.7,108.0,220230607
AAPL,2014-10-24,98.315,105.49,98.22,105.22,358532919
AAPL,2014-10-17,101.33,101.78,95.18,97.67,358539741
AAPL,2014-10-10,99.95,102.38,98.31,100.73,280258156
AAPL,2014-10-03,98.65,101.54,98.04,99.62,247749150
AAPL,2014-09-26,101.8,102.94,97.72,100.75,337730724
AAPL,2014-09-19,102.81,103.05,98.89,100.96,296789500
AAPL,2014-09-12,99.3,103.08,96.14,101.66,461559500
AAPL,2014-09-05,103.06,103.74,97.79,98.97,322672500
AAPL,2014-08-29,101.79,102.9,100.7,102.5,233048700
AAPL,2014-08-22,98.49,101.47,97.98,101.32,246983800
AAPL,2014-08-15,95.27,98.19,94.8355,97.98,179363000
AAPL,2014-08-08,96.37,96.58,93.28,94.74,223025000
AAPL,2014-08-01,97.82,99.44,94.81,96.13,236825000
AAPL,2014-07-25,94.99,97.88,93.72,97.671,276392000
AAPL,2014-07-18,95.86,97.1,92.57,94.43,249075900
AAPL,2014-07-11,94.14,96.8,93.52,95.22,231830000
AAPL,2014-07-03,92.1,94.1,92.09,94.03,139168800
AAPL,2014-06-27,91.32,92.0,89.65,91.98,216257000
AAPL,2014-06-20,91.51,92.75,90.9,90.91,235227000
AAPL,2014-06-13,92.7,95.05,90.88,91.28,293146997
AAPL,2014-06-06,633.96,651.26,622.5,645.57,58974500
AAPL,2014-05-30,615.88,644.17,615.63,633.0,57315800
AAPL,2014-05-23,597.85,614.7293,597.33,614.13,42229300
AAPL,2014-05-16,587.49,597.53,585.4,597.51,37373300
AAPL,2014-05-09,590.14,604.4099,580.33,585.5425,52371100
AAPL,2014-05-02,572.8,599.43,572.55,592.58,67823800
AAPL,2014-04-25,525.34,571.99,523.96,571.94,68937100
AAPL,2014-04-17,521.9,527.76,511.33,524.94,34688000
AAPL,2014-04-11,528.02,532.24,517.14,519.61,44688500
AAPL,2014-04-04,539.23,543.48,530.58,531.82,35265900
AAPL,2014-03-28,538.42,549.0,534.25,536.86,48584200
AAPL,2014-03-21,527.7,536.24,525.2001,532.87,43442600
AAPL,2014-03-14,528.36,539.66,523.0,524.69,41145600
AAPL,2014-03-07,523.42,534.75,522.81,530.44,39435800
AAPL,2014-02-28,523.15,532.75,515.6,526.24,52533200
AAPL,2014-02-21,546.0,551.19,524.6,525.25,41380800
AAPL,2014-02-14,518.66,545.9799,518.0,543.99,54151400
AAPL,2014-02-07,502.61,522.9299,499.3,519.68,61947700
AAPL,2014-01-31,550.07,554.8,493.55,500.6,116661100
AAPL,2014-01-24,540.99,557.29,540.42,546.07,55039500
AAPL,2014-01-17,529.91,560.2,529.88,540.67,62811100
AAPL,2014-01-10,537.45,546.86,531.11,532.94,56159800
AAPL,2014-01-03,557.46,561.28,540.43,540.98,39423800
AAPL,2013-12-27,568.0,571.88,559.5,560.09,39241200
AAPL,2013-12-20,555.02,562.6389,538.8,549.02,65538600
AAPL,2013-12-13,560.9001,570.97,553.67,554.43,55485500
AAPL,2013-12-06,558.0,575.1358,550.82,560.02,74759100
AAPL,2013-11-29,521.02,558.33,521.0,556.07,46866800
AAPL,2013-11-22,524.99,527.19,513.67,519.8,40484000
AAPL,2013-11-15,519.99,529.28,514.41,524.991,43903200
AAPL,2013-11-08,521.1,528.885,512.38,520.56,45541200
AAPL,2013-11-01,529.04,539.25,514.54,520.03,74678500
AAPL,2013-10-25,511.77,533.23,508.03,525.958,70301800
AAPL,2013-10-18,489.83,509.26,489.35,508.89,49186000
AAPL,2013-10-11,486.56,493.84,478.28,492.812,51831300
AAPL,2013-10-04,477.25,492.35,474.411,483.03,53030200
AAPL,2013-09-27,496.1,496.91,480.72,482.75,68166800
AAPL,2013-09-20,461.0,478.55,447.22,467.41,89421200
AAPL,2013-09-13,505.0,507.92,464.7,464.9,95909500
AAPL,2013-09-06,493.1,502.24,487.35,498.22,45459100
AAPL,2013-08-30,500.75,510.2,486.0,487.216,56239900
AAPL,2013-08-23,504.34,513.74,498.2,501.02,59715200
AAPL,2013-08-16,456.86,504.25,456.63,502.33,101976700
AAPL,2013-08-09,464.69,471.89,453.65,454.45,52686200
AAPL,2013-08-02,440.8,462.85,440.2,462.54,48624000
AAPL,2013-07-26,429.46,444.59,418.71,440.99,57099100
AAPL,2013-07-19,425.01,434.87,424.17,424.95,40894500
AAPL,2013-07-12,420.11,429.79,410.38,426.51,54928000
AAPL,2013-07-05,402.69,423.29,401.22,417.42,49138300
AAPL,2013-06-28,407.4,408.66,388.87,396.53,74228400
AAPL,2013-06-21,431.44,435.7,408.1001,413.5,57278900
AAPL,2013-06-14,444.73,449.079,428.5,430.05,55685400
AAPL,2013-06-07,450.73,454.43,432.77,441.811,63469300
AAPL,2013-05-31,449.9,457.1,439.4,449.735,51948000
AAPL,2013-05-24,431.91,448.3499,430.1,445.15,70708100
AAPL,2013-05-17,451.51,457.9,418.9,433.26,90599600
AAPL,2013-05-10,455.71,465.75,450.48,452.97,78083300
AAPL,2013-05-03,420.45,453.23,420.0,449.98,93639400
AAPL,2013-04-26,392.64,418.769,391.275,417.205,114740900
AAPL,2013-04-19,427.0,427.89,385.1,390.53,101568600
AAPL,2013-04-12,424.85,437.99,422.49,429.8,55369600
AAPL,2013-04-05,441.9,443.698,419.68,423.2,72307500
AAPL,2013-03-28,464.69,469.95,441.62,442.66,56053800
AAPL,2013-03-22,441.45,462.1,441.2,461.91,79285500
AAPL,2013-03-15,429.7499,444.23,425.14,443.66,81911900
AAPL,2013-03-08,427.8,435.43,419.0,431.72,90764100
AAPL,2013-03-01,453.85,455.12,429.98,430.47,83442600
AAPL,2013-02-22,461.1,462.73,442.82,450.81,60354400
AAPL,2013-02-15,476.5,484.94,459.92,460.16,83884700
AAPL,2013-02-08,453.91,478.81,442.0,474.98,106496800
AAPL,2013-02-01,437.825,462.6,435.86,453.62,94023200
AAPL,2013-01-25,504.56,514.99,435.0,439.88,142569100
AAPL,2013-01-18,502.68,510.75,483.38,500.0,115299500
AAPL,2013-01-11,522.0,531.89,515.2,520.3,82218600
AAPL,2013-01-04,510.53,555.0,509.0,527.0,77403900
AAPL,2012-12-28,520.35,524.25,504.66,509.5892,45985300
AAPL,2012-12-21,508.93,534.9,501.23,519.33,103950700
AAPL,2012-12-14,525.0,549.56,505.58,509.794,119457600
AAPL,2012-12-07,593.65,594.59,518.63,533.25,140365700
AAPL,2012-11-30,575.9,594.25,572.26,585.28,92528300
AAPL,2012-11-23,540.7097,572.0,539.88,571.5,75425000
AAPL,2012-11-16,554.15,554.5,505.7501,527.678,127954500
AAPL,2012-11-09,583.515,590.74,533.72,547.06,131562900
AAPL,2012-11-02,594.88,603.0,574.75,576.8,52524100
AAPL,2012-10-26,612.42,635.38,591.0,604.0,124541500
AAPL,2012-10-19,632.35,652.79,609.62,609.84,92572200
AAPL,2012-10-12,646.88,647.56,623.55,629.714,106894400
AAPL,2012-10-05,671.5,676.75,650.65,652.59,91450000
AAPL,2012-09-28,686.86,695.12,660.35,667.105,102295000
AAPL,2012-09-21,699.35,705.07,693.62,700.095,71663100
AAPL,2012-09-14,680.45,696.98,656.0,691.28,103680300
AAPL,2012-09-07,665.76,682.48,664.5,680.44,50897500
AAPL,2012-08-31,679.99,680.87,657.25,665.24,54937600
AAPL,2012-08-24,650.01,674.88,648.11,663.222,101746300
AAPL,2012-08-17,623.39,648.19,623.25,648.11,56201400
AAPL,2012-08-10,617.29,625.0,615.26,621.7,44779900
AAPL,2012-08-03,590.92,617.98,587.82,615.7,67966100
AAPL,2012-07-27,594.4,609.68,570.0,585.16,97892500
AAPL,2012-07-20,605.12,615.35,603.15,604.3,60068500
AAPL,2012-07-13,605.3,619.87,592.68,604.97,75005500
AAPL,2012-07-06,584.73,614.34,583.6,605.88,55182800
AAPL,2012-06-29,577.3,584.0,565.61,584.0,53151900
AAPL,2012-06-22,570.96,590.0,570.37,582.1,63270800
AAPL,2012-06-15,587.72,588.5,566.7,574.13,71466200
AAPL,2012-06-08,561.5,580.584,548.5,580.32,74069600
AAPL,2012-06-01,570.9,581.5,560.52,560.99,68664300
AAPL,2012-05-25,534.5,576.5,534.05,562.29,97700400
AAPL,2012-05-18,562.57,567.51,522.18,530.38,101406100
AAPL,2012-05-11,561.5,575.88,558.73,566.71,77529300
AAPL,2012-05-04,597.8,598.4,565.17,565.25,88038400
AAPL,2012-04-27,570.61,618.0,555.0,603.0,138973100
AAPL,2012-04-20,610.06,620.25,570.42,572.98,174876800
AAPL,2012-04-13,626.13,644.0,603.51,605.23,130637800
AAPL,2012-04-05,601.83,634.66,600.38,633.68,94542500
AAPL,2012-03-30,599.79,621.45,595.26,599.55,114200300
AAPL,2012-03-23,598.37,609.65,582.0,596.05,122010700
AAPL,2012-03-16,548.982,600.01,547.0,585.57,160792400
AAPL,2012-03-09,545.42,547.74,516.221,545.17,119759300
AAPL,2012-03-02,521.31,548.21,516.28,545.18,114820100
AAPL,2012-02-24,506.88,522.9,504.12,522.41,73999900
AAPL,2012-02-17,499.53,526.29,486.63,502.12,141574700
AAPL,2012-02-10,458.38,497.62,458.201,493.42,88894400
AAPL,2012-02-03,445.71,460.0,445.39,459.68,54088100
AAPL,2012-01-27,422.67,454.45,419.55,447.28,86989600
AAPL,2012-01-20,424.2,431.369,419.75,420.3,42692900
AAPL,2012-01-13,425.5001,427.75,418.66,419.81,46639800
AAPL,2012-01-06,409.4,422.75,409.0,422.4,41135900
AAPL,2011-12-30,403.1,409.09,400.51,405.0,31763500
AAPL,2011-12-23,382.47,403.59,380.48,403.33,46694700
AAPL,2011-12-16,391.68,395.4,377.68,381.02,61591500
AAPL,2011-12-09,393.49,396.41,386.7625,393.62,57818000
AAPL,2011-12-02,372.35,393.6299,370.2,389.7,67658700
AAPL,2011-11-25,370.4,377.93,363.32,363.57,55001200
AAPL,2011-11-18,383.5201,391.14,374.88,374.94,73741600
AAPL,2011-11-11,399.91,408.0,380.26,384.62,93855000
AAPL,2011-11-04,402.42,409.33,393.22,400.24,71009200
AAPL,2011-10-28,396.18,409.0,393.151,404.95,78799200
AAPL,2011-10-21,421.74,426.7,390.75,392.87,137222200
AAPL,2011-10-14,379.09,422.0,378.21,422.0,95358600
AAPL,2011-10-07,380.37,384.78,354.24,369.8,144188800
AAPL,2011-09-30,399.86,409.25,381.18,381.32,109776400
AAPL,2011-09-23,397.0,422.86,395.2045,404.3,132869600
AAPL,2011-09-16,375.89,400.503,371.9,400.5,91408900
AAPL,2011-09-09,367.37,388.61,366.48,377.48,65758800
AAPL,2011-09-02,388.18,392.08,371.83,374.05,76015800
AAPL,2011-08-26,364.51,383.8,355.09,383.58,118972900
AAPL,2011-08-19,379.63,384.97,356.0,356.03,108167100
AAPL,2011-08-12,361.69,379.64,353.02,376.99,156286400
AAPL,2011-08-05,397.78,399.5,362.57,373.62,145031500
AAPL,2011-07-29,390.35,404.5,384.0,390.48,105440400
AAPL,2011-07-22,365.43,396.27,365.28,393.3,120585800
AAPL,2011-07-15,356.34,365.0,348.62,364.92,78604400
AAPL,2011-07-08,343.0,360.0,342.5,359.71,60320600
AAPL,2011-07-01,327.59,343.5,327.25,343.26,62318800
AAPL,2011-06-24,317.355,333.15,310.5,326.35,90149200
AAPL,2011-06-17,327.2,333.25,318.33,320.26,78173200
AAPL,2011-06-10,344.84,347.05,325.51,325.9,72660500
AAPL,2011-06-03,341.1,352.132,341.0,343.44,58016800
AAPL,2011-05-27,329.97,338.56,329.42,337.41,50925400
AAPL,2011-05-20,339.2,342.414,330.73,335.22,65572300
AAPL,2011-05-13,347.86,350.0,340.35,340.5,52534100
AAPL,2011-05-06,349.74,351.83,345.5,346.66,62907700
AAPL,2011-04-29,350.34,354.99,345.52,350.13,83173700
AAPL,2011-04-21,326.1,355.13,320.16,350.696,88705500
AAPL,2011-04-15,334.06,336.14,326.8,327.46,68793300
AAPL,2011-04-08,344.31,344.6,333.95,335.06,74869200
AAPL,2011-04-01,353.15,354.32,343.3,344.56,60155100
AAPL,2011-03-25,335.99,352.06,335.26,351.54,70069400
AAPL,2011-03-18,353.18,356.4844,326.26,330.67,133274500
AAPL,2011-03-11,361.4,361.67,344.9,351.99,83370200
AAPL,2011-03-04,351.24,360.29,347.681,360.0,86280600
AAPL,2011-02-25,342.15,348.43,337.72,348.16,86583200
AAPL,2011-02-18,356.79,364.9,349.52,350.56,86513900
AAPL,2011-02-11,347.89,360.0,347.64,356.85,94461800
AAPL,2011-02-04,335.8,346.7,334.3,346.5,63516900
AAPL,2011-01-28,326.87,345.6,326.72,336.1,89482500
AAPL,2011-01-21,329.52,348.6,326.0,326.72,161992900
AAPL,2011-01-14,338.83,348.48,337.17,348.48,64317100
AAPL,2011-01-07,325.64,336.35,324.8365,336.12,57932100
AAPL,2010-12-31,322.8519,326.66,321.31,322.56,33567200
AAPL,2010-12-23,321.6,325.72,318.23,323.6,40394400
AAPL,2010-12-17,324.37,325.06,319.0,320.61,68467700
AAPL,2010-12-10,318.64,323.99,317.11,320.56,61376200
AAPL,2010-12-03,315.5,319.0,310.87,317.44,79083000
AAPL,2010-11-26,306.68,317.6999,305.87,315.0,55851200
AAPL,2010-11-19,308.46,310.54,297.76,306.73,86430000
AAPL,2010-11-12,317.2,321.3,303.63,308.03,78809300
AAPL,2010-11-05,302.22,320.18,302.2,317.13,84639600
AAPL,2010-10-29,309.09,311.6,300.87,300.98,77355600
AAPL,2010-10-22,318.47,319.0,300.02,307.47,141844900
AAPL,2010-10-15,294.74,315.0,292.49,314.74,106210000
AAPL,2010-10-08,281.6,294.5,277.77,294.07,95533600
AAPL,2010-10-01,293.975,294.73,275.0,282.52,111037700
AAPL,2010-09-24,276.08,293.53,275.85,292.32,119558800
AAPL,2010-09-17,265.82,277.96,265.52,275.37,89745700
AAPL,2010-09-10,256.64,266.52,256.25,263.41,60543800
AAPL,2010-09-03,240.76,258.78,240.35,258.77,87047500
AAPL,2010-08-27,251.79,252.0,235.56,241.62,93870400
AAPL,2010-08-20,247.58,254.67,246.62,249.64,67560800
AAPL,2010-08-13,261.48,262.15,246.12,249.1,80889000
AAPL,2010-08-06,260.44,264.28,257.63,260.091,71431400
AAPL,2010-07-30,260.0,265.99,254.9,257.25,93475900
AAPL,2010-07-23,249.88,265.15,239.6,259.94,159421700
AAPL,2010-07-16,258.53,261.85,246.43,249.9,158234800
AAPL,2010-07-09,251.0,262.9,246.16,259.62,87187800
AAPL,2010-07-02,266.93,269.75,243.2,246.94,149088700
AAPL,2010-06-25,277.69,279.01,265.81,266.7,125943900
AAPL,2010-06-18,255.96,275.0,254.01,274.074,129613900
AAPL,2010-06-11,258.29,259.15,242.2,253.51,145159200
AAPL,2010-06-04,259.69,265.94,254.63,255.965,106194000
AAPL,2010-05-28,247.28,259.4,237.16,256.88,147671300
AAPL,2010-05-21,254.7,258.55,231.35,242.32,181358800
AAPL,2010-05-14,250.25,265.0,248.53,253.82,137381000
AAPL,2010-05-07,263.84,267.88,199.25,235.86,179398000
AAPL,2010-04-30,271.88,272.46,256.41,261.09,108861400
AAPL,2010-04-23,247.03,272.18,241.77,270.83,138500800
AAPL,2010-04-16,242.2,251.14,241.11,247.4,77523000
AAPL,2010-04-09,234.975,241.92,234.77,241.79,95257100
AAPL,2010-04-01,233.0,238.73,231.62,235.97,75066400
AAPL,2010-03-26,220.47,231.95,220.15,230.9,101421100
AAPL,2010-03-19,225.38,226.45,220.25,222.2499,81890100
AAPL,2010-03-12,220.01,227.73,217.89,226.6,98871100
AAPL,2010-03-05,205.75,219.7,205.45,218.95,98369800
AAPL,2010-02-26,202.34,205.17,195.71,204.62,92814700
AAPL,2010-02-19,201.94,204.31,200.86,201.67,64943900
AAPL,2010-02-12,195.69,201.64,194.0,200.38,95976200
AAPL,2010-02-05,192.37,200.2,190.85,195.46,131125200
AAPL,2010-01-29,202.51,213.71,190.25,192.063,252672600
AAPL,2010-01-22,208.33,215.55,197.16,197.75,101145800
AAPL,2010-01-15,212.8,213.0,204.1,205.93,96055100
AAPL,2010-01-08,213.43,215.59,209.05,211.98,91876300
AAPL,2009-12-31,211.72,213.95,208.31,210.732,66223800
AAPL,2009-12-24,196.05,209.35,195.67,209.04,64565600
AAPL,2009-12-18,195.37,197.51,191.0,195.43,80923000
AAPL,2009-12-11,193.32,199.7,188.68,194.67,107478000
AAPL,2009-12-04,201.11,202.77,190.28,193.32,102910200
AAPL,2009-11-27,203.0,206.0,198.37,200.59,49108800
AAPL,2009-11-20,205.48,208.0,197.76,199.92,78751200
AAPL,2009-11-13,196.94,205.0,196.26,204.45,74317600
AAPL,2009-11-06,189.8,195.19,185.57,194.34,84605500
AAPL,2009-10-30,203.67,206.75,186.0667,188.5,119538300
AAPL,2009-10-23,187.85,208.7099,185.55,203.94,160327700
AAPL,2009-10-16,191.02,192.32,187.84,188.05,64876400
AAPL,2009-10-09,186.2,191.45,184.2701,190.47,79477500
AAPL,2009-10-02,183.87,187.4,180.7,184.9,82158400
AAPL,2009-09-25,184.29,188.9,181.44,182.37,85148300
AAPL,2009-09-18,170.83,186.79,170.25,185.02,104095000
AAPL,2009-09-11,172.98,174.47,169.7,172.16,70222500
AAPL,2009-09-04,168.16,170.7,164.11,170.31,64757100
AAPL,2009-08-28,170.12,172.49,164.83,170.05,69220200
AAPL,2009-08-21,163.55,169.37,159.42,169.22,75961100
AAPL,2009-08-14,165.66,168.67,161.88,166.78,65946600
AAPL,2009-08-07,165.21,167.39,163.09,165.51,69364500
AAPL,2009-07-31,160.17,165.0,157.26,163.39,73970200
AAPL,2009-07-24,153.27,160.0,149.75,159.986,123204900
AAPL,2009-07-17,139.54,152.02,137.53,151.75,82573600
AAPL,2009-07-10,138.7,139.68,134.42,138.52,83018400
AAPL,2009-07-02,143.46,144.66,139.79,140.02,63803500
AAPL,2009-06-26,140.67,143.56,132.88,142.44,101993000
AAPL,2009-06-19,136.01,139.5,134.53,139.48,99125200
AAPL,2009-06-12,143.82,144.56,136.04,136.97,120898200
AAPL,2009-06-05,136.47,146.4,136.0,144.67,94902600
AAPL,2009-05-29,124.76,135.9,124.55,135.81,79551300
AAPL,2009-05-22,123.73,129.31,121.57,122.5,68778300
AAPL,2009-05-15,127.37,130.96,119.38,122.42,86625200
AAPL,2009-05-08,128.24,133.5,126.26,129.19,88603300
AAPL,2009-05-01,122.9,127.95,122.66,127.24,81809400
AAPL,2009-04-24,121.73,127.2,118.6,123.9,120065700
AAPL,2009-04-17,120.01,124.25,115.76,123.42,83845800
AAPL,2009-04-09,114.94,120.0,113.28,119.57,77894000
AAPL,2009-04-03,104.51,116.13,102.61,115.99,111102000
AAPL,2009-03-27,102.71,109.98,101.75,106.85,109384000
AAPL,2009-03-20,96.45,103.48,94.18,101.59,127703400
AAPL,2009-03-13,84.12,97.2,82.57,95.93,134234100
AAPL,2009-03-06,89.31,92.77,82.33,85.3,141240000
AAPL,2009-02-27,91.6,92.92,86.51,89.31,134416700
AAPL,2009-02-20,96.79,97.04,89.0,91.2,108433500
AAPL,2009-02-13,101.165,103.0,95.77,99.16,130900400
AAPL,2009-02-06,89.1,100.0,88.9,99.72,121515500
AAPL,2009-01-30,88.88,95.0,88.3,90.13,121996100
AAPL,2009-01-23,81.93,90.0,78.2,88.36,149374400
AAPL,2009-01-16,90.46,90.99,80.05,82.33,189894200
AAPL,2009-01-09,93.17,97.17,90.04,90.58,158725500
AAPL,2009-01-02,86.52,91.04,84.72,90.75,107398500
AAPL,2008-12-26,90.02,90.03,84.55,85.81,73551100
AAPL,2008-12-19,95.99,96.48,88.02,90.0,176373600
AAPL,2008-12-12,97.28,103.6,92.53,98.27,193159900
AAPL,2008-12-05,91.3,96.23,86.5,94.0,198083400
AAPL,2008-11-28,85.21,95.25,84.84,92.67,138398600
AAPL,2008-11-21,88.48,91.58,79.14,82.58,243936000
AAPL,2008-11-14,100.17,100.4,86.02,90.24,242381800
AAPL,2008-11-07,105.93,111.79,95.72,98.24,218835800
AAPL,2008-10-31,95.07,112.19,91.86,107.59,288990300
AAPL,2008-10-24,99.78,101.25,90.11,96.38,330611700
AAPL,2008-10-17,104.55,116.4,85.885,97.4,315964100
AAPL,2008-10-10,91.96,101.5,85.0,96.8,358236200
AAPL,2008-10-03,119.62,119.68,94.65,97.07,337463800
AAPL,2008-09-26,139.94,140.25,123.0,128.24,189878200
AAPL,2008-09-19,142.03,147.69,120.68,140.91,229573400
AAPL,2008-09-12,164.57,164.89,146.0,148.94,179582500
AAPL,2008-09-05,172.4,173.5,157.65,160.18,108781000
AAPL,2008-08-29,176.15,176.25,169.0401,169.53,87086800
AAPL,2008-08-22,175.57,177.81,171.81,176.79,94804500
AAPL,2008-08-15,170.07,180.45,169.67,175.74,142481500
AAPL,2008-08-08,156.58,169.65,152.91,169.55,123524200
AAPL,2008-08-01,162.18,162.47,153.65,156.66,120432300
AAPL,2008-07-25,166.9,168.37,146.53,162.12,206253100
AAPL,2008-07-18,175.37,179.3,165.0,165.15,153565300
AAPL,2008-07-11,173.0,180.91,171.0,172.58,156257800
AAPL,2008-07-03,170.04,177.45,164.0,170.12,112727100
AAPL,2008-06-27,174.78,178.83,164.15,170.09,136572800
AAPL,2008-06-20,171.25,182.34,169.07,175.27,158684700
AAPL,2008-06-13,184.92,186.78,165.31,172.37,237327700
AAPL,2008-06-06,188.5,189.95,182.3354,185.64,138543300
AAPL,2008-05-30,182.8,189.54,181.84,188.75,99687700
AAPL,2008-05-23,187.9,188.69,172.0,181.17,185249300
AAPL,2008-05-16,185.12,192.24,182.85,187.6201,149914300
AAPL,2008-05-09,181.81,188.2,180.54,183.45,160811400
AAPL,2008-05-02,169.74,181.92,169.13,180.94,169995500
AAPL,2008-04-25,162.35,171.1,158.09,169.73,238266300
AAPL,2008-04-18,146.77,162.26,144.54,161.04,145354700
AAPL,2008-04-11,156.13,159.69,146.4,147.14,186137800
AAPL,2008-04-04,143.27,154.715,142.52,153.08,169699500
AAPL,2008-03-28,134.01,145.74,133.64,143.01,179137000
AAPL,2008-03-20,122.55,134.29,122.55,133.27,149894400
AAPL,2008-03-14,121.98,130.3,119.37,126.61,201496600
AAPL,2008-03-07,124.44,127.5,118.0,122.25,260872300
AAPL,2008-02-29,118.59,132.2,115.44,125.02,253947700
AAPL,2008-02-22,125.99,126.75,115.87,119.46,158588500
AAPL,2008-02-15,128.01,131.0,123.62,124.63,187548000
AAPL,2008-02-08,134.21,135.9,117.27,125.48,251887600
AAPL,2008-02-01,128.16,136.65,126.45,133.75,220510600
AAPL,2008-01-25,148.06,159.98,126.14,130.01,334583200
AAPL,2008-01-18,177.52,179.42,156.7,161.36,326420600
AAPL,2008-01-11,181.25,183.6,168.3,172.69,290184000
AAPL,2008-01-04,199.5,200.5,178.89,180.05,139871800
AAPL,2007-12-28,195.03,202.96,194.79,199.83,95682500
AAPL,2007-12-21,190.72,193.9125,178.6,193.91,172956900
AAPL,2007-12-14,193.59,200.0,185.76,190.39,164210500
AAPL,2007-12-07,181.86,194.99,176.99,194.3,164055300
AAPL,2007-11-30,173.59,187.7,170.01,182.22,214729500
AAPL,2007-11-23,166.1,172.35,162.1,171.54,156487100
AAPL,2007-11-16,165.28,177.57,150.63,166.39,279592300
AAPL,2007-11-09,185.29,192.68,165.21,165.37,220356800
AAPL,2007-11-02,185.7,190.12,180.0,187.87,147158200
AAPL,2007-10-26,170.35,188.6,169.9601,184.7,229058000
AAPL,2007-10-19,167.98,174.63,163.5,170.42,192458200
AAPL,2007-10-12,163.49,171.88,153.21,167.2537,187141900
AAPL,2007-10-05,154.63,161.58,152.93,161.4499,140074500
AAPL,2007-09-28,146.73,155.0,146.65,153.47,160474300
AAPL,2007-09-21,138.99,144.65,137.6,144.15,168395100
AAPL,2007-09-14,137.0,139.4,133.75,138.81,169499200
AAPL,2007-09-07,139.94,145.84,130.0,131.77,249175100
AAPL,2007-08-31,133.3907,139.65,126.63,138.48,191647700
AAPL,2007-08-24,123.96,135.37,120.5,135.3,176671500
AAPL,2007-08-17,128.33,129.35,111.62,122.06,198090100
AAPL,2007-08-10,132.9,137.24,120.3,125.0,186405300
AAPL,2007-08-03,144.33,145.45,127.77,131.8499,219691800
AAPL,2007-07-27,143.31,148.92,134.15,143.85,274131900
AAPL,2007-07-20,138.39,144.18,136.04,143.75,153699800
AAPL,2007-07-13,132.38,137.85,128.81,137.73,167314800
AAPL,2007-07-06,121.05,133.34,119.3,132.3,160181800
AAPL,2007-06-29,124.19,125.09,118.72,122.04,187896100
AAPL,2007-06-22,123.28,125.18,120.72,123.0,151788000
AAPL,2007-06-15,126.0,126.15,115.4,120.5,243095100
AAPL,2007-06-08,118.63,127.61,117.9,124.49,217016500
AAPL,2007-06-01,114.45,122.17,112.69,118.4,153802400
AAPL,2007-05-25,110.31,115.0,110.05,113.62,130142800
AAPL,2007-05-18,109.62,110.64,103.42,110.02,146066600
AAPL,2007-05-11,101.08,109.13,101.01,108.74,150509500
AAPL,2007-05-04,100.09,101.6,98.55,100.81,93294400
AAPL,2007-04-27,91.585,102.5,91.3,99.92,194995300
AAPL,2007-04-20,90.57,92.3,89.6,90.97,99060400
AAPL,2007-04-13,95.21,95.3,90.0599,90.24,96123000
AAPL,2007-04-05,94.14,95.23,93.02,94.68,68508100
AAPL,2007-03-30,93.99,96.83,92.23,92.91,145202100
AAPL,2007-03-23,90.24,94.36,89.59,93.52,103612500
AAPL,2007-03-16,88.07,90.6,87.92,89.59,125896000
AAPL,2007-03-09,85.89,88.97,85.76,87.97,112543500
AAPL,2007-03-02,89.84,90.0,83.0,85.41,177023800
AAPL,2007-02-23,84.65,90.81,84.16,89.07,111754800
AAPL,2007-02-16,84.43,85.64,83.63,84.83,92020300
AAPL,2007-02-09,84.3,86.51,82.86,83.27,144630100
AAPL,2007-02-02,86.3,86.65,83.7,84.75,129342000
AAPL,2007-01-26,89.14,89.16,84.99,85.38,195789700
AAPL,2007-01-19,95.68,97.6,88.12,88.5,236407700
AAPL,2007-01-12,85.96,97.8,85.15,94.62,351865300
AAPL,2007-01-05,86.29,86.58,81.9,85.05,104297200
AAPL,2006-12-29,82.15,85.4,76.77,84.84,165098200
AAPL,2006-12-22,87.625,88.0,81.6,82.2,132770600
AAPL,2006-12-15,88.9,90.0,85.53,87.72,141275800
AAPL,2006-12-08,91.88,92.33,86.9,88.26,135702300
AAPL,2006-12-01,92.51,93.159,89.5,91.32,176202100
AAPL,2006-11-24,85.4,93.08,85.2,91.63,85145700
AAPL,2006-11-17,83.22,86.3,82.64,85.85,101975600
AAPL,2006-11-10,78.95,84.69,78.43,83.12,105298000
AAPL,2006-11-03,79.985,81.68,77.79,78.29,89641300
AAPL,2006-10-27,79.99,82.6,79.75,80.41,100309200
AAPL,2006-10-20,75.19,79.99,73.91,79.95,152711300
AAPL,2006-10-13,73.8,76.88,72.6,75.02,100668500
AAPL,2006-10-06,75.1,76.16,73.16,74.22,124402600
AAPL,2006-09-29,73.81,77.78,73.72,76.98,139347700
AAPL,2006-09-22,73.8,76.06,72.58,73.0,132048400
AAPL,2006-09-15,72.43,74.98,71.42,74.1,198697600
AAPL,2006-09-08,68.97,73.57,68.55,72.52,148230000
AAPL,2006-09-01,68.5,68.65,65.12,68.38,119601000
AAPL,2006-08-25,67.3,69.05,66.15,68.75,101378700
AAPL,2006-08-18,64.05,68.66,63.6,67.91,124205700
AAPL,2006-08-11,67.72,69.6,62.58,63.65,166946600
AAPL,2006-08-04,66.83,70.0,64.96,68.3,173188800
AAPL,2006-07-28,61.26,65.68,60.43,65.59,129889500
AAPL,2006-07-21,51.73,61.59,51.65,60.72,224277600
AAPL,2006-07-14,55.7,56.49,50.16,50.67,161594300
AAPL,2006-07-07,57.52,58.18,54.67,55.4,76627900
AAPL,2006-06-30,59.17,59.22,55.41,57.27,124319500
AAPL,2006-06-23,57.83,60.17,57.0,58.83,138095800
AAPL,2006-06-16,58.83,59.74,56.69,57.56,168037500
AAPL,2006-06-09,61.15,61.56,57.15,59.52,151987500
AAPL,2006-06-02,63.29,63.3,58.69,61.66,124024100
AAPL,2006-05-26,63.87,65.19,61.56,63.549,115205100
AAPL,2006-05-19,67.37,68.38,62.82,64.51,138015000
AAPL,2006-05-12,72.99,73.8,66.86,67.7,108602500
AAPL,2006-05-05,70.78,72.89,69.16,71.89,129763100
AAPL,2006-04-28,66.92,71.3,65.5,70.39,126891500
AAPL,2006-04-21,66.51,70.0,64.35,67.04,180670900
AAPL,2006-04-13,70.24,70.93,65.81,66.469,118478700
AAPL,2006-04-07,63.66,72.05,61.05,69.79,292504700
AAPL,2006-03-31,60.23,63.61,57.67,62.72,251115600
AAPL,2006-03-24,65.21,65.46,59.03,59.96,207018200
AAPL,2006-03-17,65.61,68.04,64.11,64.66,141317300
AAPL,2006-03-10,67.6,67.72,62.45,63.19,152901500
AAPL,2006-03-03,72.02,72.4,67.53,67.72,149463600
AAPL,2006-02-24,70.63,73.0,68.0,71.46,112482400
AAPL,2006-02-17,66.52,71.01,64.64,70.29,168870800
AAPL,2006-02-10,72.16,72.51,62.9,67.31,246569800
AAPL,2006-02-03,71.28,76.6,70.87,71.847,151163400
AAPL,2006-01-27,76.1,79.56,71.1,72.03,200465100
AAPL,2006-01-20,85.7,86.38,75.83,76.089,173816700
AAPL,2006-01-13,76.73,86.4,75.74,85.5899,232350700
AAPL,2006-01-06,72.332,76.7,72.25,76.3,92168500
AAPL,2005-12-30,74.0,75.18,70.34,71.89,75106900
AAPL,2005-12-23,71.11,74.49,71.04,73.35,74450300
AAPL,2005-12-16,74.87,75.46,70.27,71.11,132209300
AAPL,2005-12-09,71.95,74.83,71.49,74.3305,123787400
AAPL,2005-12-02,70.72,72.74,67.35,72.63,150510100
AAPL,2005-11-25,64.82,69.54,63.72,69.34,69030700
AAPL,2005-11-18,61.54,65.88,60.91,64.56,103302000
AAPL,2005-11-11,60.85,62.11,59.01,61.54,98440000
AAPL,2005-11-04,55.2,62.32,54.75,61.15,153928900
AAPL,2005-10-28,55.25,57.56,54.17,54.47,103135800
AAPL,2005-10-21,53.98,56.98,51.21,55.66,156771200
AAPL,2005-10-14,51.84,54.35,47.87,54.0,261857300
AAPL,2005-10-07,54.16,55.35,50.55,51.3,110471500
AAPL,2005-09-30,54.03,54.56,50.59,53.61,113653200
AAPL,2005-09-23,51.05,53.81,51.05,53.2,109303300
AAPL,2005-09-16,51.1,51.63,49.33,51.21,86652400
AAPL,2005-09-09,46.69,51.35,46.55,51.31,110713400
AAPL,2005-09-02,45.27,47.17,45.26,46.22,62741400
AAPL,2005-08-26,46.15,47.12,45.26,45.74,64025700
AAPL,2005-08-19,46.48,48.33,45.75,45.83,105114400
AAPL,2005-08-12,43.0,46.22,42.61,46.1,75221000
AAPL,2005-08-05,42.6,43.5,42.02,42.99,49310100
AAPL,2005-07-29,43.99,44.38,42.26,42.65,59298600
AAPL,2005-07-22,41.41,44.04,41.07,44.0,86290200
AAPL,2005-07-15,38.37,42.01,37.78,41.55,151585900
AAPL,2005-07-08,36.6,38.28,36.5,38.25,54405500
AAPL,2005-07-01,36.84,38.1,36.12,36.5,73829300
AAPL,2005-06-24,37.85,39.78,37.38,37.76,78719000
AAPL,2005-06-17,35.89,38.54,35.75,38.31,88955800
AAPL,2005-06-10,38.33,38.63,35.52,35.81,108229500
AAPL,2005-06-03,40.66,40.76,37.77,38.24,78173600
AAPL,2005-05-27,37.85,40.94,37.85,40.56,102627500
AAPL,2005-05-20,34.56,37.68,34.53,37.55,105184800
AAPL,2005-05-13,37.24,37.45,33.11,34.77,161103400
AAPL,2005-05-06,36.21,37.33,36.02,37.24,75873200
AAPL,2005-04-29,36.49,37.51,35.22,36.06,122056900
AAPL,2005-04-22,35.03,37.74,34.0,35.5,176881200
AAPL,2005-04-15,44.22,44.25,35.28,35.35,273426800
AAPL,2005-04-08,40.99,44.45,40.16,43.74,96714900
AAPL,2005-04-01,42.75,42.96,40.57,40.89,86040900
AAPL,2005-03-24,43.29,43.97,42.02,42.5,73395400
AAPL,2005-03-18,40.52,43.44,39.52,42.96,126924200
AAPL,2005-03-11,42.8,43.25,38.83,40.27,150160300
AAPL,2005-03-04,44.68,45.14,41.22,42.81,122158100
AAPL,2005-02-25,86.3,89.91,85.29,88.99,89268100
AAPL,2005-02-18,83.16,90.88,82.05,86.81,141154500
AAPL,2005-02-11,78.93,81.99,76.66,81.21,87500100
AAPL,2005-02-04,74.58,79.91,74.51,78.84,83477900
AAPL,2005-01-28,70.98,73.98,70.55,73.98,68717800
AAPL,2005-01-21,69.74,71.6,69.21,70.49,64010900
AAPL,2005-01-14,69.9,74.42,63.3,70.2,199858900
AAPL,2005-01-07,64.78,69.63,62.6,69.25,96468600
AAPL,2004-12-31,64.64,65.15,62.05,64.4,40084600
AAPL,2004-12-23,65.48,66.0,61.6,64.01,54362500
AAPL,2004-12-17,65.74,67.5,64.6,64.99,55691700
AAPL,2004-12-10,64.31,66.73,62.05,65.15,80607100
AAPL,2004-12-03,69.0,69.57,61.75,62.68,103005000
AAPL,2004-11-26,58.04,65.76,57.9,64.55,96796300
AAPL,2004-11-19,55.08,56.91,54.22,55.17,40952300
AAPL,2004-11-12,54.53,55.69,53.38,55.5,41327900
AAPL,2004-11-05,52.5,56.11,52.04,54.72,83390800
AAPL,2004-10-29,47.19,53.2,46.97,52.4,68839000
AAPL,2004-10-22,44.79,48.35,44.7,47.41,68132600
AAPL,2004-10-15,38.8,45.75,37.65,45.5,102618300
AAPL,2004-10-08,39.01,40.93,38.4,39.06,39498700
AAPL,2004-10-01,36.97,39.27,36.83,38.67,34189800
AAPL,2004-09-24,36.9,38.87,36.81,37.29,32147000
AAPL,2004-09-17,35.86,37.38,34.78,37.14,31673100
AAPL,2004-09-10,35.4,36.57,35.23,35.87,25622100
AAPL,2004-09-03,34.02,35.99,33.96,35.23,32325400
AAPL,2004-08-27,30.86,35.18,30.6,34.35,44269400
AAPL,2004-08-20,30.88,31.86,30.35,30.8,32661600
AAPL,2004-08-13,29.85,31.54,29.81,30.84,27116500
AAPL,2004-08-06,31.18,32.3,29.7,29.78,28392900
AAPL,2004-07-30,30.85,33.0,30.78,32.34,28020900
AAPL,2004-07-23,32.05,32.71,30.48,30.7,31533300
AAPL,2004-07-16,30.01,33.63,28.74,32.2,69994700
AAPL,2004-07-09,31.27,31.42,29.95,30.03,21236000
AAPL,2004-07-02,33.9,34.19,29.73,31.08,48880700
AAPL,2004-06-25,33.1,33.83,32.12,33.7,30670300
AAPL,2004-06-18,30.65,33.409,29.5,32.91,45639900
AAPL,2004-06-10,29.04,30.97,28.81,30.74,23540700
AAPL,2004-06-04,27.79,29.25,27.61,28.78,20551600
AAPL,2004-05-28,27.25,28.78,27.11,28.06,22490000
AAPL,2004-05-21,26.7,27.5,26.36,27.11,22469500
AAPL,2004-05-14,26.27,27.72,25.94,27.06,23004000
AAPL,2004-05-07,26.0,27.57,25.5,26.67,26755700
AAPL,2004-04-30,27.58,27.635,25.49,25.78,29883100
AAPL,2004-04-23,28.12,28.75,27.05,27.7,36663600
AAPL,2004-04-16,27.5,29.58,26.31,29.18,61983000
AAPL,2004-04-08,27.48,28.37,26.92,27.53,20351800
AAPL,2004-04-02,27.4,27.99,26.62,27.5,30249800
AAPL,2004-03-26,25.37,27.36,25.22,27.04,39626800
AAPL,2004-03-19,27.03,27.35,25.39,25.86,39790000
AAPL,2004-03-12,26.79,28.14,25.75,27.56,54879900
AAPL,2004-03-05,24.09,27.49,23.6,26.74,53648600
AAPL,2004-02-27,22.45,24.02,21.8899,23.92,24940300
AAPL,2004-02-20,23.1,23.64,22.21,22.4,16308500
AAPL,2004-02-13,22.62,24.1,22.44,23.0,23073500
AAPL,2004-02-06,22.46,22.91,21.7,22.71,23571100
AAPL,2004-01-30,22.46,23.38,22.19,22.56,22352500
AAPL,2004-01-23,22.67,22.97,22.18,22.56,17406800
AAPL,2004-01-16,23.16,24.84,22.5,22.72,56743500
AAPL,2004-01-09,21.42,24.13,21.42,23.0,42482200
AAPL,2004-01-02,20.91,21.75,20.86,21.28,13525100
AAPL,2003-12-26,19.65,20.91,19.25,20.78,17263100
AAPL,2003-12-19,21.49,21.49,19.62,19.7,32528600
AAPL,2003-12-12,20.78,21.34,19.96,20.89,16616600
AAPL,2003-12-05,21.04,21.9,20.73,20.85,20040100
AAPL,2003-11-28,20.5,21.27,20.249,20.91,17351900
AAPL,2003-11-21,21.35,21.37,19.85,20.28,23597500
AAPL,2003-11-14,22.45,22.72,21.28,21.46,21413800
AAPL,2003-11-07,22.83,23.3,22.45,22.5,26460100
AAPL,2003-10-31,22.75,24.0,22.4,22.89,20705700
AAPL,2003-10-24,22.6,23.4,22.23,22.6,17897500
AAPL,2003-10-17,23.73,25.011,22.41,22.75,44658600
AAPL,2003-10-10,21.67,23.81,21.58,23.68,29245700
AAPL,2003-10-03,21.49,21.86,20.19,21.69,24837500
AAPL,2003-09-26,22.18,22.5,20.149,20.69,27414100
AAPL,2003-09-19,22.81,23.05,21.855,22.58,22216300
AAPL,2003-09-12,22.48,23.14,22.1,23.1,17253200
AAPL,2003-09-05,22.66,23.32,22.4,22.5,16979900
AAPL,2003-08-29,20.78,22.85,20.35,22.61,19843300
AAPL,2003-08-22,19.86,22.0,19.72,20.88,19736900
AAPL,2003-08-15,19.82,20.34,19.46,19.71,16150200
AAPL,2003-08-08,20.53,21.5,19.42,19.64,18518900
AAPL,2003-08-01,21.5,21.505,20.17,20.73,17716800
AAPL,2003-07-25,20.69,21.57,20.2999,21.54,17342700
AAPL,2003-07-18,20.01,21.18,19.38,20.859,30286300
AAPL,2003-07-11,19.27,20.5,19.13,19.85,19008000
AAPL,2003-07-03,18.68,19.55,18.51,19.13,15468100
AAPL,2003-06-27,19.301,19.69,18.48,18.73,29983100
AAPL,2003-06-20,17.6,19.61,17.45,19.2,28733000
AAPL,2003-06-13,16.94,17.95,16.63,17.42,19741900
AAPL,2003-06-06,18.1,18.29,17.02,17.15,26741700
AAPL,2003-05-30,17.96,18.9,17.53,17.95,24041500
AAPL,2003-05-23,18.53,18.65,17.6,18.32,27719600
AAPL,2003-05-16,18.15,19.0,17.95,18.8,33005000
AAPL,2003-05-09,14.77,18.4,14.75,18.3,96441100
AAPL,2003-05-02,13.48,14.59,13.43,14.45,39592000
AAPL,2003-04-25,13.13,13.63,12.98,13.35,21303500
AAPL,2003-04-17,13.71,13.75,12.72,13.12,43560000
AAPL,2003-04-11,14.85,14.95,12.93,13.2,35220200
AAPL,2003-04-04,14.34,14.7,14.04,14.41,15609000
AAPL,2003-03-28,14.67,14.83,14.3,14.57,13836400
AAPL,2003-03-21,14.89,15.15,14.6,15.0,22006000
AAPL,2003-03-14,14.51,15.01,14.06,14.78,17979800
AAPL,2003-03-07,15.01,15.16,14.31,14.53,13530400
AAPL,2003-02-28,14.86,15.09,13.8,15.01,16704100
AAPL,2003-02-21,14.75,15.3,14.65,15.0,16304700
AAPL,2003-02-14,14.26,14.72,14.06,14.67,18091900
AAPL,2003-02-07,14.41,14.93,14.07,14.15,22369000
AAPL,2003-01-31,13.68,15.07,13.65,14.36,32124800
AAPL,2003-01-24,14.21,14.41,13.56,13.8,17898600
AAPL,2003-01-17,14.9,14.9,14.08,14.1,27906500
AAPL,2003-01-10,15.03,15.38,14.44,14.72,24158500
AAPL,2003-01-03,14.08,14.93,13.84,14.9,12225900
AAPL,2002-12-27,14.16,14.81,14.01,14.06,5904000
AAPL,2002-12-20,14.81,15.19,13.78,14.14,23046500
AAPL,2002-12-13,14.94,15.55,14.65,14.79,19862800
AAPL,2002-12-06,15.9,16.1,14.5,14.95,25734400
AAPL,2002-11-29,16.03,16.14,15.27,15.5,15534300
AAPL,2002-11-22,16.19,16.44,15.01,16.01,21975200
AAPL,2002-11-15,15.75,16.41,15.12,15.95,16271700
AAPL,2002-11-08,16.5,17.38,15.52,15.84,23752600
AAPL,2002-11-01,15.55,16.5,14.96,16.36,24371800
AAPL,2002-10-25,14.26,15.45,14.0,15.42,19991500
AAPL,2002-10-18,14.55,15.25,13.93,14.34,29734700
AAPL,2002-10-11,13.97,14.78,13.36,14.51,29844300
AAPL,2002-10-04,14.4,14.63,14.0,14.03,21753400
AAPL,2002-09-27,14.76,15.19,14.4,14.72,21140200
AAPL,2002-09-20,14.14,15.09,14.12,14.87,28607400
AAPL,2002-09-13,14.28,14.6,14.05,14.17,20766200
AAPL,2002-09-06,14.49,14.78,14.05,14.38,19738700
AAPL,2002-08-30,15.95,15.95,14.51,14.75,18890400
AAPL,2002-08-23,15.78,16.25,15.45,15.73,18342300
AAPL,2002-08-16,14.9,16.1,14.54,15.81,25286100
AAPL,2002-08-09,14.51,15.38,13.97,15.0,22189600
AAPL,2002-08-02,14.48,15.51,14.25,14.45,24080600
AAPL,2002-07-26,14.75,15.22,13.8,14.34,34365000
AAPL,2002-07-19,17.43,18.6,14.53,14.96,51837800
AAPL,2002-07-12,18.52,18.79,16.97,17.5,26107200
AAPL,2002-07-05,17.71,18.75,16.75,18.74,15867100
AAPL,2002-06-28,16.77,17.82,15.98,17.72,32385800
AAPL,2002-06-21,20.24,20.63,16.79,16.85,57665200
AAPL,2002-06-14,21.48,21.84,18.11,20.1,34513800
AAPL,2002-06-07,23.39,23.45,20.93,21.4,30935500
AAPL,2002-05-31,23.69,24.44,23.28,23.3,16667500
AAPL,2002-05-24,24.57,25.24,23.32,24.15,24595600
AAPL,2002-05-17,23.52,25.98,22.94,25.01,28419400
AAPL,2002-05-10,23.35,24.52,22.14,23.32,24805500
AAPL,2002-05-03,23.16,24.38,23.09,23.51,22108600
AAPL,2002-04-26,24.84,24.93,23.0,23.01,20402300
AAPL,2002-04-19,25.06,26.17,24.8,24.98,37273500
AAPL,2002-04-12,24.16,25.2,23.78,25.06,25098600
AAPL,2002-04-05,24.7,25.19,23.28,24.74,22039600
AAPL,2002-03-28,24.07,24.09,23.0,23.67,13514800
AAPL,2002-03-22,24.95,25.3,23.26,24.09,29638700
AAPL,2002-03-15,24.6,25.14,23.88,24.95,20996500
AAPL,2002-03-08,23.26,25.09,22.76,24.66,24592700
AAPL,2002-03-01,22.85,24.72,20.94,23.45,45054800
AAPL,2002-02-22,23.76,23.9,21.45,22.74,27302300
AAPL,2002-02-15,23.93,25.24,23.74,23.9,26002000
AAPL,2002-02-08,24.32,25.98,23.37,24.03,40714300
AAPL,2002-02-01,23.4,24.96,22.72,24.41,31519600
AAPL,2002-01-25,22.27,23.51,21.59,23.25,23223400
AAPL,2002-01-18,21.01,22.74,20.5,22.17,40582100
AAPL,2002-01-11,23.72,24.0,20.26,21.05,36142800
AAPL,2002-01-04,22.51,23.95,21.83,23.69,30165400
AAPL,2001-12-28,20.9,23.0,20.9,22.43,12279700
AAPL,2001-12-21,20.4,21.68,20.19,21.0,21001900
AAPL,2001-12-14,22.29,22.99,20.09,20.39,17065600
AAPL,2001-12-07,21.06,24.03,20.6,22.54,29868100
AAPL,2001-11-30,19.94,21.55,19.88,21.3,26545200
AAPL,2001-11-23,19.0,20.2,18.96,19.84,15549300
AAPL,2001-11-16,18.66,19.9,17.96,18.97,19482400
AAPL,2001-11-09,18.84,20.13,18.53,18.71,25200700
AAPL,2001-11-02,18.57,18.86,17.06,18.57,23212400
AAPL,2001-10-26,18.21,19.42,17.75,18.67,35451100
AAPL,2001-10-19,17.95,18.41,16.96,18.3,28332200
AAPL,2001-10-12,15.57,18.08,15.5,18.01,23424000
AAPL,2001-10-05,15.49,16.25,14.83,16.14,33409700
AAPL,2001-09-28,16.11,16.84,14.93,15.51,33037300
AAPL,2001-09-21,16.0,17.72,14.68,15.73,38216400
AAPL,2001-09-10,17.0,17.5,16.92,17.37,5515100
AAPL,2001-09-07,18.5,19.08,17.2,17.28,22008400
AAPL,2001-08-31,18.6,19.3,17.28,18.55,20945500
AAPL,2001-08-24,18.14,18.62,17.58,18.57,19989100
AAPL,2001-08-17,19.1,19.36,17.97,18.07,20763300
AAPL,2001-08-10,19.04,19.7,18.54,19.02,16642800
AAPL,2001-08-03,19.12,19.9,18.51,19.5,21797600
AAPL,2001-07-27,20.09,20.5,17.85,18.96,31015900
AAPL,2001-07-20,24.88,25.22,19.49,19.98,60164900
AAPL,2001-07-13,22.09,25.01,20.84,24.85,40585500
AAPL,2001-07-06,23.64,24.23,21.72,22.03,14246500
AAPL,2001-06-29,22.5,25.1,22.45,23.25,34826100
AAPL,2001-06-22,20.41,23.0,19.98,22.26,30821000
AAPL,2001-06-15,21.05,21.73,19.35,20.44,33236700
AAPL,2001-06-08,21.08,21.7,20.33,21.32,29369600
AAPL,2001-06-01,22.32,22.5,19.3,20.89,39143500
AAPL,2001-05-25,23.63,24.13,22.5,22.76,28311700
AAPL,2001-05-18,22.89,25.5,22.75,23.53,24281200
AAPL,2001-05-11,25.62,25.76,22.76,22.85,25158900
AAPL,2001-05-04,26.7,27.12,23.96,25.75,33449100
AAPL,2001-04-27,24.34,26.29,23.51,26.2,44681300
AAPL,2001-04-20,22.09,25.75,19.6,25.04,82827500
AAPL,2001-04-12,20.69,23.02,20.06,22.42,24231900
AAPL,2001-04-06,22.09,22.66,18.75,20.59,38691700
AAPL,2001-03-30,23.13,23.75,21.13,22.07,51363400
AAPL,2001-03-23,19.75,23.56,19.37,23.0,51692500
AAPL,2001-03-16,19.69,21.37,18.12,19.62,41281400
AAPL,2001-03-09,19.37,22.06,19.25,20.25,35348400
AAPL,2001-03-02,19.06,20.44,17.19,19.25,32140200
AAPL,2001-02-23,19.19,19.94,18.0,18.81,25553200
AAPL,2001-02-16,19.06,20.56,18.5,19.0,24922100
AAPL,2001-02-09,20.5,21.39,18.69,19.12,41730800
AAPL,2001-02-02,19.56,22.5,19.56,20.62,54923100
AAPL,2001-01-26,19.06,20.94,18.44,19.56,55151400
AAPL,2001-01-19,17.44,19.56,16.5,19.5,56261900
AAPL,2001-01-12,16.94,18.5,15.94,17.19,49473600
AAPL,2001-01-05,14.88,18.5,14.44,16.37,43234600
AAPL,2000-12-29,14.88,15.0,14.19,14.88,26389200
AAPL,2000-12-22,14.56,15.25,13.63,15.0,34822200
AAPL,2000-12-15,15.19,16.0,14.0,14.06,32873600
AAPL,2000-12-08,17.19,17.44,14.0,15.06,57223300
AAPL,2000-12-01,19.87,19.94,16.12,17.06,39560200
AAPL,2000-11-24,18.59,19.5,18.25,19.31,20562200
AAPL,2000-11-17,18.75,20.5,18.25,18.5,32298700
AAPL,2000-11-10,22.44,22.62,19.06,19.06,36011000
AAPL,2000-11-03,19.12,23.0,18.75,22.25,57267000
AAPL,2000-10-27,20.27,20.87,17.5,18.56,62251200
AAPL,2000-10-20,22.31,23.25,18.31,19.5,81324100
AAPL,2000-10-13,22.62,22.87,19.12,22.06,87962600
AAPL,2000-10-06,26.69,26.75,21.0,22.19,132403500
AAPL,2000-09-29,52.75,55.5,25.37,25.75,170178100
AAPL,2000-09-22,55.25,61.44,50.0,52.19,38582600
AAPL,2000-09-15,58.69,60.38,54.25,55.23,26829100
AAPL,2000-09-08,62.66,64.12,57.75,58.88,19054100
AAPL,2000-09-01,57.25,63.63,57.06,63.44,28355300
AAPL,2000-08-25,50.25,57.5,49.63,56.81,23095700
AAPL,2000-08-18,47.59,52.44,46.31,50.0,15635900
AAPL,2000-08-11,47.88,49.06,45.56,47.69,22025600
AAPL,2000-08-04,49.16,51.63,44.25,47.38,18892100
AAPL,2000-07-28,52.56,53.25,46.88,48.31,24413000
AAPL,2000-07-21,58.25,58.88,51.75,53.56,30323000
AAPL,2000-07-14,54.09,60.63,53.75,57.69,28876100
AAPL,2000-07-07,52.13,55.19,49.63,54.44,16235600
AAPL,2000-06-30,52.5,55.5,51.06,52.38,21464500
AAPL,2000-06-23,90.56,103.94,50.31,51.69,24381700
AAPL,2000-06-16,96.37,96.44,88.19,91.19,13137300
AAPL,2000-06-09,93.31,98.5,89.69,95.75,14973700
AAPL,2000-06-02,87.62,99.75,80.37,92.56,25386200
AAPL,2000-05-26,93.75,93.75,83.0,86.37,22673700
AAPL,2000-05-19,108.06,109.06,93.37,94.0,23499300
AAPL,2000-05-12,112.09,113.69,98.75,107.62,16551700
AAPL,2000-05-05,124.87,126.25,110.56,113.12,14607300
AAPL,2000-04-28,115.0,128.75,114.75,124.06,15878200
AAPL,2000-04-20,109.5,130.25,109.06,118.87,18238900
AAPL,2000-04-14,131.69,132.75,104.87,111.87,25827400
AAPL,2000-04-07,135.5,139.5,116.75,131.75,17398400
AAPL,2000-03-31,137.63,144.75,125.44,135.81,13759100
AAPL,2000-03-24,123.5,150.38,121.62,138.69,20591900
AAPL,2000-03-17,122.12,126.5,114.0,125.0,16600800
AAPL,2000-03-10,126.0,129.13,118.25,125.75,11429700
AAPL,2000-03-03,110.12,132.06,108.37,128.0,21508200
AAPL,2000-02-25,110.12,119.12,106.69,110.37,13580100
AAPL,2000-02-18,109.31,119.94,108.62,111.25,15664900
AAPL,2000-02-11,108.0,117.12,105.94,108.75,14859900
AAPL,2000-02-04,101.0,110.0,94.5,108.0,21289500
AAPL,2000-01-28,108.44,114.19,100.62,101.62,18470300
AAPL,2000-01-21,101.0,121.5,100.44,111.31,30213200
AAPL,2000-01-14,102.0,102.25,86.5,100.44,29872700
AAPL,2000-01-07,104.87,112.5,95.0,99.5,27278600
AAPL,1999-12-31,104.37,104.44,95.0,102.81,9566300
AAPL,1999-12-23,99.56,104.56,96.62,103.5,10251700
AAPL,1999-12-17,102.39,102.5,91.06,100.0,22746800
AAPL,1999-12-10,114.56,118.0,99.0,103.0,25152800
AAPL,1999-12-03,94.25,115.56,93.25,115.0,28046300
AAPL,1999-11-26,91.75,95.5,88.5,95.06,9757600
AAPL,1999-11-19,89.62,94.75,88.06,92.44,13711000
AAPL,1999-11-12,87.75,97.73,86.75,90.62,25776200
AAPL,1999-11-05,80.0,88.37,77.31,88.31,16090800
AAPL,1999-10-29,74.25,81.06,73.31,80.12,19270000
AAPL,1999-10-22,73.87,77.25,68.44,73.94,36547800
AAPL,1999-10-15,66.0,75.81,63.75,74.56,40496300
AAPL,1999-10-08,62.38,69.62,62.38,65.56,27379700
AAPL,1999-10-01,66.37,66.75,57.44,61.72,40565300
AAPL,1999-09-24,77.0,80.12,63.0,64.94,64830600
AAPL,1999-09-17,77.06,79.12,73.87,76.94,15348500
AAPL,1999-09-10,73.75,77.94,73.5,77.44,24462900
AAPL,1999-09-03,65.0,75.25,62.0,73.5,38305200
AAPL,1999-08-27,59.38,65.0,59.31,64.75,17895700
AAPL,1999-08-20,59.81,62.0,58.19,59.19,17360800
AAPL,1999-08-13,54.34,62.0,53.63,60.06,22003500
AAPL,1999-08-06,55.63,58.0,52.13,54.13,16610200
AAPL,1999-07-30,52.88,56.13,50.88,55.69,15487700
AAPL,1999-07-23,53.94,55.81,51.13,53.31,21047500
AAPL,1999-07-16,55.5,56.63,51.31,53.06,29598500
AAPL,1999-07-09,45.94,55.63,45.81,55.63,33809900
AAPL,1999-07-02,42.44,46.94,42.38,46.31,11377200
AAPL,1999-06-25,47.0,47.25,42.06,42.19,13796600
AAPL,1999-06-18,46.5,48.06,45.13,47.13,8437100
AAPL,1999-06-11,48.13,49.0,46.25,46.44,14177000
AAPL,1999-06-04,45.0,48.19,44.0,48.13,16422100
AAPL,1999-05-28,43.63,44.38,40.94,44.06,14311400
AAPL,1999-05-21,43.75,46.0,42.5,43.94,16145700
AAPL,1999-05-14,46.75,46.94,43.56,44.38,15793500
AAPL,1999-05-07,46.06,50.0,42.75,45.88,33293200
AAPL,1999-04-30,39.5,47.13,39.25,46.0,55809000
AAPL,1999-04-23,35.69,39.44,33.5,39.19,32000800
AAPL,1999-04-16,35.0,37.06,34.31,35.44,33267200
AAPL,1999-04-09,36.0,38.31,35.94,36.75,18449000
AAPL,1999-04-01,33.5,37.13,33.44,36.06,16141100
AAPL,1999-03-26,34.0,35.19,32.5,33.25,18420700
AAPL,1999-03-19,33.31,36.06,32.88,33.5,16802600
AAPL,1999-03-12,33.25,34.69,32.0,33.19,19300900
AAPL,1999-03-05,34.81,35.31,32.38,33.19,20531600
AAPL,1999-02-26,37.38,39.56,34.5,34.81,15763000
AAPL,1999-02-19,38.88,38.88,35.56,37.19,13019200
AAPL,1999-02-12,36.69,39.75,36.0,37.69,24349200
AAPL,1999-02-05,41.69,41.94,35.5,36.31,19337500
AAPL,1999-01-29,39.25,41.56,38.81,41.19,16869000
AAPL,1999-01-22,41.94,42.31,37.06,38.75,20172000
AAPL,1999-01-15,45.75,47.31,40.0,41.31,46066000
AAPL,1999-01-08,42.13,46.88,40.0,45.0,51959100
AAPL,1998-12-31,39.0,41.5,39.0,40.94,14479600
AAPL,1998-12-24,35.38,40.5,34.25,39.25,26279200
AAPL,1998-12-18,32.88,35.38,32.25,35.19,20201900
AAPL,1998-12-11,33.38,34.0,31.62,33.75,26079200
AAPL,1998-12-04,34.56,36.88,31.62,32.75,33367200
AAPL,1998-11-27,35.56,36.81,34.75,35.06,12094700
AAPL,1998-11-20,35.94,37.19,34.75,35.31,14916700
AAPL,1998-11-13,37.69,38.13,32.75,35.69,34644600
AAPL,1998-11-06,37.5,39.38,37.25,38.06,23719300
AAPL,1998-10-30,36.06,38.94,35.06,37.13,18214000
AAPL,1998-10-23,36.69,38.19,35.13,35.5,17516400
AAPL,1998-10-16,37.5,41.31,35.5,36.69,47328400
AAPL,1998-10-09,34.0,35.25,28.5,35.13,24844200
AAPL,1998-10-02,39.75,40.19,34.13,35.06,15388600
AAPL,1998-09-25,35.69,39.56,35.31,38.75,13864800
AAPL,1998-09-18,38.25,38.81,35.56,36.75,13517600
AAPL,1998-09-11,38.0,39.63,35.75,37.63,14613000
AAPL,1998-09-04,34.75,37.38,30.62,35.13,30065400
AAPL,1998-08-28,43.44,43.5,34.13,34.19,31774300
AAPL,1998-08-21,41.0,43.75,39.0,43.0,28822500
AAPL,1998-08-14,36.31,41.0,36.25,40.5,33744700
AAPL,1998-08-07,34.25,37.38,33.25,36.5,15950000
AAPL,1998-07-31,34.25,36.75,33.0,34.63,12792300
AAPL,1998-07-24,36.56,37.0,33.81,34.69,13558400
AAPL,1998-07-17,31.94,38.13,31.87,36.88,45087400
AAPL,1998-07-10,29.5,33.63,29.12,32.06,20664000
AAPL,1998-07-02,28.25,30.06,28.06,29.0,8120300
AAPL,1998-06-26,27.0,28.81,26.75,28.19,8413800
AAPL,1998-06-19,27.25,28.56,26.75,27.06,6348900
AAPL,1998-06-12,27.0,29.0,26.81,28.12,9246200
AAPL,1998-06-05,26.5,27.62,25.62,26.87,8246400
AAPL,1998-05-29,28.06,28.25,25.62,26.62,10689100
AAPL,1998-05-22,29.37,29.87,27.31,27.87,9271600
AAPL,1998-05-15,30.87,31.62,29.25,29.56,14933200
AAPL,1998-05-08,28.87,30.62,28.87,30.44,24206700
AAPL,1998-05-01,26.75,28.25,26.25,28.0,10719000
AAPL,1998-04-24,27.62,29.5,27.19,27.94,16442800
AAPL,1998-04-17,25.62,29.62,25.0,27.94,32176600
AAPL,1998-04-09,27.0,27.0,24.69,25.62,9248200
AAPL,1998-04-03,26.75,27.81,26.75,27.06,9838000
AAPL,1998-03-27,25.94,28.0,24.62,26.94,17291100
AAPL,1998-03-20,27.12,27.25,25.87,26.37,13081700
AAPL,1998-03-13,23.75,27.25,22.5,27.12,34041900
AAPL,1998-03-06,23.56,24.75,21.62,24.44,25838700
AAPL,1998-02-27,20.12,23.87,20.0,23.62,24656100
AAPL,1998-02-20,19.5,20.94,19.5,20.0,12521600
AAPL,1998-02-13,18.37,19.87,18.37,19.5,13750900
AAPL,1998-02-06,18.5,18.69,17.37,18.5,14733600
AAPL,1998-01-30,19.44,19.69,18.25,18.31,7001100
AAPL,1998-01-23,19.06,19.75,18.56,19.5,8880900
AAPL,1998-01-16,17.44,19.94,17.12,18.81,22751300
AAPL,1998-01-09,16.5,20.0,14.75,18.19,46129800
