AMZN,2019-05-09,1917.98,1959.0,1876.0,1904.987,19550505
AMZN,2019-05-03,1949.0,1964.4,1881.87,1962.46,20988705
AMZN,2019-04-26,1855.4,1951.0,1845.64,1950.63,26221693
AMZN,2019-04-18,1842.0,1876.47,1818.9,1861.69,12412440
AMZN,2019-04-12,1833.23,1853.09,1825.11,1843.06,16200437
AMZN,2019-04-05,1800.11,1838.58,1798.73,1837.28,18931800
AMZN,2019-03-29,1757.79,1805.77,1745.68,1780.75,20658235
AMZN,2019-03-22,1712.7,1823.75,1712.63,1764.77,30189632
AMZN,2019-03-15,1626.12,1718.8,1626.01,1712.36,21540379
AMZN,2019-03-08,1685.0,1709.43,1586.57,1620.8,23468912
AMZN,2019-03-01,1641.45,1674.26,1615.1,1671.73,16999869
AMZN,2019-02-22,1601.0,1634.94,1600.56,1631.56,13598828
AMZN,2019-02-15,1600.98,1656.38,1586.0,1607.95,20200670
AMZN,2019-02-08,1623.0,1672.26,1566.76,1588.22,23606221
AMZN,2019-02-01,1643.59,1736.41,1590.72,1626.23,37670866
AMZN,2019-01-25,1681.0,1683.48,1610.2,1670.57,20691630
AMZN,2019-01-18,1615.0,1716.2,1595.15,1696.2,28600640
AMZN,2019-01-11,1602.31,1676.61,1589.18,1640.56,34417357
AMZN,2019-01-04,1510.8,1594.0,1460.93,1575.39,31095757
AMZN,2018-12-28,1346.0,1513.47,1307.0,1478.02,36182781
AMZN,2018-12-21,1566.0,1584.53,1363.96,1377.45,47777079
AMZN,2018-12-14,1623.84,1704.99,1585.0,1591.91,31975796
AMZN,2018-12-07,1769.46,1778.34,1609.85,1629.13,31922141
AMZN,2018-11-30,1539.0,1696.0,1524.22,1690.17,32874685
AMZN,2018-11-23,1577.01,1581.19,1420.0,1502.06,27093246
AMZN,2018-11-16,1698.24,1708.55,1546.51,1593.41,33719824
AMZN,2018-11-09,1657.57,1784.0,1596.36,1712.43,30511366
AMZN,2018-11-02,1660.0,1697.44,1476.36,1665.53,50807461
AMZN,2018-10-26,1784.0,1809.5,1603.0,1642.81,43401836
AMZN,2018-10-19,1795.0,1845.0,1734.23,1764.03,29373498
AMZN,2018-10-12,1874.0,1902.0,1685.1,1788.61,46535379
AMZN,2018-10-05,2021.99,2033.19,1862.83,1889.65,28201465
AMZN,2018-09-28,1903.79,2026.52,1865.0,2003.0,21480120
AMZN,2018-09-21,1954.73,1958.2,1887.41,1915.01,25386552
AMZN,2018-09-14,1971.0,2008.76,1917.0,1970.19,21256029
AMZN,2018-09-07,2026.5,2050.5,1935.21,1952.07,26322992
AMZN,2018-08-31,1915.0,2025.57,1909.28,2012.71,24683160
AMZN,2018-08-24,1890.57,1919.5,1866.06,1905.39,15411966
AMZN,2018-08-17,1898.5,1925.0,1855.55,1882.22,25279670
AMZN,2018-08-10,1825.81,1914.57,1818.92,1886.3,19232616
AMZN,2018-08-03,1827.33,1841.0,1739.32,1823.29,24269298
AMZN,2018-07-27,1812.21,1880.05,1769.99,1817.27,31608848
AMZN,2018-07-20,1821.95,1858.88,1797.38,1813.7,24579497
AMZN,2018-07-13,1724.05,1815.3,1716.23,1813.03,18144097
AMZN,2018-07-06,1682.7,1725.0,1678.06,1710.63,10996344
AMZN,2018-06-29,1702.51,1723.41,1646.31,1699.8,25843190
AMZN,2018-06-22,1706.26,1763.1,1700.39,1715.67,20746722
AMZN,2018-06-15,1681.51,1724.8,1680.59,1715.97,15874289
AMZN,2018-06-08,1648.9,1714.5,1645.49,1683.99,20163924
AMZN,2018-06-01,1600.71,1646.73,1600.15,1641.54,13233549
AMZN,2018-05-25,1585.0,1614.12,1566.34,1610.15,14531141
AMZN,2018-05-18,1604.0,1611.18,1565.22,1574.37,14947710
AMZN,2018-05-11,1589.34,1615.6,1582.51,1602.91,15588456
AMZN,2018-05-04,1582.5,1596.0,1546.02,1580.95,22091913
AMZN,2018-04-27,1546.69,1638.1,1415.02,1572.62,40401755
AMZN,2018-04-20,1445.0,1568.52,1427.48,1527.49,25215886
AMZN,2018-04-13,1425.03,1459.78,1402.57,1430.79,18891177
AMZN,2018-04-06,1417.62,1459.56,1352.88,1405.23,39972840
AMZN,2018-03-29,1530.0,1575.96,1365.2,1447.34,38627335
AMZN,2018-03-23,1554.53,1590.0,1495.36,1495.56,29572662
AMZN,2018-03-16,1592.6,1617.54,1567.5,1571.68,24879145
AMZN,2018-03-09,1494.24,1578.94,1481.0,1578.89,21899362
AMZN,2018-03-02,1509.2,1528.7,1455.01,1500.25,27466805
AMZN,2018-02-23,1446.49,1503.49,1446.49,1500.0,21664631
AMZN,2018-02-16,1364.67,1468.94,1344.01,1448.69,28431302
AMZN,2018-02-09,1402.62,1460.99,1265.93,1339.6,50493569
AMZN,2018-02-02,1409.18,1498.0,1385.14,1429.95,36314815
AMZN,2018-01-26,1297.17,1402.53,1296.66,1402.05,24962943
AMZN,2018-01-19,1323.0,1339.94,1280.88,1294.58,20613997
AMZN,2018-01-12,1236.0,1305.76,1232.03,1305.2,18919717
AMZN,2018-01-05,1172.0,1229.14,1170.51,1229.14,12063077
AMZN,2017-12-29,1168.36,1190.1,1160.55,1169.47,8172996
AMZN,2017-12-22,1187.37,1194.78,1167.64,1168.36,11237867
AMZN,2017-12-15,1164.6,1182.75,1157.0,1179.14,14620560
AMZN,2017-12-08,1173.85,1175.2,1124.74,1162.0,18028380
AMZN,2017-12-01,1202.66,1213.41,1145.19,1162.35,28944811
AMZN,2017-11-24,1129.77,1186.84,1122.55,1186.0,11626802
AMZN,2017-11-17,1123.0,1139.9,1121.63,1129.88,14361098
AMZN,2017-11-10,1109.15,1135.54,1108.77,1125.35,14343178
AMZN,2017-11-03,1095.01,1122.79,1086.87,1111.6,21012700
AMZN,2017-10-27,986.73,1105.58,962.5,1100.95,29132355
AMZN,2017-10-20,1008.44,1022.31,980.24,982.91,12110199
AMZN,2017-10-13,993.24,1008.44,980.099,1002.94,14757261
AMZN,2017-10-06,964.0,995.75,950.37,989.58,14359378
AMZN,2017-09-29,949.31,964.83,931.75,961.35,16565198
AMZN,2017-09-22,990.4,992.7922,954.42,955.1,13573544
AMZN,2017-09-15,974.46,1000.0,974.22,986.79,15380473
AMZN,2017-09-08,975.4,980.59,960.37,965.9,10096102
AMZN,2017-09-01,946.54,984.5,936.33,978.25,13947854
AMZN,2017-08-25,957.57,967.93,941.14,945.26,16696480
AMZN,2017-08-18,978.41,991.74,954.65,958.47,15261919
AMZN,2017-08-11,990.65,996.28,951.38,967.99,17950022
AMZN,2017-08-04,1019.05,1019.05,981.73,987.58,21592973
AMZN,2017-07-28,1028.34,1083.31,1001.0,1020.04,26003463
AMZN,2017-07-21,1004.69,1034.97,1003.81,1025.67,16173453
AMZN,2017-07-14,985.0,1008.55,983.5,1001.81,14833246
AMZN,2017-07-07,972.79,980.11,951.0001,978.76,12307935
AMZN,2017-06-30,1008.5,1009.8,965.25,968.0,18347096
AMZN,2017-06-23,1017.0,1017.0,989.9,1003.74,16768161
AMZN,2017-06-16,967.0,999.75,945.0,987.71,34388306
AMZN,2017-06-09,1007.23,1016.5,927.0,978.31,19126886
AMZN,2017-06-02,996.51,1008.48,982.16,1006.73,13257547
AMZN,2017-05-26,964.0,999.0,962.9,995.78,15548790
AMZN,2017-05-19,958.73,970.06,944.12,959.84,20092230
AMZN,2017-05-12,940.95,962.79,939.21,961.35,14425756
AMZN,2017-05-05,927.8,954.4,927.8,934.15,17998398
AMZN,2017-04-28,908.68,949.59,903.0,924.99,20582964
AMZN,2017-04-21,887.5,910.5,887.5,898.53,13959088
AMZN,2017-04-13,899.63,911.24,884.49,884.67,11827767
AMZN,2017-04-07,888.0,923.72,885.42,894.88,25966786
AMZN,2017-03-31,838.07,890.35,833.5,886.54,17003520
AMZN,2017-03-24,851.51,862.795,839.05,845.61,13415481
AMZN,2017-03-17,851.77,855.69,847.11,852.31,11829133
AMZN,2017-03-10,845.23,857.35,841.12,852.46,11630862
AMZN,2017-03-03,842.38,854.83,839.67,849.88,12351092
AMZN,2017-02-24,848.84,860.86,837.7501,845.24,13274660
AMZN,2017-02-17,831.62,847.27,828.55,845.07,15760855
AMZN,2017-02-10,809.8,828.0,803.0,827.46,15135934
AMZN,2017-02-03,833.0,842.49,804.0,810.2,28953978
AMZN,2017-01-27,806.8,843.84,805.08,835.77,16377315
AMZN,2017-01-20,815.7,816.02,803.44,808.33,11941710
AMZN,2017-01-13,798.0,821.65,789.51,817.14,17663136
AMZN,2017-01-06,757.92,799.44,747.7,795.99,17847894
AMZN,2016-12-30,763.4,780.0,748.28,749.87,13237498
AMZN,2016-12-23,758.89,774.39,756.16,760.59,12386665
AMZN,2016-12-16,766.4,782.46,754.0,757.77,22354215
AMZN,2016-12-09,745.0,773.79,742.0,768.66,17454906
AMZN,2016-12-02,776.99,777.0,736.7,740.34,20564418
AMZN,2016-11-25,766.0,792.4,765.11,780.37,15303225
AMZN,2016-11-18,745.51,767.74,710.1,760.16,25789440
AMZN,2016-11-11,771.64,791.7399,717.7,739.01,37329653
AMZN,2016-11-04,781.03,800.84,753.2301,755.05,24739857
AMZN,2016-10-28,824.95,843.09,774.61,776.32,29554817
AMZN,2016-10-21,821.5,823.26,803.1,818.99,13909671
AMZN,2016-10-14,843.25,845.2,821.21,822.96,13886940
AMZN,2016-10-07,836.0,847.21,830.26,839.43,14299058
AMZN,2016-09-30,801.8,839.95,797.145,837.31,20245889
AMZN,2016-09-23,779.97,807.75,771.0,805.75,13385450
AMZN,2016-09-16,757.35,780.46,756.0,778.52,17316466
AMZN,2016-09-09,774.04,790.79,760.11,760.14,12432265
AMZN,2016-09-02,768.72,776.0,764.0,772.44,9515570
AMZN,2016-08-26,757.5,770.0,752.1,769.0,9347311
AMZN,2016-08-19,771.9,772.04,756.89,757.31,9416269
AMZN,2016-08-12,766.81,773.75,761.015,772.56,9049701
AMZN,2016-08-05,759.87,770.5,750.35,765.98,16645609
AMZN,2016-07-29,746.55,766.0,732.7525,758.81,22516746
AMZN,2016-07-22,735.49,751.28,728.72,744.86,11980540
AMZN,2016-07-15,750.0,757.34,734.05,735.44,18473051
AMZN,2016-07-08,722.8,746.1,719.61,745.81,12744680
AMZN,2016-07-01,692.01,728.0,682.115,725.68,18466611
AMZN,2016-06-24,713.5,722.12,692.2,698.96,18532635
AMZN,2016-06-17,714.01,722.56,699.18,706.39,17564319
AMZN,2016-06-10,726.5,731.5,714.21,717.91,13256671
AMZN,2016-06-03,712.33,728.28,711.32,725.54,13275319
AMZN,2016-05-27,704.25,716.6,696.42,712.24,13601340
AMZN,2016-05-20,710.13,714.47,688.76,702.8,20779197
AMZN,2016-05-13,673.95,722.45,671.41,709.92,27237496
AMZN,2016-05-06,663.92,685.5,656.0,673.95,25386789
AMZN,2016-04-29,616.61,669.98,599.2,659.59,27456468
AMZN,2016-04-22,625.35,638.01,611.56,620.5,18706380
AMZN,2016-04-15,596.14,626.77,592.31,625.89,15973495
AMZN,2016-04-08,599.0,602.39,585.25,594.6,13410591
AMZN,2016-04-01,584.4,603.24,575.56,598.5,17003747
AMZN,2016-03-24,548.91,583.55,538.58,582.95,18325555
AMZN,2016-03-18,567.0,581.52,546.09,552.08,24093632
AMZN,2016-03-11,573.54,573.63,547.9,569.61,21680675
AMZN,2016-03-04,554.0,585.0,552.51,575.14,19923855
AMZN,2016-02-26,542.2,562.5,533.1501,555.23,25251513
AMZN,2016-02-19,519.48,541.2,511.66,534.9,19652227
AMZN,2016-02-12,486.47,516.75,474.0,507.08,36471785
AMZN,2016-02-05,578.15,581.8,499.19,502.13,38623876
AMZN,2016-01-29,597.99,638.06,570.0,587.0,42007308
AMZN,2016-01-22,577.09,600.1,547.18,596.38,22845932
AMZN,2016-01-15,612.48,625.99,565.3,570.18,32293391
AMZN,2016-01-08,656.29,657.715,605.21,607.05,33054149
AMZN,2015-12-31,665.56,696.44,665.5,675.89,16787114
AMZN,2015-12-24,668.5,669.9,656.63,662.79,9734587
AMZN,2015-12-18,641.75,682.5,635.27,664.14,23602107
AMZN,2015-12-11,674.74,679.99,639.62,640.15,21472786
AMZN,2015-12-04,675.9,684.82,661.4,672.64,24317382
AMZN,2015-11-27,671.5,682.77,661.2125,673.26,13593164
AMZN,2015-11-20,640.92,672.86,622.29,668.45,24823918
AMZN,2015-11-13,658.65,675.96,640.45,642.35,23471369
AMZN,2015-11-06,627.13,662.26,620.41,659.37,19719880
AMZN,2015-10-30,602.3,630.72,596.29,625.9,19753440
AMZN,2015-10-23,570.76,619.45,552.52,599.03,30555323
AMZN,2015-10-16,539.96,570.94,539.68,570.76,18549033
AMZN,2015-10-09,536.99,551.5,519.89,539.8,19964769
AMZN,2015-10-02,520.02,532.6,490.5,532.54,22097014
AMZN,2015-09-25,544.33,549.78,521.4,524.25,16894594
AMZN,2015-09-18,529.44,546.97,517.2,540.26,18578523
AMZN,2015-09-11,508.69,529.95,508.5144,529.44,13985154
AMZN,2015-09-04,516.44,519.41,493.43,499.0,16416127
AMZN,2015-08-28,463.58,522.69,451.0,518.01,30996783
AMZN,2015-08-21,531.29,539.49,494.47,494.47,18091518
AMZN,2015-08-14,528.52,534.66,513.06,531.52,14197247
AMZN,2015-08-07,537.45,542.74,518.21,522.62,16605355
AMZN,2015-07-31,527.75,544.95,523.12,536.15,23285349
AMZN,2015-07-24,492.57,580.57,475.7,529.42,42333032
AMZN,2015-07-17,448.29,485.42,447.54,483.01,20708173
AMZN,2015-07-10,435.23,444.72,425.57,443.51,12412915
AMZN,2015-07-02,434.98,440.0,429.0,437.71,8680539
AMZN,2015-06-26,437.0,447.04,433.69,438.1,12551385
AMZN,2015-06-19,427.66,444.99,422.64,434.92,14407772
AMZN,2015-06-12,425.62,438.89,419.14,429.92,11610365
AMZN,2015-06-05,430.4,438.39,426.2,426.95,11069639
AMZN,2015-05-29,426.2,432.5,422.0,429.23,9403769
AMZN,2015-05-22,426.0,436.9,418.36,427.63,13193658
AMZN,2015-05-15,432.51,439.0,424.3,426.0,12466670
AMZN,2015-05-08,424.8,435.2,414.55,433.69,13354278
AMZN,2015-05-01,443.86,446.99,416.0,422.87,20406821
AMZN,2015-04-24,378.55,452.65,377.0,445.1,38291285
AMZN,2015-04-17,383.53,387.81,374.4,375.56,12331339
AMZN,2015-04-10,370.1,387.12,369.36,382.65,12607892
AMZN,2015-04-02,371.87,377.7,368.34,372.25,8660429
AMZN,2015-03-27,378.07,381.77,365.65,370.56,13436790
AMZN,2015-03-20,370.38,379.37,366.7,378.49,12724379
AMZN,2015-03-13,378.4,379.33,366.26,370.58,13349118
AMZN,2015-03-06,380.85,388.4182,378.88,380.09,11665404
AMZN,2015-02-27,383.44,389.37,376.16,380.16,12492750
AMZN,2015-02-20,377.72,383.7,372.67,383.66,12535593
AMZN,2015-02-13,371.0,383.0,367.2,381.83,14064504
AMZN,2015-02-06,350.05,378.8,350.01,374.28,31754393
AMZN,2015-01-30,311.82,359.5,299.33,354.53,41666381
AMZN,2015-01-23,292.59,316.93,286.39,312.39,22999216
AMZN,2015-01-16,297.56,301.4976,285.25,290.74,20993872
AMZN,2015-01-09,307.01,308.38,292.38,296.93,14592959
AMZN,2015-01-02,307.85,314.75,306.58,308.52,9947936
AMZN,2014-12-26,301.94,310.7799,301.94,309.09,11134094
AMZN,2014-12-19,308.87,310.86,293.03,299.9,31223530
AMZN,2014-12-12,311.57,316.56,301.14,307.32,17369817
AMZN,2014-12-05,338.12,340.64,310.84,312.63,19986878
AMZN,2014-11-28,334.78,341.26,331.28,338.64,10356922
AMZN,2014-11-21,326.44,338.33,318.03,332.63,19521016
AMZN,2014-11-14,300.0,332.88,300.0,327.82,21363584
AMZN,2014-11-07,306.24,308.01,292.29,299.86,17751499
AMZN,2014-10-31,285.7,305.72,285.02,305.46,25017449
AMZN,2014-10-24,302.95,318.98,284.0,287.06,38776994
AMZN,2014-10-17,309.87,313.2,293.83,303.64,22244997
AMZN,2014-10-10,323.5,324.13,311.38,311.39,15392630
AMZN,2014-10-03,320.5,325.16,311.31,322.74,14258126
AMZN,2014-09-26,328.49,329.49,317.64,323.21,14662450
AMZN,2014-09-19,330.91,332.7559,319.0,331.32,20859400
AMZN,2014-09-12,344.54,345.81,326.39,331.19,17536200
AMZN,2014-09-05,339.98,349.38,337.1587,346.38,10378900
AMZN,2014-08-29,333.21,346.67,332.71,339.04,12749700
AMZN,2014-08-22,335.48,337.8,330.8,331.59,10192000
AMZN,2014-08-15,318.48,335.0,316.88,333.63,16640600
AMZN,2014-08-08,308.84,317.32,308.5,316.8,14991400
AMZN,2014-08-01,324.25,324.82,304.588,307.06,25418300
AMZN,2014-07-25,358.1,364.85,314.76,324.01,32701100
AMZN,2014-07-18,347.03,359.68,345.356,358.66,20327800
AMZN,2014-07-11,337.5,347.0,321.4,346.2,20532400
AMZN,2014-07-03,324.98,338.3,322.24,337.492,10470500
AMZN,2014-06-27,323.33,329.73,321.41,324.57,12674900
AMZN,2014-06-20,324.86,338.9,320.42,324.2,23076400
AMZN,2014-06-13,331.57,340.7199,323.5262,326.27,18340200
AMZN,2014-06-06,312.59,330.88,303.84,329.67,19730400
AMZN,2014-05-30,314.41,314.87,307.38,312.55,14213800
AMZN,2014-05-23,295.76,312.35,293.81,312.24,15418400
AMZN,2014-05-16,294.3,305.6,290.38,297.7,18494700
AMZN,2014-05-09,306.37,310.23,284.38,292.24,22128600
AMZN,2014-05-02,304.0,313.29,288.0,308.01,33401400
AMZN,2014-04-25,323.97,337.5,302.71,303.83,35789500
AMZN,2014-04-17,317.67,328.66,305.5,324.91,18276200
AMZN,2014-04-11,320.99,332.18,309.5,311.73,32125800
AMZN,2014-04-04,342.4,348.295,315.61,323.0,31307000
AMZN,2014-03-28,360.09,361.5,330.88,338.29,23193100
AMZN,2014-03-21,375.72,379.0,358.4,360.62,15405800
AMZN,2014-03-14,372.69,383.11,363.61,373.74,17799700
AMZN,2014-03-07,358.735,375.33,354.48,372.06,14557400
AMZN,2014-02-28,345.19,365.865,343.29,362.1,17990100
AMZN,2014-02-21,355.28,355.73,344.38,346.76,16868900
AMZN,2014-02-14,361.61,365.0,346.32,357.35,20954700
AMZN,2014-02-07,358.98,361.8,337.73,361.08,27195300
AMZN,2014-01-31,390.5,406.25,357.76,358.69,36842300
AMZN,2014-01-24,403.0,408.06,387.27,387.6,12666400
AMZN,2014-01-17,397.98,403.49,388.45,399.61,14969600
AMZN,2014-01-10,395.85,406.89,388.42,397.66,12185600
AMZN,2014-01-03,399.41,402.71,392.45,396.44,8831600
AMZN,2013-12-27,403.69,405.63,396.25,398.08,7895300
AMZN,2013-12-20,385.03,404.72,383.1,402.2,15545800
AMZN,2013-12-13,388.11,389.42,379.5,384.24,13098600
AMZN,2013-12-06,399.0,399.0,381.371,386.95,14663400
AMZN,2013-11-29,373.82,394.0999,373.18,393.62,10372400
AMZN,2013-11-22,370.28,374.5,360.45,372.31,11343800
AMZN,2013-11-15,350.59,372.9,345.68,369.17,16029500
AMZN,2013-11-08,360.12,362.87,341.88,350.31,13131000
AMZN,2013-11-01,359.92,366.0,356.1,359.002,16121200
AMZN,2013-10-25,329.89,368.4,323.8,363.39,27197500
AMZN,2013-10-18,309.22,331.89,305.24,328.931,14989100
AMZN,2013-10-11,315.24,315.3399,296.5025,310.889,13215000
AMZN,2013-10-04,313.41,322.92,311.06,319.04,10727200
AMZN,2013-09-27,314.01,319.37,308.771,316.01,9574500
AMZN,2013-09-20,299.82,320.57,295.26,316.34,14704500
AMZN,2013-09-13,297.22,302.0,296.201,297.92,8121400
AMZN,2013-09-06,284.73,298.88,284.17,295.86,9444800
AMZN,2013-08-30,290.43,291.0499,279.33,280.98,8745900
AMZN,2013-08-23,285.19,291.5,283.48,290.01,9263500
AMZN,2013-08-16,295.79,299.08,284.5,284.82,9953300
AMZN,2013-08-09,303.4,303.62,292.5501,297.26,10336900
AMZN,2013-08-02,311.07,313.0,298.905,304.21,13630800
AMZN,2013-07-26,309.25,313.62,295.55,312.01,20744100
AMZN,2013-07-19,307.27,309.39,301.87,305.23,12972400
AMZN,2013-07-12,286.42,307.55,286.14,307.55,16179100
AMZN,2013-07-05,279.0,286.58,277.16,285.88,9484800
AMZN,2013-06-28,271.29,280.2,265.0,277.69,15055700
AMZN,2013-06-21,276.35,283.34,269.79,273.36,15042600
AMZN,2013-06-14,276.68,282.47,270.2901,273.99,13223800
AMZN,2013-06-07,268.96,280.1,262.95,276.87,15253700
AMZN,2013-05-31,266.48,271.91,264.844,269.2,10416200
AMZN,2013-05-24,269.0,271.79,258.34,261.74,10978800
AMZN,2013-05-17,262.77,269.98,262.0,269.9,11740800
AMZN,2013-05-10,258.09,263.65,252.9101,263.63,14073100
AMZN,2013-05-03,254.9,259.25,245.75,258.05,23207400
AMZN,2013-04-26,259.35,275.8,252.81,254.81,26389000
AMZN,2013-04-19,271.08,275.12,256.6,260.32,14338400
AMZN,2013-04-12,255.92,273.27,255.63,272.87,12731500
AMZN,2013-04-05,266.98,267.4,253.67,255.48,12091500
AMZN,2013-03-28,258.58,267.375,254.5,266.49,10283500
AMZN,2013-03-22,259.3,261.49,252.07,257.75,15128600
AMZN,2013-03-15,273.43,277.4,260.05,261.82,17127900
AMZN,2013-03-08,265.36,276.68,264.14,274.19,13008700
AMZN,2013-03-01,266.94,268.694,255.73,265.74,14913300
AMZN,2013-02-22,265.91,274.3,261.61,265.42,13145300
AMZN,2013-02-15,263.2,270.65,256.6,265.09,19083300
AMZN,2013-02-08,262.78,268.03,255.11,261.95,18361800
AMZN,2013-02-01,283.78,284.48,258.35,265.0,40456500
AMZN,2013-01-25,271.62,284.72,266.65,283.99,13031700
AMZN,2013-01-18,268.0,274.5,267.54,272.12,13494100
AMZN,2013-01-11,262.97,269.725,262.3,267.94,15463000
AMZN,2013-01-04,243.75,260.88,242.75,259.15,11315100
AMZN,2012-12-28,257.3,259.5,242.86,245.18,10635100
AMZN,2012-12-21,249.81,263.11,249.26,256.92,16827200
AMZN,2012-12-14,253.1,254.78,246.65,249.19,15304200
AMZN,2012-12-07,252.54,255.55,248.66,253.2681,14685700
AMZN,2012-11-30,240.39,252.65,238.0,252.05,19078100
AMZN,2012-11-23,228.32,240.0,227.45,239.88,11099000
AMZN,2012-11-16,226.59,229.2199,218.18,225.23,15550200
AMZN,2012-11-09,232.04,237.75,224.6002,226.31,14206500
AMZN,2012-11-02,236.32,238.7,230.5,232.4224,12077400
AMZN,2012-10-26,238.81,238.95,222.92,238.24,30718300
AMZN,2012-10-19,242.85,250.91,238.51,240.0,18167200
AMZN,2012-10-12,257.67,259.8,241.89,242.36,14855900
AMZN,2012-10-05,255.4,261.9,249.03,258.51,13029500
AMZN,2012-09-28,255.22,258.95,248.23,254.32,15888200
AMZN,2012-09-21,261.25,262.84,256.74,257.47,16131000
AMZN,2012-09-14,259.0,264.11,253.5,261.27,14557000
AMZN,2012-09-07,248.27,259.42,244.66,259.14,16994300
AMZN,2012-08-31,245.79,250.0,243.0,248.27,14439600
AMZN,2012-08-24,241.3736,246.87,238.2,245.74,13087800
AMZN,2012-08-17,232.23,243.35,231.0,241.17,15410900
AMZN,2012-08-10,235.56,238.0,231.43,232.75,8836900
AMZN,2012-08-03,237.0,240.74,228.66,234.97,15607200
AMZN,2012-07-27,224.72,238.34,214.95,237.32,32421800
AMZN,2012-07-20,216.6,229.39,213.96,228.29,15703600
AMZN,2012-07-13,225.0,227.14,212.61,218.39,12476900
AMZN,2012-07-06,229.3,230.5,224.18,225.05,9547900
AMZN,2012-06-29,220.3,228.35,218.0,228.35,15544800
AMZN,2012-06-22,217.28,226.03,216.73,222.16,13561100
AMZN,2012-06-15,217.49,220.87,212.56,218.35,15753700
AMZN,2012-06-08,207.4,221.49,206.37,218.48,16934500
AMZN,2012-06-01,214.3,216.55,207.11,208.22,15667600
AMZN,2012-05-25,214.03,219.98,211.18,212.89,16869200
AMZN,2012-05-18,225.6,230.61,212.81,213.85,23809300
AMZN,2012-05-11,222.36,230.68,218.2,227.68,20390700
AMZN,2012-05-04,223.95,233.84,223.05,223.99,29745900
AMZN,2012-04-27,188.99,228.69,185.51,226.85,43163300
AMZN,2012-04-20,189.01,194.55,183.65,189.98,18121400
AMZN,2012-04-13,192.02,194.2,185.61,188.46,19388400
AMZN,2012-04-05,198.02,202.39,192.36,194.39,20105400
AMZN,2012-03-30,196.48,209.85,195.5,202.51,33608800
AMZN,2012-03-23,183.45,196.2,182.88,195.04,27006800
AMZN,2012-03-16,184.13,185.68,180.3,185.05,19787200
AMZN,2012-03-09,179.0,188.38,178.04,184.32,23978500
AMZN,2012-03-02,177.54,184.29,176.5,179.3,23364800
AMZN,2012-02-24,182.65,184.75,176.96,179.13,21364400
AMZN,2012-02-17,187.17,193.57,175.14,182.5,43374800
AMZN,2012-02-10,186.28,187.63,181.76,185.54,28876800
AMZN,2012-02-03,193.68,195.63,172.0,187.68,56389700
AMZN,2012-01-27,190.79,196.5,183.82,195.37,24098100
AMZN,2012-01-20,180.15,195.94,178.51,190.93,25824300
AMZN,2012-01-13,182.76,184.37,173.5,178.42,22284700
AMZN,2012-01-06,175.89,184.65,174.05,182.61,20133500
AMZN,2011-12-30,177.73,178.5947,166.97,173.1,19099500
AMZN,2011-12-23,182.0,183.5,172.49,177.28,25391800
AMZN,2011-12-16,190.03,191.15,170.25,181.26,39178700
AMZN,2011-12-09,198.86,199.0,188.4,193.03,27071300
AMZN,2011-12-02,191.65,199.66,187.3,196.03,36353300
AMZN,2011-11-25,193.29,194.6,181.51,182.399,34220100
AMZN,2011-11-18,215.65,222.35,197.11,197.14,34191200
AMZN,2011-11-11,216.84,220.2,208.1,217.39,22662800
AMZN,2011-11-04,215.79,218.89,207.43,216.48,31357900
AMZN,2011-10-28,236.02,240.47,196.51,217.32,63777300
AMZN,2011-10-21,244.2901,246.71,229.25,234.78,25201200
AMZN,2011-10-14,226.23,246.71,224.1,246.71,27414800
AMZN,2011-10-07,217.01,227.9,200.43,224.74,35477800
AMZN,2011-09-30,227.48,235.81,215.21,216.23,43997300
AMZN,2011-09-23,237.11,244.0,219.0,223.61,36213000
AMZN,2011-09-16,212.66,240.44,208.65,239.3,33421500
AMZN,2011-09-09,204.77,220.64,204.47,211.39,20484200
AMZN,2011-09-02,202.82,217.64,202.55,210.0,27339000
AMZN,2011-08-26,182.83,199.72,177.1,199.27,27985500
AMZN,2011-08-19,202.06,205.28,177.55,178.93,29502300
AMZN,2011-08-12,196.4,205.09,190.05,202.3,42698600
AMZN,2011-08-05,225.0,227.45,194.84,202.7,37176600
AMZN,2011-07-29,215.49,227.2,210.35,222.52,36684600
AMZN,2011-07-22,212.53,220.2,208.29,216.52,18845200
AMZN,2011-07-15,216.74,217.5,209.29,212.87,20224400
AMZN,2011-07-08,208.76,218.32,208.73,218.28,13045600
AMZN,2011-07-01,194.5,210.27,194.03,209.49,22991700
AMZN,2011-06-24,185.96,195.2,185.57,192.55,18368100
AMZN,2011-06-17,186.81,192.45,181.59,186.37,26501200
AMZN,2011-06-10,187.22,191.76,185.18,186.53,20246800
AMZN,2011-06-03,195.94,198.44,187.62,188.32,14873600
AMZN,2011-05-27,195.56,197.29,190.88,194.13,18261800
AMZN,2011-05-20,200.54,200.9,191.37,198.65,28497700
AMZN,2011-05-13,198.34,206.39,196.78,202.56,25444000
AMZN,2011-05-06,196.57,203.42,195.37,197.6,30662000
AMZN,2011-04-29,185.65,197.8,180.738,195.81,52202000
AMZN,2011-04-21,178.38,185.97,175.37,185.89,14678100
AMZN,2011-04-15,184.86,186.49,179.0196,180.01,20708500
AMZN,2011-04-08,180.89,188.27,180.69,184.71,23476700
AMZN,2011-04-01,171.8,183.25,169.25,180.13,25655300
AMZN,2011-03-25,163.37,173.49,160.82,170.98,22964800
AMZN,2011-03-18,166.6,168.14,160.59,161.82,28078700
AMZN,2011-03-11,171.92,172.09,163.9,168.07,27869100
AMZN,2011-03-04,173.91,175.89,168.35,171.67,26878500
AMZN,2011-02-25,183.68,184.72,174.39,177.24,19967000
AMZN,2011-02-18,189.25,191.4,185.13,186.5,20184500
AMZN,2011-02-11,176.15,189.5,174.77,189.25,31181600
AMZN,2011-02-04,170.16,177.19,167.41,175.93,24378200
AMZN,2011-01-28,177.95,185.0,166.9,171.14,48516100
AMZN,2011-01-21,188.66,191.6,176.84,177.42,20294700
AMZN,2011-01-14,185.04,188.94,182.51,188.75,15899000
AMZN,2011-01-07,181.37,188.45,181.21,185.49,22183400
AMZN,2010-12-31,181.9019,184.55,179.51,180.0,12757600
AMZN,2010-12-23,179.27,185.65,178.04,182.59,19782600
AMZN,2010-12-17,176.33,179.0,173.09,177.58,22327100
AMZN,2010-12-10,175.52,181.47,173.36,175.62,22579200
AMZN,2010-12-03,179.99,181.8425,173.92,175.68,32672400
AMZN,2010-11-26,165.1,178.38,164.62,177.2,26921900
AMZN,2010-11-19,165.16,165.35,156.77,164.82,31435000
AMZN,2010-11-12,170.84,173.37,165.05,165.68,27977200
AMZN,2010-11-05,164.45,172.53,161.52,170.77,28220100
AMZN,2010-10-29,171.57,171.99,164.81,165.23,26625200
AMZN,2010-10-22,165.0,170.17,156.57,169.13,49447600
AMZN,2010-10-15,154.89,164.88,151.4,164.64,29559600
AMZN,2010-10-08,153.95,161.21,152.78,155.55,28567700
AMZN,2010-10-01,160.22,161.78,152.2,153.71,38517400
AMZN,2010-09-24,148.7,160.89,147.35,160.73,38260000
AMZN,2010-09-17,144.07,148.98,143.56,148.325,27387000
AMZN,2010-09-10,137.56,142.6001,136.45,142.44,19713100
AMZN,2010-09-03,126.03,139.5,122.5,138.79,26778500
AMZN,2010-08-27,127.86,129.22,122.25,126.64,24350000
AMZN,2010-08-20,123.61,130.81,123.04,127.76,26723500
AMZN,2010-08-13,128.46,130.0,123.55,124.69,24678900
AMZN,2010-08-06,119.15,128.47,117.57,128.32,30015800
AMZN,2010-07-30,118.26,118.87,114.51,117.89,37659500
AMZN,2010-07-23,118.38,121.25,105.8,118.87,74252100
AMZN,2010-07-16,117.81,124.88,117.32,118.49,29407300
AMZN,2010-07-09,110.65,117.48,109.0,117.26,21000400
AMZN,2010-07-02,118.85,120.04,106.01,109.14,41226100
AMZN,2010-06-25,126.79,127.48,116.8,121.0,30530800
AMZN,2010-06-18,124.24,127.98,122.5,125.83,19743300
AMZN,2010-06-11,125.84,126.606,115.8,123.03,35686400
AMZN,2010-06-04,124.97,129.15,121.65,122.77,19198800
AMZN,2010-05-28,122.57,127.6,118.5,125.46,27116400
AMZN,2010-05-21,128.24,131.25,117.52,122.72,33923700
AMZN,2010-05-14,129.73,136.99,126.76,128.533,29972700
AMZN,2010-05-07,137.2,139.44,120.6,124.98,49897100
AMZN,2010-04-30,143.2,147.73,136.91,137.1,39620300
AMZN,2010-04-23,142.35,151.09,139.13,143.63,51849100
AMZN,2010-04-16,140.0,147.17,139.12,142.171,34357500
AMZN,2010-04-09,132.85,141.33,130.78,140.06,38412400
AMZN,2010-04-01,135.37,138.19,131.18,131.81,24206000
AMZN,2010-03-26,130.2,136.99,127.2,135.06,37068200
AMZN,2010-03-19,131.7,133.71,128.63,130.35,28746800
AMZN,2010-03-12,128.3,134.2,127.71,131.82,30694000
AMZN,2010-03-05,118.85,129.45,117.53,128.91,46113400
AMZN,2010-02-26,117.37,119.8,115.85,118.4,36520400
AMZN,2010-02-19,120.06,120.5,114.82,117.52,34793200
AMZN,2010-02-12,119.375,121.0,116.0,119.66,41763400
AMZN,2010-02-05,123.18,124.86,113.82,117.39,97068800
AMZN,2010-01-29,122.1,131.8499,118.12,125.41,93112600
AMZN,2010-01-22,126.2,129.2,120.76,121.43,39506800
AMZN,2010-01-15,132.62,132.8,125.75,127.14,53750300
AMZN,2010-01-08,136.25,136.61,128.8,133.52,44491300
AMZN,2009-12-31,139.75,142.58,134.52,134.52,28600700
AMZN,2009-12-24,130.48,139.7,130.19,138.47,32406000
AMZN,2009-12-18,132.5,132.61,125.6474,128.48,45794900
AMZN,2009-12-11,138.0,139.0,129.82,134.15,47863000
AMZN,2009-12-04,132.19,145.91,132.16,137.58,62926000
AMZN,2009-11-27,131.05,134.33,129.88,131.74,23691600
AMZN,2009-11-20,132.12,134.56,127.41,129.66,34630600
AMZN,2009-11-13,127.11,132.99,125.591,132.97,41174600
AMZN,2009-11-06,118.66,126.98,116.25,126.2,50688800
AMZN,2009-10-30,119.21,125.68,118.21,118.81,95597100
AMZN,2009-10-23,95.35,119.65,91.7,118.49,96380500
AMZN,2009-10-16,96.17,97.82,93.07,95.32,29148700
AMZN,2009-10-09,90.25,96.72,88.27,95.71,35805600
AMZN,2009-10-02,91.04,94.17,89.58,89.85,28125600
AMZN,2009-09-25,89.69,94.5,88.48,90.52,27491400
AMZN,2009-09-18,83.81,91.19,82.79,90.28,35775300
AMZN,2009-09-11,79.86,84.9,78.87,84.54,26843800
AMZN,2009-09-04,81.93,82.42,77.51,78.87,26834000
AMZN,2009-08-28,85.17,86.34,82.57,82.76,21746400
AMZN,2009-08-21,81.16,85.06,80.25,85.0,29449300
AMZN,2009-08-14,85.01,86.6,82.45,83.58,25722100
AMZN,2009-08-07,86.56,88.2,83.02,85.32,30441300
AMZN,2009-07-31,86.24,87.25,82.6,85.76,39697200
AMZN,2009-07-24,86.27,94.4,85.5,86.49,57481500
AMZN,2009-07-17,78.07,86.5,78.01,85.85,29346300
AMZN,2009-07-10,78.45,78.89,75.41,77.63,34736600
AMZN,2009-07-02,83.87,84.92,78.51,79.32,28454900
AMZN,2009-06-26,82.41,84.14,76.25,83.88,39377000
AMZN,2009-06-19,82.83,84.3,80.64,82.96,29544000
AMZN,2009-06-12,86.75,88.56,82.01,84.08,27383500
AMZN,2009-06-05,78.21,87.95,77.49,87.56,41525800
AMZN,2009-05-29,75.03,79.5,74.55,77.99,22282000
AMZN,2009-05-22,73.96,81.11,73.1,75.64,31334200
AMZN,2009-05-15,76.8,79.85,73.31,73.6,38546800
AMZN,2009-05-08,80.26,83.6,76.31,77.95,39318700
AMZN,2009-05-01,83.88,85.35,77.85,78.96,42024300
AMZN,2009-04-24,78.44,86.68,76.83,84.46,64296600
AMZN,2009-04-17,79.84,79.97,73.51,78.05,36679200
AMZN,2009-04-09,77.26,80.0,74.5703,79.77,24235400
AMZN,2009-04-03,70.4,78.32,69.75,78.17,41209500
AMZN,2009-03-27,71.36,75.61,69.84,70.52,39192400
AMZN,2009-03-20,68.65,73.91,66.68,69.96,49029000
AMZN,2009-03-13,62.2,69.8699,60.15,68.63,63131100
AMZN,2009-03-06,63.94,65.8,59.82,61.69,59028500
AMZN,2009-02-27,64.16,66.1,60.94,64.79,45493100
AMZN,2009-02-20,61.67,64.18,60.52,63.86,30615500
AMZN,2009-02-13,66.53,67.36,61.71,63.26,40711900
AMZN,2009-02-06,58.57,67.0,58.13,66.55,69959700
AMZN,2009-01-30,50.18,59.74,47.72,58.82,81700400
AMZN,2009-01-23,50.7,51.7,48.25,50.63,25523300
AMZN,2009-01-16,54.12,54.3,47.63,51.59,47757600
AMZN,2009-01-09,55.73,58.22,53.03,55.51,41794600
AMZN,2009-01-02,51.43,54.53,48.56,54.36,28197800
AMZN,2008-12-26,51.6,53.95,48.47,51.78,23263200
AMZN,2008-12-19,50.65,54.85,48.1481,51.56,43812700
AMZN,2008-12-12,49.15,54.48,47.36,51.25,48257700
AMZN,2008-12-05,42.0,50.5,38.82,48.26,69959300
AMZN,2008-11-28,38.79,44.1,38.7,42.7,44485400
AMZN,2008-11-21,39.91,41.26,34.68,37.87,71748700
AMZN,2008-11-14,49.98,50.68,38.48,41.75,62557700
AMZN,2008-11-07,56.35,58.73,46.3,49.21,49259700
AMZN,2008-10-31,49.0,59.89,48.43,57.24,61450500
AMZN,2008-10-24,52.17,53.1,43.31,48.96,88842700
AMZN,2008-10-17,58.96,64.0,43.39,50.65,79786500
AMZN,2008-10-10,64.06,66.43,51.05,56.25,72418600
AMZN,2008-10-03,68.41,73.12,61.32,67.0,54627600
AMZN,2008-09-26,81.13,81.63,68.08,70.7,37824400
AMZN,2008-09-19,76.86,86.77,70.08,81.0,62408000
AMZN,2008-09-12,82.25,83.75,75.1,78.3,39050800
AMZN,2008-09-05,83.16,84.5,77.08,79.19,28129000
AMZN,2008-08-29,84.63,84.64,80.5,80.81,26920700
AMZN,2008-08-22,86.09,86.28,80.98,85.26,29964000
AMZN,2008-08-15,80.18,91.75,79.78,86.4,54078800
AMZN,2008-08-08,76.0,81.21,75.01,80.51,33306400
AMZN,2008-08-01,77.09,79.85,74.05,75.75,34893600
AMZN,2008-07-25,69.16,82.38,65.88,78.31,73756200
AMZN,2008-07-18,69.31,72.75,62.99,69.12,50297700
AMZN,2008-07-11,72.37,75.49,66.74,68.54,40055200
AMZN,2008-07-03,74.9,76.12,70.52,72.0,28689200
AMZN,2008-06-27,81.3,82.15,72.62,74.66,45109800
AMZN,2008-06-20,78.42,84.47,78.41,81.1,34709600
AMZN,2008-06-13,81.43,81.53,75.01,79.17,30656300
AMZN,2008-06-06,81.54,84.88,79.26,80.63,35325900
AMZN,2008-05-30,78.25,81.96,77.97,81.62,28937000
AMZN,2008-05-23,79.0,84.75,77.43,78.35,45390000
AMZN,2008-05-16,73.1,76.83,71.78,76.46,29949800
AMZN,2008-05-09,77.27,77.77,71.56,72.41,32944500
AMZN,2008-05-02,80.49,82.5,76.4,77.31,40945900
AMZN,2008-04-25,80.25,82.64,76.93,80.86,66360800
AMZN,2008-04-18,71.7,82.0,70.65,80.1,40925700
AMZN,2008-04-11,77.36,78.43,71.62,71.99,31339800
AMZN,2008-04-04,70.25,79.0,69.63,76.87,39099400
AMZN,2008-03-28,73.82,76.93,69.26,69.76,35229500
AMZN,2008-03-20,65.72,74.0,64.92,73.19,41712400
AMZN,2008-03-14,63.9,70.68,62.91,68.22,49940900
AMZN,2008-03-07,63.59,66.6,61.2,64.09,60332500
AMZN,2008-02-29,72.35,73.5,63.97,64.47,51512400
AMZN,2008-02-22,73.54,74.21,69.37,72.08,39053400
AMZN,2008-02-15,73.14,78.85,71.94,72.96,46900300
AMZN,2008-02-08,74.5,76.66,67.22,73.5,57390700
AMZN,2008-02-01,76.91,79.4,68.84,74.63,103008900
AMZN,2008-01-25,73.58,81.43,69.95,77.6,53142100
AMZN,2008-01-18,82.18,83.32,78.04,79.76,54384200
AMZN,2008-01-11,88.62,91.83,80.24,81.08,60910000
AMZN,2008-01-04,93.81,97.43,88.5,88.79,39006400
AMZN,2007-12-28,91.05,95.9,90.3,94.45,22160900
AMZN,2007-12-21,89.01,92.28,83.86,91.26,35064700
AMZN,2007-12-14,94.31,95.94,88.93,89.08,34726900
AMZN,2007-12-07,90.03,95.0,89.77,94.31,29354500
AMZN,2007-11-30,82.3,91.47,81.14,90.56,42506800
AMZN,2007-11-23,78.83,82.0,77.94,81.43,29719000
AMZN,2007-11-16,78.26,81.15,76.5,78.6,42266200
AMZN,2007-11-09,84.83,89.16,78.84,78.89,47208300
AMZN,2007-11-02,90.41,91.47,83.5,85.98,38043600
AMZN,2007-10-26,89.25,101.09,83.27,90.0,113704700
AMZN,2007-10-19,91.8,92.12,88.5,89.76,36254700
AMZN,2007-10-12,94.22,96.73,88.13,92.37,38323100
AMZN,2007-10-05,93.42,94.1,91.4,93.43,24158600
AMZN,2007-09-28,91.29,94.26,90.81,93.15,24518800
AMZN,2007-09-21,86.98,91.9,85.98,91.3,32172900
AMZN,2007-09-14,84.93,88.89,82.51,87.77,31195200
AMZN,2007-09-07,79.9,86.46,79.73,84.52,34386300
AMZN,2007-08-31,80.56,80.8,76.08,79.91,28581300
AMZN,2007-08-24,74.98,79.49,73.8001,79.25,32524000
AMZN,2007-08-17,76.09,76.32,70.05,75.02,36418600
AMZN,2007-08-10,77.06,80.0,72.37,74.7801,42723000
AMZN,2007-08-03,83.0,84.05,75.06,76.7999,62227200
AMZN,2007-07-27,71.78,89.0,68.85,84.0399,132272200
AMZN,2007-07-20,74.73,74.84,70.5,71.63,35113200
AMZN,2007-07-13,69.38,75.35,69.02,75.1,54249500
AMZN,2007-07-06,68.81,70.05,68.01,68.97,16232800
AMZN,2007-06-29,69.35,70.23,66.71,68.41,42183000
AMZN,2007-06-22,72.34,72.64,68.42,68.86,44849500
AMZN,2007-06-15,73.0,73.05,69.25,72.4,52985000
AMZN,2007-06-08,68.25,74.72,67.65,73.24,91756700
AMZN,2007-06-01,68.43,70.74,67.72,68.58,38631600
AMZN,2007-05-25,63.58,73.31,63.3,68.55,130074400
AMZN,2007-05-18,61.68,63.52,60.1,63.3,52618000
AMZN,2007-05-11,62.43,63.23,59.7,61.56,55205400
AMZN,2007-05-04,61.91,63.75,60.28,63.23,84706700
AMZN,2007-04-27,44.27,63.84,44.16,62.601,213554053
AMZN,2007-04-20,43.77,45.32,43.67,44.95,36629500
AMZN,2007-04-13,41.72,42.5,41.24,42.41,21047400
AMZN,2007-04-05,39.85,41.76,39.55,41.68,20412600
AMZN,2007-03-30,38.98,40.24,38.43,39.79,26119000
AMZN,2007-03-23,38.0,39.8,38.0,38.98,21297300
AMZN,2007-03-16,38.64,39.05,37.26,37.85,32805400
AMZN,2007-03-09,37.15,39.32,37.04,38.84,44887800
AMZN,2007-03-02,40.86,41.2,37.69,37.69,37616900
AMZN,2007-02-23,40.13,42.0,40.0,40.78,23835300
AMZN,2007-02-16,38.79,40.44,38.36,40.33,24922500
AMZN,2007-02-09,37.25,39.52,36.77,38.72,36670500
AMZN,2007-02-02,36.7,39.3,36.54,37.39,71459800
AMZN,2007-01-26,37.65,38.23,36.3,36.85,29789200
AMZN,2007-01-19,38.4,39.0,36.6,37.02,25871400
AMZN,2007-01-12,38.22,38.31,37.07,38.2,29945500
AMZN,2007-01-05,38.68,39.14,37.6,38.37,25343200
AMZN,2006-12-29,40.13,40.63,39.3499,39.46,16752600
AMZN,2006-12-22,40.2,40.64,38.23,40.24,33926300
AMZN,2006-12-15,38.22,40.19,38.08,40.01,29059200
AMZN,2006-12-08,39.31,39.58,37.7,38.46,32996500
AMZN,2006-12-01,42.18,42.8,39.09,39.41,38579100
AMZN,2006-11-24,42.35,43.25,41.94,42.41,19557700
AMZN,2006-11-17,39.23,43.1,39.13,42.55,48983300
AMZN,2006-11-10,37.64,39.77,37.53,39.26,30748100
AMZN,2006-11-03,38.05,38.59,36.87,37.46,30333100
AMZN,2006-10-27,32.47,38.49,32.14,38.24,104763800
AMZN,2006-10-20,32.85,33.2,31.75,32.57,28631400
AMZN,2006-10-13,32.49,33.71,32.27,33.32,28408100
AMZN,2006-10-06,31.98,33.4,30.58,32.59,34588900
AMZN,2006-09-29,31.05,32.59,30.74,32.12,31417100
AMZN,2006-09-22,32.445,32.81,29.9,30.84,45046700
AMZN,2006-09-15,30.23,32.74,29.72,32.52,32281000
AMZN,2006-09-08,31.61,32.3,29.68,30.51,30710700
AMZN,2006-09-01,28.4,31.8,28.27,31.76,37279000
AMZN,2006-08-25,28.7,28.98,27.54,28.03,22707900
AMZN,2006-08-18,26.22,29.75,26.18,29.12,36461100
AMZN,2006-08-11,27.19,27.29,25.76,26.07,31169300
AMZN,2006-08-04,27.02,27.59,25.84,27.29,46170900
AMZN,2006-07-28,33.35,34.68,25.96,27.17,140416400
AMZN,2006-07-21,32.79,34.81,32.79,33.19,34251400
AMZN,2006-07-14,36.3,36.7,32.8,32.92,29410300
AMZN,2006-07-07,38.52,38.62,35.75,36.11,16547100
AMZN,2006-06-30,36.55,38.84,36.17,38.68,24562200
AMZN,2006-06-23,35.2,37.05,34.88,36.55,25197800
AMZN,2006-06-16,34.21,35.26,33.08,35.09,25809100
AMZN,2006-06-09,34.46,34.54,32.42,33.88,28173400
AMZN,2006-06-02,35.73,35.75,33.73,34.76,22492300
AMZN,2006-05-26,33.96,36.5,33.18,36.07,39857700
AMZN,2006-05-19,32.55,34.0,31.52,33.94,38075100
AMZN,2006-05-12,34.99,35.31,32.55,32.73,25591400
AMZN,2006-05-05,35.06,35.57,33.51,35.04,32254400
AMZN,2006-04-28,36.0,36.35,35.01,35.21,36374600
AMZN,2006-04-21,36.5,37.2,35.05,36.03,23129500
AMZN,2006-04-13,37.22,37.28,35.49,36.62,17924100
AMZN,2006-04-07,36.56,38.84,36.02,37.09,29330400
AMZN,2006-03-31,35.44,36.9,35.1391,36.53,23343100
AMZN,2006-03-24,35.9,37.27,35.31,35.47,24861100
AMZN,2006-03-17,36.29,37.39,35.85,35.99,21973800
AMZN,2006-03-10,37.23,37.58,35.74,36.22,27390000
AMZN,2006-03-03,38.49,38.78,35.37,37.21,38210100
AMZN,2006-02-24,39.02,39.11,37.71,38.35,25420500
AMZN,2006-02-17,38.29,40.0,37.38,39.19,26387100
AMZN,2006-02-10,38.25,39.0,37.11,38.52,35395100
AMZN,2006-02-03,45.48,45.97,37.37,38.33,72897800
AMZN,2006-01-27,44.18,45.22,43.34,45.22,23445800
AMZN,2006-01-20,44.12,45.2392,43.1,43.92,27838600
AMZN,2006-01-13,46.55,47.1,44.0,44.4,37376900
AMZN,2006-01-06,47.47,48.58,46.25,47.87,26593200
AMZN,2005-12-30,48.9,49.1,47.14,47.15,18922700
AMZN,2005-12-23,48.99,50.001,47.68,49.22,28794700
AMZN,2005-12-16,49.15,49.95,48.48,49.21,25650000
AMZN,2005-12-09,48.86,49.9,47.86,48.74,33482100
AMZN,2005-12-02,48.15,49.53,47.55,49.06,43299200
AMZN,2005-11-25,47.57,49.01,47.28,48.06,41039600
AMZN,2005-11-18,42.52,48.0,42.34,47.98,103368400
AMZN,2005-11-11,41.08,43.04,40.55,42.68,21376200
AMZN,2005-11-04,39.35,42.0001,39.12,41.09,28470800
AMZN,2005-10-28,46.12,47.0,38.72,38.95,61948800
AMZN,2005-10-21,43.63,46.07,43.62,45.95,26765200
AMZN,2005-10-14,43.82,44.38,41.9,43.79,23096700
AMZN,2005-10-07,45.33,46.59,43.33,43.72,28388800
AMZN,2005-09-30,42.45,45.84,42.4,45.3,25478400
AMZN,2005-09-23,42.63,43.43,40.5,42.19,21209500
AMZN,2005-09-16,42.72,44.96,42.12,42.8,28302200
AMZN,2005-09-09,41.55,44.3,41.51,42.95,21254200
AMZN,2005-09-02,41.91,43.0,41.04,41.51,19353400
AMZN,2005-08-26,43.61,44.27,42.08,42.37,20716600
AMZN,2005-08-19,43.93,45.35,43.3301,43.72,19128800
AMZN,2005-08-12,45.32,46.439,44.05,44.2,31283600
AMZN,2005-08-05,44.88,46.97,44.35,45.27,32724800
AMZN,2005-07-29,38.0,45.81,37.72,45.15,101961200
AMZN,2005-07-22,36.95,39.75,36.69,37.95,32109000
AMZN,2005-07-15,34.72,37.5,34.6,37.15,25317300
AMZN,2005-07-08,33.5,34.75,33.45,34.74,20280900
AMZN,2005-07-01,34.91,35.05,32.79,32.91,25052300
AMZN,2005-06-24,35.05,35.97,34.8801,35.02,21039400
AMZN,2005-06-17,34.67,36.07,34.52,35.31,21729800
AMZN,2005-06-10,35.54,36.2,34.4,34.95,21420400
AMZN,2005-06-03,35.36,36.99,35.29,35.59,24854600
AMZN,2005-05-27,35.57,36.02,35.13,35.5,23563100
AMZN,2005-05-20,34.03,35.97,33.92,35.5,27540200
AMZN,2005-05-13,34.4,34.8,33.55,33.9,25951400
AMZN,2005-05-06,32.3,34.69,32.1,34.52,34962900
AMZN,2005-04-29,33.13,33.98,30.6,32.36,72523900
AMZN,2005-04-22,32.9,33.89,32.01,33.04,36838600
AMZN,2005-04-15,34.6,35.0,33.02,33.02,23738800
AMZN,2005-04-08,34.0,35.34,33.81,34.6,24371600
AMZN,2005-04-01,33.1,34.71,33.02,34.01,24386400
AMZN,2005-03-24,34.21,34.63,32.82,32.88,23236100
AMZN,2005-03-18,34.67,34.85,33.58,34.16,26026800
AMZN,2005-03-11,35.94,36.5,34.05,34.75,29673700
AMZN,2005-03-04,34.68,36.31,34.665,35.85,29684900
AMZN,2005-02-25,35.02,35.39,33.2,34.99,31627600
AMZN,2005-02-18,36.1582,36.63,35.1,35.31,27218400
AMZN,2005-02-11,35.81,36.8,35.0,35.78,40477800
AMZN,2005-02-04,42.52,43.59,34.53,35.72,117228700
AMZN,2005-01-28,41.32,43.0,40.26,42.22,40629500
AMZN,2005-01-21,44.24,45.0,41.02,41.16,37961600
AMZN,2005-01-14,42.05,44.66,40.82,44.55,53267100
AMZN,2005-01-07,44.95,45.44,40.9,42.32,56756700
AMZN,2004-12-31,39.52,45.68,39.47,44.29,71042800
AMZN,2004-12-23,39.87,40.49,38.55,38.93,20928200
AMZN,2004-12-17,39.31,41.0,38.82,40.01,28878700
AMZN,2004-12-10,39.85,40.1,37.99,39.05,32560500
AMZN,2004-12-03,39.575,40.74,37.71,40.09,39507300
AMZN,2004-11-26,38.37,39.68,37.58,39.09,24552800
AMZN,2004-11-19,40.34,41.5,38.19,38.55,41845400
AMZN,2004-11-12,36.75,40.94,36.7,40.46,42452600
AMZN,2004-11-05,34.23,37.62,34.15,36.56,42721400
AMZN,2004-10-29,34.02,34.77,33.51,34.13,43047200
AMZN,2004-10-22,38.28,40.19,33.0,34.6,76455700
AMZN,2004-10-15,39.82,41.55,37.88,38.55,40801300
AMZN,2004-10-08,41.3,42.7,39.63,40.0,36995300
AMZN,2004-10-01,40.71,41.3,38.97,40.47,50901300
AMZN,2004-09-24,42.76,43.99,40.85,40.94,41751400
AMZN,2004-09-17,39.131,44.28,38.82,42.96,54553900
AMZN,2004-09-10,39.03,39.36,37.36,38.57,24035500
AMZN,2004-09-03,39.85,40.01,37.86,38.74,30058400
AMZN,2004-08-27,39.84,40.83,38.16,39.9,31639900
AMZN,2004-08-20,36.14,40.48,35.98,39.51,48364000
AMZN,2004-08-13,35.34,37.35,34.85,36.13,42784900
AMZN,2004-08-06,38.32,39.08,34.85,35.49,43378900
AMZN,2004-07-30,40.1,40.24,37.38,38.92,48922400
AMZN,2004-07-23,47.22,47.85,39.56,39.98,79128100
AMZN,2004-07-16,48.15,50.4,46.78,47.1,31572300
AMZN,2004-07-09,52.55,52.6,47.82,48.32,30739900
AMZN,2004-07-02,52.5,54.7,51.83,52.59,39066700
AMZN,2004-06-25,49.46,51.94,48.24,51.8,33963700
AMZN,2004-06-18,49.36,50.91,49.04,49.6,26483200
AMZN,2004-06-10,51.69,52.12,49.26,49.94,27471100
AMZN,2004-06-04,47.88,51.51,47.7,50.95,46340800
AMZN,2004-05-28,41.29,48.68,41.17,48.5,44497800
AMZN,2004-05-21,42.24,43.27,40.55,41.17,30806300
AMZN,2004-05-14,41.25,44.13,40.57,43.05,38678600
AMZN,2004-05-07,43.45,45.15,41.68,41.9,36213800
AMZN,2004-04-30,46.2491,48.8,43.31,43.6,41302500
AMZN,2004-04-23,45.36,49.1,44.91,46.29,51180400
AMZN,2004-04-16,48.05,48.37,45.3337,45.5,30211400
AMZN,2004-04-08,45.67,48.15,45.39,48.1,25285700
AMZN,2004-04-02,42.07,46.25,41.97,46.09,30345400
AMZN,2004-03-26,41.75,42.49,39.15,41.7,40929800
AMZN,2004-03-19,42.26,43.75,40.92,42.8,29416900
AMZN,2004-03-12,43.99,45.06,41.04,42.44,33400700
AMZN,2004-03-05,42.88,44.83,41.65,44.09,35334300
AMZN,2004-02-27,45.19,45.253,42.23,43.01,40713900
AMZN,2004-02-20,46.14,46.45,44.64,45.17,33909500
AMZN,2004-02-13,46.75,48.1,45.51,46.38,31165700
AMZN,2004-02-06,50.56,50.65,44.3,46.35,79958600
AMZN,2004-01-30,56.81,57.74,48.6,50.4,74001000
AMZN,2004-01-23,55.57,57.82,55.41,57.11,31243200
AMZN,2004-01-16,51.65,56.78,50.8,55.72,56438800
AMZN,2004-01-09,52.0,53.6,49.1,51.59,49611800
AMZN,2004-01-02,53.79,53.84,51.43,51.9,25156400
AMZN,2003-12-26,48.98,54.94,48.7,53.47,31541900
AMZN,2003-12-19,52.05,52.25,47.0,49.24,52880000
AMZN,2003-12-12,51.55,52.2,48.31,50.99,43687600
AMZN,2003-12-05,54.4,54.75,50.75,51.56,47049200
AMZN,2003-11-28,49.28,54.06,48.65,53.97,37293500
AMZN,2003-11-21,51.93,52.19,47.67,48.58,61207100
AMZN,2003-11-14,53.95,55.13,50.76,52.45,44738200
AMZN,2003-11-07,54.8,57.49,54.0,54.31,38740200
AMZN,2003-10-31,54.9,57.52,54.38,54.43,41951400
AMZN,2003-10-24,59.56,61.15,52.91,54.509,85952800
AMZN,2003-10-17,57.94,60.41,57.44,59.69,50688500
AMZN,2003-10-10,52.89,59.1,52.59,58.06,74673300
AMZN,2003-10-03,48.88,53.22,47.51,52.89,53263200
AMZN,2003-09-26,46.56,51.3,46.2,48.56,69337900
AMZN,2003-09-19,45.36,48.24,45.05,47.58,34804300
AMZN,2003-09-12,46.5,47.38,44.73,45.68,41875100
AMZN,2003-09-05,46.52,47.75,45.86,46.52,38515200
AMZN,2003-08-29,44.85,46.44,44.53,46.32,31331200
AMZN,2003-08-22,40.5,46.95,40.38,45.22,50454000
AMZN,2003-08-15,38.99,40.47,38.31,40.1,25858900
AMZN,2003-08-08,39.7,40.29,38.28,39.15,34269600
AMZN,2003-08-01,41.49,42.5,39.78,40.03,40220900
AMZN,2003-07-25,34.71,43.1,34.0,41.6,92376200
AMZN,2003-07-18,38.5,39.61,34.79,34.9798,41212300
AMZN,2003-07-11,38.3,40.83,37.1,37.65,47060400
AMZN,2003-07-03,36.63,38.16,35.7,37.68,22318800
AMZN,2003-06-27,35.48,37.09,34.54,36.3,40292400
AMZN,2003-06-20,34.57,37.24,34.08,35.04,39585200
AMZN,2003-06-13,34.47,35.45,32.83,34.13,38892700
AMZN,2003-06-06,36.5,36.678,33.25,33.35,47556600
AMZN,2003-05-30,32.55,36.09,32.45,35.89,40810400
AMZN,2003-05-23,32.7,33.299,31.16,32.72,38583100
AMZN,2003-05-16,30.83,33.49,30.67,33.05,43921000
AMZN,2003-05-09,29.47,31.18,29.01,30.965,49945700
AMZN,2003-05-02,28.64,29.4599,28.15,29.43,53351000
AMZN,2003-04-25,25.03,29.0,24.77,28.97,80426700
AMZN,2003-04-17,24.8,25.5,24.13,24.99,32842900
AMZN,2003-04-11,27.21,27.56,24.78,25.75,40803100
AMZN,2003-04-04,26.57,27.09,25.06,26.22,39009000
AMZN,2003-03-28,27.08,28.04,26.2,27.18,42008500
AMZN,2003-03-21,24.47,27.95,24.4,27.93,52389600
AMZN,2003-03-14,22.6,24.9,22.49,24.71,34129900
AMZN,2003-03-07,22.15,23.04,21.36,22.97,26350800
AMZN,2003-02-28,21.64,22.18,20.25,22.01,26445300
AMZN,2003-02-21,20.15,21.83,20.15,21.78,24748300
AMZN,2003-02-14,21.4,21.6,19.61,20.06,38411500
AMZN,2003-02-07,21.94,22.5,21.2,21.44,26336800
AMZN,2003-01-31,21.68,22.4,21.23,21.85,35460500
AMZN,2003-01-24,21.25,23.29,20.36,22.11,45656500
AMZN,2003-01-17,21.33,22.76,21.23,21.4,34857300
AMZN,2003-01-10,20.4,21.75,20.3,21.32,37981900
AMZN,2003-01-03,18.85,20.53,18.55,20.52,29062700
AMZN,2002-12-27,21.78,22.47,18.43,18.86,42945200
AMZN,2002-12-20,22.23,22.56,21.53,21.8,23102700
AMZN,2002-12-13,22.23,22.62,21.24,22.18,30772400
AMZN,2002-12-06,24.15,25.0,21.51,22.61,44968600
AMZN,2002-11-29,24.03,24.5,23.33,23.35,24740200
AMZN,2002-11-22,22.65,24.28,21.22,23.99,73861900
AMZN,2002-11-15,19.4,22.35,18.8,22.21,59853700
AMZN,2002-11-08,19.4,19.81,18.2,19.51,42331100
AMZN,2002-11-01,19.27,19.9,18.07,19.8,35302600
AMZN,2002-10-25,18.89,20.26,18.49,19.3,50881400
AMZN,2002-10-18,18.18,20.22,18.17,19.04,53372900
AMZN,2002-10-11,16.55,18.74,16.37,18.46,38086700
AMZN,2002-10-04,16.64,17.64,15.85,16.55,40684300
AMZN,2002-09-27,15.6,17.4,15.29,17.01,42485100
AMZN,2002-09-20,16.51,17.93,15.45,15.86,37421400
AMZN,2002-09-13,15.12,17.85,15.06,16.61,37454500
AMZN,2002-09-06,14.71,15.48,14.24,15.31,19426100
AMZN,2002-08-30,15.29,15.44,14.21,14.94,25205500
AMZN,2002-08-23,14.84,15.99,14.67,15.17,31155500
AMZN,2002-08-16,14.14,15.01,13.32,14.9,24371600
AMZN,2002-08-09,13.65,14.75,12.78,14.26,24363600
AMZN,2002-08-02,13.25,14.9,13.23,13.84,26654800
AMZN,2002-07-26,15.15,15.88,12.26,12.93,55307500
AMZN,2002-07-19,15.47,17.16,15.0,15.29,37101400
AMZN,2002-07-12,14.95,16.19,14.0,15.43,34496900
AMZN,2002-07-05,16.17,16.17,12.89,15.21,33277000
AMZN,2002-06-28,17.43,17.78,14.68,16.25,41962900
AMZN,2002-06-21,16.95,19.16,16.86,17.53,38307800
AMZN,2002-06-14,17.9,18.12,16.26,16.82,36800500
AMZN,2002-06-07,18.31,18.65,17.45,18.58,25546600
AMZN,2002-05-31,19.57,19.61,18.08,18.23,20080900
AMZN,2002-05-24,18.8,19.8,18.22,19.47,31198000
AMZN,2002-05-17,17.17,20.4,16.85,19.16,48520500
AMZN,2002-05-10,15.94,18.23,15.75,16.94,37359800
AMZN,2002-05-03,16.75,17.05,15.75,16.05,32517300
AMZN,2002-04-26,14.58,17.05,13.88,16.91,67692500
AMZN,2002-04-19,13.42,15.0,13.35,14.53,23794800
AMZN,2002-04-12,12.97,14.59,12.52,13.31,28330200
AMZN,2002-04-05,14.8,15.09,13.23,13.5,24305100
AMZN,2002-03-28,15.47,15.73,13.7,14.3,21310000
AMZN,2002-03-22,14.15,15.6,14.14,15.53,32667700
AMZN,2002-03-15,16.04,16.88,13.55,14.03,45293200
AMZN,2002-03-08,15.42,16.96,14.82,16.35,55707700
AMZN,2002-03-01,13.09,15.4,13.0,15.39,38487400
AMZN,2002-02-22,12.95,13.84,12.15,13.07,32449600
AMZN,2002-02-15,12.64,14.26,12.5,13.41,39520800
AMZN,2002-02-08,12.91,13.09,11.06,12.52,55568900
AMZN,2002-02-01,14.86,15.77,13.2,13.73,76299400
AMZN,2002-01-25,12.74,15.39,11.9,14.44,128422600
AMZN,2002-01-18,10.8,10.83,9.03,10.16,54229700
AMZN,2002-01-11,12.08,12.52,10.87,11.03,41506300
AMZN,2002-01-04,11.07,12.4,10.49,12.25,36117300
AMZN,2001-12-28,10.15,11.49,9.51,10.9,45533400
AMZN,2001-12-21,11.1,11.36,10.0,10.0,44753300
AMZN,2001-12-14,11.55,12.5,10.07,11.0,48623700
AMZN,2001-12-07,11.08,12.8,10.48,11.71,67510400
AMZN,2001-11-30,9.83,12.4,9.8,11.32,162677000
AMZN,2001-11-23,9.35,9.5,8.04,9.08,30532800
AMZN,2001-11-16,7.16,9.9,6.8,8.95,73503600
AMZN,2001-11-09,7.1,7.68,6.74,7.12,35501300
AMZN,2001-11-02,7.61,7.66,6.32,6.71,31709400
AMZN,2001-10-26,8.07,9.6,7.15,7.56,58524700
AMZN,2001-10-19,8.24,9.99,7.5,8.01,37206500
AMZN,2001-10-12,7.3,8.16,6.67,8.07,20079100
AMZN,2001-10-05,5.91,7.9,5.51,7.2,31113700
AMZN,2001-09-28,7.7,7.83,5.67,5.97,33047100
AMZN,2001-09-21,7.3,8.05,6.64,7.48,47777900
AMZN,2001-09-10,8.4,8.65,8.06,8.63,5833600
AMZN,2001-09-07,8.95,9.19,6.85,8.51,40184800
AMZN,2001-08-31,10.09,10.27,8.55,8.94,19143700
AMZN,2001-08-24,10.19,10.79,9.57,10.23,20659100
AMZN,2001-08-17,10.1,11.04,9.4,9.99,24584800
AMZN,2001-08-10,12.18,12.2,9.94,9.95,23831700
AMZN,2001-08-03,12.21,12.86,11.98,12.15,22027900
AMZN,2001-07-27,17.02,17.13,11.07,12.25,73374900
AMZN,2001-07-20,16.94,17.42,15.83,16.98,23643600
AMZN,2001-07-13,15.35,17.0,14.82,16.98,35290300
AMZN,2001-07-06,14.1,15.72,13.85,15.27,30210000
AMZN,2001-06-29,12.71,14.65,12.04,14.15,31216600
AMZN,2001-06-22,12.45,13.28,11.2,12.4,38573000
AMZN,2001-06-15,15.5,15.55,12.3,12.49,25849000
AMZN,2001-06-08,17.32,17.92,15.48,15.7,34588700
AMZN,2001-06-01,17.21,17.54,15.62,16.95,34346900
AMZN,2001-05-25,14.95,17.53,14.75,17.09,35731500
AMZN,2001-05-18,14.53,15.0,13.1,14.72,31431600
AMZN,2001-05-11,17.36,17.53,14.0,14.68,25445700
AMZN,2001-05-04,15.63,17.6,15.59,17.56,29979900
AMZN,2001-04-27,16.39,17.46,14.6,15.27,38495900
AMZN,2001-04-20,14.5,18.16,13.65,15.78,48203300
AMZN,2001-04-12,11.84,15.01,10.7,14.67,67217900
AMZN,2001-04-06,10.33,10.53,8.1,8.37,30083000
AMZN,2001-03-30,10.7,11.8,9.91,10.23,24037500
AMZN,2001-03-23,11.19,11.5,9.563,10.19,28924800
AMZN,2001-03-16,11.38,11.69,10.13,11.0,24980700
AMZN,2001-03-09,12.38,14.0,11.25,12.25,71150600
AMZN,2001-03-02,12.06,12.25,9.594,10.0,47133800
AMZN,2001-02-23,13.63,13.69,11.06,11.81,27540800
AMZN,2001-02-16,14.13,15.06,13.31,13.69,41089200
AMZN,2001-02-09,14.63,15.88,13.38,13.38,48582800
AMZN,2001-02-02,19.13,20.75,14.25,14.38,62031900
AMZN,2001-01-26,19.5,22.38,18.25,19.5,35152000
AMZN,2001-01-19,18.31,20.38,17.25,19.94,25476300
AMZN,2001-01-12,14.44,18.5,13.75,17.69,66093200
AMZN,2001-01-05,15.81,17.88,13.56,14.56,43303200
AMZN,2000-12-29,16.31,18.5,15.0,15.56,33916900
AMZN,2000-12-22,20.75,21.19,14.88,15.56,69542800
AMZN,2000-12-15,22.88,27.5,21.75,22.88,40227300
AMZN,2000-12-08,25.19,27.63,20.13,23.44,50668500
AMZN,2000-12-01,29.75,30.75,22.88,24.63,50083000
AMZN,2000-11-24,26.0,29.13,22.13,28.94,32152200
AMZN,2000-11-17,28.81,30.81,25.75,27.44,30609400
AMZN,2000-11-10,38.56,39.44,29.88,30.06,30200400
AMZN,2000-11-03,33.06,40.88,30.27,37.56,46481000
AMZN,2000-10-27,29.69,37.5,27.63,35.63,82645300
AMZN,2000-10-20,28.13,31.25,19.38,30.81,63573700
AMZN,2000-10-13,30.25,32.72,23.5,28.44,43548700
AMZN,2000-10-06,38.19,38.44,30.19,31.56,34536100
AMZN,2000-09-29,41.22,42.56,35.5,38.44,32126200
AMZN,2000-09-22,43.5,44.63,37.25,41.44,34842600
AMZN,2000-09-15,42.63,46.0,41.0,43.63,26497300
AMZN,2000-09-08,40.94,49.63,40.25,42.94,36926500
AMZN,2000-09-01,38.81,43.97,38.56,41.5,34582600
AMZN,2000-08-25,39.09,40.5,35.0,39.94,19694600
AMZN,2000-08-18,33.5,40.13,32.69,39.0,36892800
AMZN,2000-08-11,32.0,34.25,29.75,33.69,33517300
AMZN,2000-08-04,30.06,34.19,27.88,32.5,32603300
AMZN,2000-07-28,41.06,41.38,29.0,30.0,85104800
AMZN,2000-07-21,42.88,43.94,39.0,41.13,30890700
AMZN,2000-07-14,36.38,43.2,32.63,42.63,56436600
AMZN,2000-07-07,36.69,38.5,34.75,36.13,16613700
AMZN,2000-06-30,35.31,39.94,32.81,36.31,69027300
AMZN,2000-06-23,45.5,48.63,32.47,33.88,77278200
AMZN,2000-06-16,52.19,52.19,45.31,46.0,20420600
AMZN,2000-06-09,55.03,56.25,50.13,52.19,20470100
AMZN,2000-06-02,47.31,58.13,46.38,57.88,28439900
AMZN,2000-05-26,53.0,53.13,40.44,46.5,34317100
AMZN,2000-05-19,53.63,62.38,50.88,52.63,26894100
AMZN,2000-05-12,56.81,59.25,49.0,53.75,26763700
AMZN,2000-05-05,56.0,60.31,53.0,58.5,30218500
AMZN,2000-04-28,49.38,57.44,44.88,55.19,43949900
AMZN,2000-04-20,45.25,56.25,44.63,52.38,33215000
AMZN,2000-04-14,67.25,68.44,40.81,46.88,48679200
AMZN,2000-04-07,65.44,68.63,55.75,67.56,36168400
AMZN,2000-03-31,72.25,75.13,63.0,67.0,25982200
AMZN,2000-03-24,63.5,74.0,62.25,67.69,49650900
AMZN,2000-03-17,64.0,66.94,60.0,64.81,31523900
AMZN,2000-03-10,62.88,69.0,60.56,66.88,29811300
AMZN,2000-03-03,66.56,68.97,62.06,62.5,31822500
AMZN,2000-02-25,64.94,71.75,63.06,69.13,24866800
AMZN,2000-02-18,75.69,76.19,63.88,64.75,30710400
AMZN,2000-02-11,76.19,84.0,73.13,76.19,57470800
AMZN,2000-02-04,60.38,85.94,58.44,78.56,92901400
AMZN,2000-01-28,67.56,73.38,60.0,61.69,65724200
AMZN,2000-01-21,63.44,67.5,60.0,62.06,31070300
AMZN,2000-01-14,72.56,72.63,63.0,64.25,53396800
AMZN,2000-01-07,81.5,91.5,64.0,69.56,101319800
AMZN,1999-12-31,87.75,88.25,76.0,76.13,49268400
AMZN,1999-12-23,97.75,101.6,89.06,90.0,38911700
AMZN,1999-12-17,106.6,106.6,91.0,94.06,41855400
AMZN,1999-12-10,86.88,113.0,84.38,106.7,85087100
AMZN,1999-12-03,95.5,96.88,81.97,86.56,62872700
AMZN,1999-11-26,77.88,95.13,76.0,93.13,55020000
AMZN,1999-11-19,75.63,80.0,73.31,77.94,39904300
AMZN,1999-11-12,64.81,83.06,63.5,74.94,89936700
AMZN,1999-11-05,68.06,71.88,61.0,64.94,64690000
AMZN,1999-10-29,79.0,84.31,65.88,70.63,73142800
AMZN,1999-10-22,75.06,83.63,71.06,78.63,42575100
AMZN,1999-10-15,89.13,89.38,73.94,75.06,50385500
AMZN,1999-10-08,79.44,90.0,74.75,89.25,77777800
AMZN,1999-10-01,66.19,85.0,61.13,77.25,151002800
AMZN,1999-09-24,63.69,68.75,60.69,65.0,49573200
AMZN,1999-09-17,65.63,67.94,62.5,63.81,38646100
AMZN,1999-09-10,63.81,68.0,60.94,66.5,37588800
AMZN,1999-09-03,127.6,130.0,57.38,62.44,61479450
AMZN,1999-08-27,115.9,135.6,115.8,128.5,48662200
AMZN,1999-08-20,98.25,117.5,95.5,113.3,48701800
AMZN,1999-08-13,91.38,98.0,82.0,97.44,42908500
AMZN,1999-08-06,98.38,102.1,82.0,89.56,63627000
AMZN,1999-07-30,110.4,115.2,97.5,100.1,55493000
AMZN,1999-07-23,136.0,136.6,103.2,114.6,65711200
AMZN,1999-07-16,125.0,142.5,115.0,137.6,41785200
AMZN,1999-07-09,128.0,133.3,120.0,125.5,20540200
AMZN,1999-07-02,111.0,129.3,102.4,124.1,35508600
AMZN,1999-06-25,113.6,129.5,108.1,110.2,33746700
AMZN,1999-06-18,103.9,119.1,89.75,111.3,43897300
AMZN,1999-06-11,108.6,121.4,104.8,106.3,33123600
AMZN,1999-06-04,111.5,115.0,97.13,108.4,46893100
AMZN,1999-05-28,128.6,129.4,104.5,118.8,37088100
AMZN,1999-05-21,130.0,139.6,121.5,128.6,30392400
AMZN,1999-05-14,136.6,153.9,129.8,132.4,29137900
AMZN,1999-05-07,166.9,167.1,131.0,136.4,55265500
AMZN,1999-04-30,209.0,221.3,165.0,172.1,55669500
AMZN,1999-04-23,189.0,216.5,153.5,210.1,51855900
AMZN,1999-04-16,176.1,192.0,151.0,190.0,37359700
AMZN,1999-04-09,172.6,195.8,166.0,182.9,30971000
AMZN,1999-04-01,150.0,180.1,148.0,171.0,39366400
AMZN,1999-03-26,133.2,147.8,114.0,139.1,35190400
AMZN,1999-03-19,133.0,143.1,128.3,135.1,22724000
AMZN,1999-03-12,121.4,142.8,119.3,133.3,33228500
AMZN,1999-03-05,127.0,136.1,115.9,121.5,40782300
AMZN,1999-02-26,101.8,130.0,98.0,128.1,63596500
AMZN,1999-02-19,106.9,108.5,84.25,101.9,32964600
AMZN,1999-02-12,114.4,115.1,95.0,104.5,30093800
AMZN,1999-02-05,117.8,126.8,108.5,115.9,32418100
AMZN,1999-01-29,121.5,139.8,110.0,116.9,63513900
AMZN,1999-01-22,150.5,150.5,92.56,123.0,66377300
AMZN,1999-01-15,184.0,185.0,126.0,140.4,67143800
AMZN,1999-01-08,327.7,356.0,106.5,160.3,92084267
AMZN,1998-12-31,331.0,361.9,303.9,321.3,17564700
AMZN,1998-12-24,303.5,330.0,300.0,324.8,14187000
AMZN,1998-12-18,221.1,301.8,218.0,286.7,44858400
AMZN,1998-12-11,193.0,224.3,185.1,223.0,23943300
AMZN,1998-12-04,219.6,220.3,182.0,188.5,25108300
AMZN,1998-11-27,190.9,233.1,186.1,216.6,31094400
AMZN,1998-11-20,128.5,181.8,123.5,180.6,39663500
AMZN,1998-11-13,121.9,140.0,120.8,127.8,15599700
AMZN,1998-11-06,128.1,133.1,124.0,124.6,17315300
AMZN,1998-10-30,119.1,129.8,114.3,126.4,18947900
AMZN,1998-10-23,99.0,118.3,99.0,116.1,14797800
AMZN,1998-10-16,97.13,101.9,89.75,99.44,14411500
AMZN,1998-10-09,108.9,112.3,80.0,91.19,24435600
AMZN,1998-10-02,116.4,120.0,100.0,110.3,29209800
AMZN,1998-09-25,76.0,116.9,76.0,109.3,31229900
AMZN,1998-09-18,80.38,85.94,70.38,79.69,21767900
AMZN,1998-09-11,94.0,94.75,73.5,76.06,15902500
AMZN,1998-09-04,105.4,107.6,65.38,86.25,33177200
AMZN,1998-08-28,130.3,137.5,103.3,105.9,16625800
AMZN,1998-08-21,120.8,133.8,118.5,129.7,13820400
AMZN,1998-08-14,117.0,135.0,115.0,122.8,18475800
AMZN,1998-08-07,109.8,118.9,100.0,116.0,17679200
AMZN,1998-07-31,119.1,127.4,105.5,110.9,19072800
AMZN,1998-07-24,121.1,147.0,117.0,124.3,28002000
AMZN,1998-07-17,96.5,120.5,94.25,119.8,15673600
AMZN,1998-07-10,127.4,143.8,98.13,99.5,34487000
AMZN,1998-07-02,94.75,125.5,94.75,124.0,21153200
AMZN,1998-06-26,74.75,104.8,72.25,94.25,36350100
AMZN,1998-06-19,59.5,82.5,59.13,75.81,30242100
AMZN,1998-06-12,43.81,63.5,43.5,61.0,17781900
AMZN,1998-06-05,88.0,88.5,41.25,44.25,3854450
AMZN,1998-05-29,86.06,89.0,79.75,88.13,4347700
AMZN,1998-05-22,90.0,91.5,85.5,86.0,1946300
AMZN,1998-05-15,92.94,94.63,86.5,89.63,4181800
AMZN,1998-05-08,95.0,95.88,88.25,92.38,3321100
AMZN,1998-05-01,83.38,99.5,77.13,94.5,12660800
AMZN,1998-04-24,95.38,99.5,80.5,84.88,4806200
AMZN,1998-04-17,94.88,100.0,92.0,94.88,5148000
AMZN,1998-04-09,94.25,96.0,84.75,95.25,4167300
AMZN,1998-04-03,85.88,96.75,83.75,93.0,4571200
AMZN,1998-03-27,83.56,87.13,79.5,85.0,2958300
AMZN,1998-03-20,79.56,87.5,77.88,84.0,3216700
AMZN,1998-03-13,76.88,88.25,76.75,78.69,6373100
AMZN,1998-03-06,75.88,78.19,70.0,76.75,3681300
AMZN,1998-02-27,63.5,79.63,62.5,77.0,5395700
AMZN,1998-02-20,62.63,63.5,60.63,63.25,1040600
AMZN,1998-02-13,59.0,65.56,57.25,62.25,2737800
AMZN,1998-02-06,59.38,63.0,58.5,58.88,1711000
AMZN,1998-01-30,59.75,60.75,55.5,59.0,1889000
AMZN,1998-01-23,57.88,64.13,57.75,59.25,2733000
AMZN,1998-01-16,50.0,60.13,49.75,57.5,2650500
AMZN,1998-01-09,58.63,59.25,50.75,51.13,1929100
