ATVI,2019-05-09,46.03,48.2,45.7,46.93,32356192
ATVI,2019-05-03,48.43,49.83,46.16,47.15,62716157
ATVI,2019-04-26,45.24,48.48,44.7,48.15,29691414
ATVI,2019-04-18,47.27,47.57,43.96,45.31,28332041
ATVI,2019-04-12,47.23,48.24,46.37,47.28,23203736
ATVI,2019-04-05,46.5,48.6,46.16,47.29,41591634
ATVI,2019-03-29,46.75,47.88,44.8702,45.53,39494011
ATVI,2019-03-22,44.93,48.83,44.12,46.87,66804585
ATVI,2019-03-15,42.23,45.11,41.99,44.63,51518968
ATVI,2019-03-08,43.06,43.25,40.89,42.03,51406426
ATVI,2019-03-01,41.82,43.179,41.0,42.84,51683305
ATVI,2019-02-22,44.45,45.56,41.25,41.5,68174814
ATVI,2019-02-15,43.8,46.59,39.85,44.6,169848963
ATVI,2019-02-08,46.32,48.09,42.53,43.41,90660189
ATVI,2019-02-01,47.0,47.49,45.23,46.01,51931583
ATVI,2019-01-25,48.17,48.39,45.63,47.8,29546727
ATVI,2019-01-18,46.07,49.32,45.82,48.65,46066569
ATVI,2019-01-11,47.24,51.49,44.47,46.54,71151912
ATVI,2019-01-04,47.04,47.55,45.0,47.17,32383692
ATVI,2018-12-28,45.35,47.5851,43.71,46.8,32211940
ATVI,2018-12-21,47.6,48.42,44.96,45.85,56362621
ATVI,2018-12-14,47.23,50.22,46.67,47.75,49814666
ATVI,2018-12-07,51.0,51.44,45.5,47.23,90106373
ATVI,2018-11-30,50.69,52.91,49.26,49.88,49449272
ATVI,2018-11-23,50.81,51.21,46.83,50.05,42177737
ATVI,2018-11-16,55.0,55.6,50.855,50.94,55238656
ATVI,2018-11-09,68.0,68.3,53.5,55.01,87667327
ATVI,2018-11-02,70.34,70.34,63.4,68.99,39049467
ATVI,2018-10-26,70.1,70.95,66.7139,68.84,37786858
ATVI,2018-10-19,75.54,78.98,69.53,69.75,54949270
ATVI,2018-10-12,79.02,80.25,73.2281,77.92,41165798
ATVI,2018-10-05,84.18,84.6794,78.66,79.59,28957304
ATVI,2018-09-28,79.7,83.75,79.35,83.19,31124946
ATVI,2018-09-21,81.49,81.88,78.52,80.29,30699487
ATVI,2018-09-14,73.88,82.03,73.25,81.27,40222721
ATVI,2018-09-07,72.13,73.71,70.995,73.57,22761407
ATVI,2018-08-31,74.87,75.77,71.01,72.1,32525950
ATVI,2018-08-24,69.21,74.16,68.22,74.09,34260794
ATVI,2018-08-17,70.61,72.3,68.33,69.15,34133174
ATVI,2018-08-10,71.16,71.665,69.27,70.61,33404936
ATVI,2018-08-03,75.37,75.48,70.73,71.32,40672298
ATVI,2018-07-27,79.5,80.2,74.67,75.36,24761125
ATVI,2018-07-20,81.61,81.64,77.55,79.65,23495690
ATVI,2018-07-13,77.7,81.64,75.35,81.5,28904516
ATVI,2018-07-06,75.36,77.68,75.0,77.19,16306173
ATVI,2018-06-29,75.19,77.24,73.4,76.32,24581437
ATVI,2018-06-22,77.02,77.93,75.215,75.98,19507011
ATVI,2018-06-15,74.25,79.25,74.225,77.41,31368069
ATVI,2018-06-08,73.25,75.28,72.19,74.29,25486171
ATVI,2018-06-01,70.8,73.21,69.87,73.03,21388386
ATVI,2018-05-25,72.5,73.5,70.05,71.46,23441940
ATVI,2018-05-18,71.87,72.34,69.67,71.99,24011204
ATVI,2018-05-11,70.27,72.91,69.18,71.7,25534472
ATVI,2018-05-04,65.86,71.03,64.06,69.84,50686886
ATVI,2018-04-27,66.6,67.84,64.01,65.79,22504209
ATVI,2018-04-20,66.53,69.01,65.76,66.3,24975234
ATVI,2018-04-13,65.16,67.59,64.96,65.88,25540698
ATVI,2018-04-06,66.8,67.66,63.52,64.56,30548643
ATVI,2018-03-29,69.43,70.67,64.45,67.46,33966754
ATVI,2018-03-23,71.0,72.63,68.02,68.04,26646655
ATVI,2018-03-16,79.24,79.63,71.61,71.68,45330819
ATVI,2018-03-09,73.66,78.25,72.75,78.22,37935595
ATVI,2018-03-02,72.68,74.82,70.74,74.01,31310964
ATVI,2018-02-23,69.97,72.07,69.07,72.07,21500456
ATVI,2018-02-16,67.16,72.1252,67.11,70.19,32783982
ATVI,2018-02-09,70.54,71.13,63.32,67.08,52832866
ATVI,2018-02-02,72.5,74.945,70.7276,71.42,30111094
ATVI,2018-01-26,70.45,72.59,69.68,72.52,27910962
ATVI,2018-01-19,70.92,71.18,68.4,70.57,22758795
ATVI,2018-01-12,66.49,70.71,64.9,70.36,30411476
ATVI,2018-01-05,63.54,66.47,63.37,66.37,18318281
ATVI,2017-12-29,64.24,64.47,62.6001,63.32,14259417
ATVI,2017-12-22,67.08,67.4,64.0061,64.51,23415974
ATVI,2017-12-15,62.14,67.0,62.14,66.73,29303525
ATVI,2017-12-08,62.39,63.51,57.29,62.43,40795969
ATVI,2017-12-01,66.18,66.46,60.7128,61.96,31031146
ATVI,2017-11-24,63.93,66.31,63.28,66.03,14014332
ATVI,2017-11-17,62.72,64.44,62.5,64.1,19906774
ATVI,2017-11-10,63.41,64.9,60.1,63.0,42736144
ATVI,2017-11-03,64.33,67.03,62.11,63.2,42755916
ATVI,2017-10-27,62.7,64.27,61.19,64.14,26214397
ATVI,2017-10-20,61.12,63.14,60.36,62.63,21204540
ATVI,2017-10-13,61.5,62.58,60.52,61.08,31672674
ATVI,2017-10-06,64.42,64.71,62.15,63.25,23383733
ATVI,2017-09-29,63.72,64.71,61.32,64.51,30349544
ATVI,2017-09-22,65.0,65.45,63.33,63.9,29139128
ATVI,2017-09-15,65.54,66.5,64.68,65.0,34100448
ATVI,2017-09-08,64.84,66.17,63.871,64.93,22375209
ATVI,2017-09-01,63.09,66.58,61.95,65.12,28623759
ATVI,2017-08-25,62.0,64.48,61.43,62.58,24189060
ATVI,2017-08-18,61.5,63.21,61.05,62.01,20056046
ATVI,2017-08-11,62.14,62.85,59.77,60.74,34199505
ATVI,2017-08-04,61.55,64.06,60.43,62.01,36728934
ATVI,2017-07-28,60.95,63.19,59.88,61.45,25634151
ATVI,2017-07-21,60.82,62.39,60.11,60.93,22028626
ATVI,2017-07-14,58.28,61.4,57.68,60.75,30813760
ATVI,2017-07-07,57.77,58.36,55.86,58.09,21822019
ATVI,2017-06-30,60.68,61.18,56.22,57.57,34195868
ATVI,2017-06-23,59.16,61.5767,59.16,60.44,31281502
ATVI,2017-06-16,57.06,59.47,55.41,58.8,48246328
ATVI,2017-06-09,59.76,61.1,56.95,58.03,33306976
ATVI,2017-06-02,58.48,59.74,57.77,59.65,28914417
ATVI,2017-05-26,56.2,60.13,55.76,58.28,38584144
ATVI,2017-05-19,56.01,57.299,53.66,55.88,37551559
ATVI,2017-05-12,53.81,56.23,53.35,56.01,26654318
ATVI,2017-05-05,52.63,54.75,52.32,53.83,32683222
ATVI,2017-04-28,50.5,52.28,50.36,52.25,24681279
ATVI,2017-04-21,48.56,50.06,48.5,49.87,19676042
ATVI,2017-04-13,49.5,49.64,48.41,48.42,15373459
ATVI,2017-04-07,49.86,50.0699,48.86,49.61,22786531
ATVI,2017-03-31,48.74,50.4,48.74,49.86,37750207
ATVI,2017-03-24,49.16,49.445,47.8001,49.12,32323898
ATVI,2017-03-17,49.3,49.7,48.62,49.13,31828976
ATVI,2017-03-10,46.75,49.57,46.75,49.2,36997024
ATVI,2017-03-03,45.33,47.33,44.945,47.07,42266975
ATVI,2017-02-24,45.41,45.75,44.6,45.55,24596075
ATVI,2017-02-17,46.04,46.7,44.47,45.33,66946046
ATVI,2017-02-10,40.04,47.64,38.93,47.23,46768537
ATVI,2017-02-03,39.57,40.73,39.15,40.01,41518191
ATVI,2017-01-27,38.96,39.7283,38.375,39.61,26832395
ATVI,2017-01-20,38.95,39.25,38.65,38.97,20582042
ATVI,2017-01-13,38.09,39.4,37.37,38.95,36788329
ATVI,2017-01-06,36.44,38.265,36.18,37.91,34183155
ATVI,2016-12-30,36.55,36.93,35.95,36.11,16425386
ATVI,2016-12-23,36.33,37.2,35.86,36.5,24523562
ATVI,2016-12-16,36.77,38.16,36.12,36.47,42461166
ATVI,2016-12-09,36.01,37.62,35.89,36.79,39336077
ATVI,2016-12-02,37.37,38.16,35.12,35.71,47213151
ATVI,2016-11-25,38.58,38.64,36.32,37.22,49078444
ATVI,2016-11-18,39.21,40.2,37.7402,38.39,66591018
ATVI,2016-11-11,42.52,42.56,38.23,39.41,71696418
ATVI,2016-11-04,43.42,43.67,40.86,41.7,57828166
ATVI,2016-10-28,44.9,45.55,42.96,43.32,29755986
ATVI,2016-10-21,43.63,44.75,43.33,44.54,26097227
ATVI,2016-10-14,43.96,44.33,42.51,43.69,30011969
ATVI,2016-10-07,44.3,44.61,43.72,43.92,28872538
ATVI,2016-09-30,44.22,44.455,43.665,44.3,35177579
ATVI,2016-09-23,44.58,45.12,43.85,44.36,37792644
ATVI,2016-09-16,41.95,44.76,41.85,44.42,81095432
ATVI,2016-09-09,43.0,44.23,42.29,42.29,39552764
ATVI,2016-09-02,41.11,43.1,41.02,42.8,33878531
ATVI,2016-08-26,39.99,41.21,39.81,41.05,30803202
ATVI,2016-08-19,41.61,41.99,39.29,39.98,56719528
ATVI,2016-08-12,40.73,41.71,40.45,41.14,35035357
ATVI,2016-08-05,40.39,42.45,39.53,40.56,53862966
ATVI,2016-07-29,41.96,42.67,39.73,40.16,56244356
ATVI,2016-07-22,42.4,42.44,40.93,41.44,32110400
ATVI,2016-07-15,41.44,43.05,41.17,42.2,51431515
ATVI,2016-07-08,39.4,41.32,39.28,41.29,29459777
ATVI,2016-07-01,36.6,40.705,35.77,39.61,46521110
ATVI,2016-06-24,38.56,39.23,36.82,36.98,50498597
ATVI,2016-06-17,37.53,39.15,37.24,38.08,61030369
ATVI,2016-06-10,37.65,39.02,36.83,37.77,63294444
ATVI,2016-06-03,39.54,39.69,37.63,37.81,33165738
ATVI,2016-05-27,37.63,39.99,37.31,39.34,35458401
ATVI,2016-05-20,38.45,39.48,37.16,37.53,45379715
ATVI,2016-05-13,37.79,38.98,36.06,38.29,53677610
ATVI,2016-05-06,34.7,38.0,33.61,37.87,46690482
ATVI,2016-04-29,34.61,35.43,33.55,34.47,24872212
ATVI,2016-04-22,34.56,35.6,34.13,34.65,19975915
ATVI,2016-04-15,34.3,35.3,33.03,34.57,27336924
ATVI,2016-04-08,34.42,34.66,33.31,33.97,25434772
ATVI,2016-04-01,32.1,34.53,31.71,34.42,29807889
ATVI,2016-03-24,32.23,32.81,31.81,32.21,15624361
ATVI,2016-03-18,31.65,33.08,31.57,32.2,35330816
ATVI,2016-03-11,31.0,32.035,30.37,31.52,36537223
ATVI,2016-03-04,31.73,32.4,30.7101,31.19,34896326
ATVI,2016-02-26,30.51,32.625,30.24,31.89,44115610
ATVI,2016-02-19,28.56,30.35,28.55,30.19,50501097
ATVI,2016-02-12,29.69,30.72,26.49,28.12,105642525
ATVI,2016-02-05,34.6,35.26,30.39,30.53,62761139
ATVI,2016-01-29,35.76,35.87,32.55,34.82,56305092
ATVI,2016-01-22,35.52,36.205,33.4605,35.92,29389316
ATVI,2016-01-15,35.9,37.8325,33.51,34.91,89719891
ATVI,2016-01-08,38.05,38.09,35.43,35.71,56846272
ATVI,2015-12-31,38.76,39.93,38.26,38.71,16172765
ATVI,2015-12-24,38.86,39.78,37.6001,38.92,17252566
ATVI,2015-12-18,37.27,39.8,36.89,38.47,39844030
ATVI,2015-12-11,38.92,39.46,36.76,37.22,35625696
ATVI,2015-12-04,37.45,39.0,36.69,38.89,34643752
ATVI,2015-11-27,37.32,37.58,36.511,37.24,19798190
ATVI,2015-11-20,34.49,38.03,33.78,37.51,40439988
ATVI,2015-11-13,35.3,35.87,33.32,34.59,49974868
ATVI,2015-11-06,34.25,37.86,32.39,35.0,99824487
ATVI,2015-10-30,35.01,35.41,34.2,34.76,30290381
ATVI,2015-10-23,33.94,35.44,33.34,34.9,34328943
ATVI,2015-10-16,31.88,34.31,31.81,34.17,45182208
ATVI,2015-10-09,31.82,32.29,31.01,32.07,36996913
ATVI,2015-10-02,32.22,32.45,30.2499,31.46,50525028
ATVI,2015-09-25,31.11,32.5,30.97,32.06,46271719
ATVI,2015-09-18,29.15,31.47,28.98,31.1,42195808
ATVI,2015-09-11,28.63,29.26,28.35,29.15,24868233
ATVI,2015-09-04,29.34,29.35,27.51,28.1,61291824
ATVI,2015-08-28,25.01,30.0,24.04,29.22,163993244
ATVI,2015-08-21,28.68,29.7,27.17,27.22,29468578
ATVI,2015-08-14,28.88,29.18,27.82,28.68,30527042
ATVI,2015-08-07,25.88,29.2,25.33,28.78,55592436
ATVI,2015-07-31,26.04,26.18,25.38,25.79,26148629
ATVI,2015-07-24,25.81,26.45,25.76,26.18,23169011
ATVI,2015-07-17,25.54,26.21,25.48,25.81,27976641
ATVI,2015-07-10,24.41,25.61,24.3681,25.36,34937491
ATVI,2015-07-02,24.71,24.96,24.15,24.63,25487436
ATVI,2015-06-26,25.16,25.65,24.96,25.04,29483799
ATVI,2015-06-19,25.26,25.27,24.48,25.01,40470765
ATVI,2015-06-12,25.77,25.88,24.93,25.4,40860881
ATVI,2015-06-05,25.44,26.09,25.15,25.77,19996645
ATVI,2015-05-29,25.39,25.95,25.17,25.26,19136981
ATVI,2015-05-22,25.36,25.77,25.285,25.49,19606097
ATVI,2015-05-15,25.0,25.66,24.27,25.42,29291072
ATVI,2015-05-08,23.11,25.15,22.66,25.045,39481547
ATVI,2015-05-01,23.98,24.02,22.625,23.05,25570329
ATVI,2015-04-24,22.88,24.03,22.84,23.94,18699367
ATVI,2015-04-17,22.85,23.43,22.62,22.805,17692071
ATVI,2015-04-10,22.53,23.09,22.43,22.925,17928368
ATVI,2015-04-02,22.83,23.2,22.28,22.64,17395283
ATVI,2015-03-27,23.39,23.435,22.3,22.76,25080607
ATVI,2015-03-20,23.02,23.69,22.95,23.42,23150885
ATVI,2015-03-13,23.06,23.36,22.44,22.99,26328481
ATVI,2015-03-06,23.32,23.37,22.71,23.07,28174660
ATVI,2015-02-27,23.34,23.65,23.09,23.32,24381285
ATVI,2015-02-20,23.05,23.57,22.97,23.31,25266955
ATVI,2015-02-13,22.01,23.15,21.74,23.11,46552678
ATVI,2015-02-06,20.9,22.34,20.28,22.105,73713162
ATVI,2015-01-30,20.65,21.19,20.25,20.895,38898431
ATVI,2015-01-23,20.34,20.83,19.8,20.65,29496475
ATVI,2015-01-16,19.08,20.3,18.43,20.25,49373439
ATVI,2015-01-09,20.14,20.18,18.86,18.9,54308327
ATVI,2015-01-02,20.38,20.51,19.99,20.13,13420478
ATVI,2014-12-26,20.36,20.61,20.21,20.42,13659791
ATVI,2014-12-19,20.1,20.47,19.13,20.25,42252289
ATVI,2014-12-12,21.69,21.77,19.47,19.9,34073993
ATVI,2014-12-05,21.63,21.98,20.77,21.79,35278720
ATVI,2014-11-28,21.0,21.88,20.84,21.65,28619315
ATVI,2014-11-21,20.06,21.49,19.53,21.17,58848039
ATVI,2014-11-14,20.64,21.16,19.88,20.1,39815086
ATVI,2014-11-07,20.215,21.5,19.83,20.65,77816321
ATVI,2014-10-31,19.17,20.005,18.97,19.95,53520407
ATVI,2014-10-24,18.81,19.37,18.67,19.17,37326852
ATVI,2014-10-17,18.79,19.44,17.725,18.85,52364140
ATVI,2014-10-10,20.81,20.81,18.7,18.71,54270402
ATVI,2014-10-03,21.14,21.23,19.96,20.71,30755910
ATVI,2014-09-26,21.74,21.82,20.94,21.25,33696858
ATVI,2014-09-19,23.4,23.48,21.32,21.82,54710900
ATVI,2014-09-12,23.89,24.18,23.17,23.39,41483000
ATVI,2014-09-05,23.53,24.1599,23.35,24.02,23158700
ATVI,2014-08-29,23.22,23.54,22.8,23.54,21007200
ATVI,2014-08-22,23.4,23.5,22.9605,23.13,22344200
ATVI,2014-08-15,22.65,23.54,22.65,23.36,31144800
ATVI,2014-08-08,22.55,23.79,22.22,22.54,35200800
ATVI,2014-08-01,23.09,23.43,22.12,22.44,30565000
ATVI,2014-07-25,22.85,23.3799,22.59,22.985,21956800
ATVI,2014-07-18,22.58,23.215,22.41,22.93,30353500
ATVI,2014-07-11,22.52,22.67,22.25,22.44,22681500
ATVI,2014-07-03,21.96,22.78,21.935,22.67,17900700
ATVI,2014-06-27,22.11,22.4,21.74,21.92,53014800
ATVI,2014-06-20,21.43,22.22,21.29,22.01,30635500
ATVI,2014-06-13,20.97,21.61,20.9,21.41,40669500
ATVI,2014-06-06,20.82,21.0,20.36,20.92,27178000
ATVI,2014-05-30,20.7,20.83,20.32,20.78,35255600
ATVI,2014-05-23,20.31,21.0,20.28,20.68,42623200
ATVI,2014-05-16,20.84,20.95,19.87,20.35,21940400
ATVI,2014-05-09,19.89,21.31,19.12,20.79,52945100
ATVI,2014-05-02,19.64,20.305,18.89,19.94,24882600
ATVI,2014-04-25,19.77,19.99,19.25,19.46,15697500
ATVI,2014-04-17,19.18,19.79,18.85,19.69,15739900
ATVI,2014-04-11,19.79,20.08,18.82,19.04,30769400
ATVI,2014-04-04,20.54,21.03,19.9,20.12,32892500
ATVI,2014-03-28,20.89,20.98,20.06,20.45,25287900
ATVI,2014-03-21,21.16,21.5,20.68,20.78,30067200
ATVI,2014-03-14,20.09,21.5,19.82,21.0,40980400
ATVI,2014-03-07,19.12,20.35,19.03,20.11,27810000
ATVI,2014-02-28,19.7,19.87,19.23,19.35,23975800
ATVI,2014-02-21,19.91,20.24,19.57,19.72,27198500
ATVI,2014-02-14,19.25,19.93,18.95,19.8,50705100
ATVI,2014-02-07,17.35,19.95,16.64,19.64,55271500
ATVI,2014-01-31,16.705,17.36,16.62,17.13,36557600
ATVI,2014-01-24,17.02,17.09,16.55,16.67,29436500
ATVI,2014-01-17,18.02,18.27,16.76,16.96,46177500
ATVI,2014-01-10,18.38,18.5501,18.0075,18.18,24572400
ATVI,2014-01-03,17.79,18.35,17.64,18.29,20001300
ATVI,2013-12-27,17.95,18.4,17.76,17.82,16904900
ATVI,2013-12-20,16.81,18.0,16.66,17.87,47203800
ATVI,2013-12-13,17.17,17.44,16.6,16.77,23677300
ATVI,2013-12-06,17.33,17.55,16.74,17.2,36344600
ATVI,2013-11-29,17.43,17.565,17.03,17.21,29501000
ATVI,2013-11-22,17.77,17.77,16.85,17.21,41579000
ATVI,2013-11-15,16.95,17.81,16.65,17.72,38894200
ATVI,2013-11-08,16.86,17.18,16.06,17.069,53117000
ATVI,2013-11-01,17.39,17.54,16.5,16.701,84969900
ATVI,2013-10-25,17.75,17.8,17.22,17.34,27701300
ATVI,2013-10-18,16.94,17.975,16.93,17.59,39804500
ATVI,2013-10-11,16.8,17.2,16.25,17.08,38572700
ATVI,2013-10-04,16.71,16.99,16.49,16.88,23993900
ATVI,2013-09-27,17.0,17.09,16.76,16.82,21559900
ATVI,2013-09-20,17.18,17.38,16.86,16.99,36647700
ATVI,2013-09-13,17.06,17.41,16.73,16.97,21967100
ATVI,2013-09-06,16.81,17.31,16.77,16.97,25941800
ATVI,2013-08-30,16.7,16.965,16.02,16.32,29050200
ATVI,2013-08-23,17.24,17.3,16.39,16.72,24915400
ATVI,2013-08-16,17.21,17.53,17.04,17.3,35767000
ATVI,2013-08-09,17.83,17.93,17.14,17.23,34050800
ATVI,2013-08-02,17.43,18.435,17.38,18.08,57912100
ATVI,2013-07-26,15.38,17.76,14.89,17.46,64494100
ATVI,2013-07-19,15.0,15.685,14.99,15.53,29138000
ATVI,2013-07-12,14.79,15.31,14.33,15.01,29430000
ATVI,2013-07-05,14.25,14.66,14.1401,14.66,13125800
ATVI,2013-06-28,13.5,14.35,13.27,14.26,27459800
ATVI,2013-06-21,14.69,14.84,13.53,13.55,52477200
ATVI,2013-06-14,14.75,14.77,14.1,14.56,28121000
ATVI,2013-06-07,14.4,14.85,14.14,14.73,40078100
ATVI,2013-05-31,15.74,16.11,14.25,14.43,52427800
ATVI,2013-05-24,14.93,15.7,14.9299,15.61,36177800
ATVI,2013-05-17,14.87,15.745,14.57,14.94,61087300
ATVI,2013-05-10,15.21,15.4,14.0,14.95,50169000
ATVI,2013-05-03,14.81,15.23,14.64,15.18,28218500
ATVI,2013-04-26,14.34,14.89,14.19,14.82,28526700
ATVI,2013-04-19,14.64,14.65,13.88,14.26,30536800
ATVI,2013-04-12,14.43,15.0,14.39,14.66,22971200
ATVI,2013-04-05,14.53,14.8,14.14,14.43,18642600
ATVI,2013-03-28,14.3201,14.58,14.16,14.57,15436700
ATVI,2013-03-22,14.36,14.54,13.97,14.34,43797900
ATVI,2013-03-15,14.78,15.0799,14.57,14.65,34370800
ATVI,2013-03-08,14.3,15.01,14.22,14.84,33450600
ATVI,2013-03-01,14.5,14.7,14.03,14.35,43635400
ATVI,2013-02-22,14.38,14.65,13.98,14.51,48394600
ATVI,2013-02-15,13.21,14.52,13.19,14.37,99468600
ATVI,2013-02-08,11.64,13.943,11.45,13.41,95809900
ATVI,2013-02-01,11.49,11.65,11.25,11.65,28539500
ATVI,2013-01-25,11.42,11.57,11.28,11.39,20301400
ATVI,2013-01-18,11.5,11.6,11.3,11.36,27297600
ATVI,2013-01-11,11.15,11.52,10.8,11.52,38757500
ATVI,2013-01-04,10.5,11.21,10.48,11.17,23403000
ATVI,2012-12-28,10.6,10.75,10.5,10.56,15758200
ATVI,2012-12-21,11.39,11.39,10.5,10.65,57564300
ATVI,2012-12-14,11.32,11.74,11.29,11.41,32727500
ATVI,2012-12-07,11.49,11.5,11.16,11.34,38239100
ATVI,2012-11-30,11.24,11.57,11.2,11.455,64059000
ATVI,2012-11-23,11.16,11.47,10.92,11.24,32531800
ATVI,2012-11-16,10.73,11.14,10.45,11.051,83805500
ATVI,2012-11-09,11.13,11.5,10.66,10.66,49523800
ATVI,2012-11-02,10.79,11.28,10.75,11.1596,20547700
ATVI,2012-10-26,11.14,11.24,10.73,10.79,25335800
ATVI,2012-10-19,11.17,11.4,11.09,11.18,30547800
ATVI,2012-10-12,11.25,11.34,10.94,11.16,34033400
ATVI,2012-10-05,11.3,11.47,10.98,11.3,75349800
ATVI,2012-09-28,12.01,12.27,11.22,11.275,57904100
ATVI,2012-09-21,12.06,12.11,11.78,12.08,22166288
ATVI,2012-09-14,12.03,12.2,11.78,12.11,25526500
ATVI,2012-09-07,11.75,12.32,11.58,12.02,33445400
ATVI,2012-08-31,11.75,11.9,11.64,11.76,19824800
ATVI,2012-08-24,12.06,12.1,11.64,11.75,28356000
ATVI,2012-08-17,11.59,12.16,11.341,12.1,36888800
ATVI,2012-08-10,11.4,11.78,11.31,11.64,39292500
ATVI,2012-08-03,12.04,12.16,11.0,11.12,49910600
ATVI,2012-07-27,11.88,12.05,11.53,11.98,34472500
ATVI,2012-07-20,12.04,12.57,11.93,12.005,39606900
ATVI,2012-07-13,12.13,12.34,11.69,12.1,31861200
ATVI,2012-07-06,11.99,12.46,11.84,12.04,28056100
ATVI,2012-06-29,11.71,12.23,11.32,11.99,34425000
ATVI,2012-06-22,11.4,11.83,11.35,11.79,30877400
ATVI,2012-06-15,11.9,11.92,11.39,11.44,41158400
ATVI,2012-06-08,11.67,12.12,11.34,11.83,51733500
ATVI,2012-06-01,12.25,12.29,11.52,11.65,40514700
ATVI,2012-05-25,12.0,12.41,11.85,12.24,30844500
ATVI,2012-05-18,12.62,13.005,11.95,11.97,45387600
ATVI,2012-05-11,12.33,12.9,12.16,12.645,58519100
ATVI,2012-05-04,12.83,13.0,12.28,12.36,33833300
ATVI,2012-04-27,12.15,12.94,11.99,12.83,54382200
ATVI,2012-04-20,12.44,12.48,12.15,12.2,37438800
ATVI,2012-04-13,12.55,12.85,12.32,12.42,42313200
ATVI,2012-04-05,12.78,12.9299,12.57,12.69,40157100
ATVI,2012-03-30,12.81,12.92,12.58,12.82,51153400
ATVI,2012-03-23,12.45,12.95,12.26,12.705,59615200
ATVI,2012-03-16,11.87,12.71,11.87,12.65,70202500
ATVI,2012-03-09,11.71,12.16,11.6,11.91,64807000
ATVI,2012-03-02,12.09,12.14,11.54,11.67,82561300
ATVI,2012-02-24,12.24,12.29,11.91,12.115,35680800
ATVI,2012-02-17,12.39,12.55,12.13,12.23,52176700
ATVI,2012-02-10,12.29,12.82,12.17,12.325,58339600
ATVI,2012-02-03,12.04,12.475,11.93,12.28,46876900
ATVI,2012-01-27,12.25,12.37,11.87,12.15,41592100
ATVI,2012-01-20,12.37,12.45,11.87,12.22,45084900
ATVI,2012-01-13,12.23,12.695,12.03,12.24,36300200
ATVI,2012-01-06,12.46,12.49,11.94,12.24,37316600
ATVI,2011-12-30,12.19,12.39,12.02,12.32,17658400
ATVI,2011-12-23,11.92,12.22,11.62,12.2,41978900
ATVI,2011-12-16,12.2,12.3,11.73,11.88,43768800
ATVI,2011-12-09,12.39,12.59,11.92,12.24,51118600
ATVI,2011-12-02,12.03,12.545,11.92,12.27,51896800
ATVI,2011-11-25,11.87,12.03,11.6,11.75,50123800
ATVI,2011-11-18,12.77,12.95,11.96,12.05,96343300
ATVI,2011-11-11,13.6,14.4,12.69,12.71,91199500
ATVI,2011-11-04,13.4,13.65,13.01,13.56,44611600
ATVI,2011-10-28,13.5,13.65,13.26,13.46,56046400
ATVI,2011-10-21,13.09,13.5,12.83,13.49,43756600
ATVI,2011-10-14,12.64,13.11,12.57,12.92,39860200
ATVI,2011-10-07,11.86,12.64,11.61,12.52,48859800
ATVI,2011-09-30,11.75,12.3,11.66,11.9,38432800
ATVI,2011-09-23,11.99,12.28,11.25,11.72,29533500
ATVI,2011-09-16,11.3601,12.24,11.3,12.14,35192300
ATVI,2011-09-09,11.26,11.81,11.13,11.42,27842000
ATVI,2011-09-02,11.39,11.975,11.25,11.33,40320600
ATVI,2011-08-26,10.93,11.3495,10.82,11.28,35028700
ATVI,2011-08-19,10.76,11.1,10.58,10.67,49205000
ATVI,2011-08-12,11.1,11.29,10.4,10.71,74108400
ATVI,2011-08-05,11.99,12.1,11.2,11.43,58909900
ATVI,2011-07-29,11.93,12.3,11.68,11.84,37096100
ATVI,2011-07-22,11.83,12.07,11.55,11.99,29039200
ATVI,2011-07-15,11.97,12.02,11.75,11.91,26906100
ATVI,2011-07-08,11.83,12.12,11.7,12.07,25195700
ATVI,2011-07-01,11.27,11.88,11.21,11.84,27961700
ATVI,2011-06-24,10.86,11.49,10.85,11.29,56035100
ATVI,2011-06-17,11.45,11.58,10.85,10.87,43027600
ATVI,2011-06-10,11.815,11.88,11.26,11.46,39671200
ATVI,2011-06-03,11.53,12.06,11.525,11.84,46299700
ATVI,2011-05-27,11.52,11.56,11.2,11.45,31064900
ATVI,2011-05-20,11.5,11.75,11.23,11.6,29877000
ATVI,2011-05-13,11.4,11.8,11.1,11.51,53326600
ATVI,2011-05-06,11.42,11.51,11.13,11.44,30330500
ATVI,2011-04-29,11.32,11.615,11.23,11.38,28638600
ATVI,2011-04-21,11.12,11.43,10.99,11.32,26500800
ATVI,2011-04-15,11.17,11.34,10.97,11.23,34137500
ATVI,2011-04-08,11.01,11.445,10.92,11.14,53030900
ATVI,2011-04-01,10.98,11.09,10.87,11.01,35871900
ATVI,2011-03-25,10.7,11.11,10.59,10.98,35207600
ATVI,2011-03-18,10.81,10.96,10.41,10.61,65436300
ATVI,2011-03-11,11.3,11.3125,10.85,11.05,44519900
ATVI,2011-03-04,11.16,11.27,10.87,11.27,39622200
ATVI,2011-02-25,10.96,11.135,10.69,11.11,52143900
ATVI,2011-02-18,10.82,11.17,10.78,11.07,49683900
ATVI,2011-02-11,11.8,11.96,10.4,10.78,97141000
ATVI,2011-02-04,11.2,11.83,11.2,11.74,62826100
ATVI,2011-01-28,11.28,11.54,11.08,11.21,51010300
ATVI,2011-01-21,11.75,11.92,11.18,11.245,39022700
ATVI,2011-01-14,12.02,12.14,11.67,11.76,54644700
ATVI,2011-01-07,12.57,12.6419,12.07,12.1,42411100
ATVI,2010-12-31,12.44,12.64,12.29,12.44,18713600
ATVI,2010-12-23,12.2,12.65,12.115,12.45,34328500
ATVI,2010-12-17,12.32,12.41,11.87,12.15,47648900
ATVI,2010-12-10,12.32,12.36,11.81,12.24,46622200
ATVI,2010-12-03,11.75,12.35,11.51,12.3,42967000
ATVI,2010-11-26,11.68,11.86,11.47,11.76,24058200
ATVI,2010-11-19,11.6,11.83,11.35,11.6775,49803600
ATVI,2010-11-12,11.33,11.97,11.32,11.5,82848600
ATVI,2010-11-05,11.46,11.92,11.18,11.3,53528000
ATVI,2010-10-29,11.28,11.51,11.17,11.46,25781800
ATVI,2010-10-22,11.34,11.36,10.9,11.19,37601700
ATVI,2010-10-15,11.1,11.61,10.99,11.37,34623700
ATVI,2010-10-08,10.89,11.35,10.89,11.11,47356100
ATVI,2010-10-01,10.88,11.2,10.78,10.87,54197300
ATVI,2010-09-24,10.89,11.13,10.79,10.8,37913000
ATVI,2010-09-17,11.17,11.39,10.69,10.82,71348100
ATVI,2010-09-10,11.11,11.25,11.0,11.13,22187200
ATVI,2010-09-03,10.69,11.22,10.52,11.21,50572100
ATVI,2010-08-27,11.09,11.145,10.63,10.75,62903000
ATVI,2010-08-20,10.86,11.15,10.8,11.06,47855600
ATVI,2010-08-13,11.08,11.16,10.75,10.87,81033600
ATVI,2010-08-06,11.92,12.09,10.88,10.99,99691600
ATVI,2010-07-30,11.77,12.04,11.57,11.88,53380200
ATVI,2010-07-23,11.18,11.85,11.12,11.73,56705100
ATVI,2010-07-16,11.05,11.54,10.93,11.12,47038400
ATVI,2010-07-09,10.78,11.13,10.41,11.09,35830300
ATVI,2010-07-02,11.08,11.08,10.32,10.64,49635700
ATVI,2010-06-25,11.61,11.6495,10.93,11.0,62644700
ATVI,2010-06-18,10.97,11.585,10.93,11.47,66708800
ATVI,2010-06-11,10.71,10.9,10.37,10.86,46834100
ATVI,2010-06-04,10.75,11.05,10.55,10.7,42808500
ATVI,2010-05-28,10.21,10.85,10.02,10.75,73329600
ATVI,2010-05-21,10.66,10.87,10.01,10.2425,67731700
ATVI,2010-05-14,11.01,11.17,10.57,10.69,67337200
ATVI,2010-05-07,11.11,11.18,9.99,10.56,116201700
ATVI,2010-04-30,11.59,11.62,10.77,11.08,111345800
ATVI,2010-04-23,11.67,11.95,11.48,11.6,71822200
ATVI,2010-04-16,12.5,12.58,11.54,11.79,121365800
ATVI,2010-04-09,11.9999,12.5,11.94,12.48,56195300
ATVI,2010-04-01,12.0,12.24,11.83,11.92,35950300
ATVI,2010-03-26,11.85,12.1,11.77,11.97,53851200
ATVI,2010-03-19,11.46,12.18,11.35,11.82,85845200
ATVI,2010-03-12,11.03,11.58,10.95,11.47,67302300
ATVI,2010-03-05,10.74,11.09,10.7,11.03,82853600
ATVI,2010-02-26,10.8,10.83,10.47,10.63,67349700
ATVI,2010-02-19,11.12,11.21,10.76,10.79,76348600
ATVI,2010-02-12,10.15,11.19,10.02,11.11,149064200
ATVI,2010-02-05,10.12,10.56,10.01,10.21,78103700
ATVI,2010-01-29,10.38,10.49,9.93,10.16,128842000
ATVI,2010-01-22,10.9,10.95,10.3,10.365,72739500
ATVI,2010-01-15,10.91,11.07,10.62,10.89,77608100
ATVI,2010-01-08,11.23,11.45,10.88,10.9,53603800
ATVI,2009-12-31,11.49,11.49,11.1,11.11,23024900
ATVI,2009-12-24,11.08,11.47,10.8,11.44,37648700
ATVI,2009-12-18,10.84,11.08,10.65,11.06,46604500
ATVI,2009-12-11,11.05,11.11,10.61,10.75,63746000
ATVI,2009-12-04,11.46,11.75,10.85,11.03,81876900
ATVI,2009-11-27,11.55,11.77,11.31,11.584,42046600
ATVI,2009-11-20,11.73,11.91,11.32,11.38,76511500
ATVI,2009-11-13,11.53,11.77,11.05,11.69,124882100
ATVI,2009-11-06,10.81,11.44,10.25,11.25,125403500
ATVI,2009-10-30,12.2,12.35,10.8,10.83,104629600
ATVI,2009-10-23,12.45,12.69,12.12,12.2,50204500
ATVI,2009-10-16,12.65,12.84,12.17,12.34,62056300
ATVI,2009-10-09,11.93,12.96,11.835,12.66,63358500
ATVI,2009-10-02,12.47,12.67,11.85,11.87,74142800
ATVI,2009-09-25,11.63,12.715,11.63,12.37,71141700
ATVI,2009-09-18,11.8,12.18,11.39,11.79,80827000
ATVI,2009-09-11,11.83,11.97,11.5,11.83,67177600
ATVI,2009-09-04,11.94,11.94,11.25,11.71,69545100
ATVI,2009-08-28,12.59,12.59,11.585,11.69,78317400
ATVI,2009-08-21,12.35,12.44,11.98,12.21,90565100
ATVI,2009-08-14,12.47,12.71,12.05,12.69,60223200
ATVI,2009-08-07,11.645,13.0,11.37,12.46,111396000
ATVI,2009-07-31,11.55,11.74,10.79,11.45,85837700
ATVI,2009-07-24,11.77,12.05,11.23,11.54,68771600
ATVI,2009-07-17,11.41,11.79,10.97,11.7,71440000
ATVI,2009-07-10,12.355,12.36,11.22,11.29,64480100
ATVI,2009-07-02,12.75,12.99,12.28,12.42,32049500
ATVI,2009-06-26,12.74,12.83,12.07,12.66,52369800
ATVI,2009-06-19,12.93,13.0101,12.2701,12.88,51132100
ATVI,2009-06-12,12.71,13.14,12.32,12.97,51647300
ATVI,2009-06-05,12.3585,12.97,11.98,12.78,61102700
ATVI,2009-05-29,10.83,12.0829,10.83,12.08,39215400
ATVI,2009-05-22,11.8,11.8,10.85,11.14,67786800
ATVI,2009-05-15,11.73,11.75,11.18,11.6,68253700
ATVI,2009-05-08,10.99,12.11,10.7,11.81,67736900
ATVI,2009-05-01,10.25,11.17,10.22,10.84,48407400
ATVI,2009-04-24,10.57,10.57,9.88,10.4,53950000
ATVI,2009-04-17,10.64,10.86,9.85,10.57,98491000
ATVI,2009-04-09,11.01,11.11,10.321,10.69,42117500
ATVI,2009-04-03,10.46,11.28,10.07,11.11,56784200
ATVI,2009-03-27,10.14,10.99,9.96,10.66,66842700
ATVI,2009-03-20,9.92,10.47,9.26,9.99,89027200
ATVI,2009-03-13,10.24,10.6,9.39,9.88,142052200
ATVI,2009-03-06,9.83,10.33,9.76,10.33,82148100
ATVI,2009-02-27,9.41,10.26,9.3,10.03,83944700
ATVI,2009-02-20,9.36,9.92,9.25,9.4,62663400
ATVI,2009-02-13,10.0,10.18,8.83,9.7,108752500
ATVI,2009-02-06,8.6701,10.03,8.6701,9.96,78926300
ATVI,2009-01-30,9.48,9.59,8.69,8.76,63582600
ATVI,2009-01-23,9.38,9.69,8.97,9.37,48802200
ATVI,2009-01-16,9.54,9.7,8.8,9.57,68106200
ATVI,2009-01-09,9.0,9.62,8.14,9.26,110342400
ATVI,2009-01-02,9.0099,9.16,8.28,9.12,35638800
ATVI,2008-12-26,9.572,9.572,8.74,8.86,21247000
ATVI,2008-12-19,9.48,9.8,8.99,9.5,72296300
ATVI,2008-12-12,10.66,11.58,9.0,9.33,87392200
ATVI,2008-12-05,11.48,11.7,9.5,10.36,56082400
ATVI,2008-11-28,10.87,12.15,10.33,11.7,35457000
ATVI,2008-11-21,10.5,10.96,9.22,10.3,65463300
ATVI,2008-11-14,12.57,12.83,10.55,10.61,53609600
ATVI,2008-11-07,12.105,12.51,10.95,12.26,66455400
ATVI,2008-10-31,11.68,12.76,10.36,12.46,49623600
ATVI,2008-10-24,13.59,14.0,11.0,11.69,43543700
ATVI,2008-10-17,12.0,15.39,11.05,13.02,63392300
ATVI,2008-10-10,12.35,12.75,10.26,11.56,79978700
ATVI,2008-10-03,16.19,16.25,12.02,12.54,68957900
ATVI,2008-09-26,16.8,17.08,15.56,16.38,46677300
ATVI,2008-09-19,16.91,17.5,15.0,17.32,77474800
ATVI,2008-09-12,16.49,17.84,15.68,17.51,54248150
ATVI,2008-09-05,33.66,34.1,32.69,33.74,23864800
ATVI,2008-08-29,33.86,33.88,32.0,32.82,15666500
ATVI,2008-08-22,34.5,35.24,32.82,33.98,26876300
ATVI,2008-08-15,32.53,34.91,31.79,34.15,19502400
ATVI,2008-08-08,35.0,36.36,32.45,32.6,27987400
ATVI,2008-08-01,35.62,36.95,33.3,35.24,20596200
ATVI,2008-07-25,37.55,38.56,35.29,35.44,15251600
ATVI,2008-07-18,33.39,37.82,32.75,37.24,43800300
ATVI,2008-07-11,30.95,33.4,29.58,32.55,61085000
ATVI,2008-07-03,33.57,34.97,30.84,30.9,22448300
ATVI,2008-06-27,36.04,36.68,33.2,33.71,23952300
ATVI,2008-06-20,34.13,37.3,34.12,35.85,25318500
ATVI,2008-06-13,34.29,34.59,33.17,34.37,15325500
ATVI,2008-06-06,33.66,34.57,33.17,34.02,16129000
ATVI,2008-05-30,32.61,33.89,32.56,33.75,11963200
ATVI,2008-05-23,32.75,33.25,32.15,32.84,15700000
ATVI,2008-05-16,31.0,33.67,30.05,32.94,29315400
ATVI,2008-05-09,27.24,31.71,27.12,31.64,38496000
ATVI,2008-05-02,27.26,27.48,27.05,27.16,14477500
ATVI,2008-04-25,27.5,27.57,27.04,27.34,15183200
ATVI,2008-04-18,27.15,27.94,26.93,27.49,19169100
ATVI,2008-04-11,27.49,27.5,26.91,27.1,18305800
ATVI,2008-04-04,27.42,27.62,27.15,27.4,21678600
ATVI,2008-03-28,26.57,27.44,26.26,27.29,23874900
ATVI,2008-03-20,26.81,27.12,26.05,26.55,20694400
ATVI,2008-03-14,27.32,27.38,26.51,26.94,18620700
ATVI,2008-03-07,27.11,27.58,26.75,27.29,21063700
ATVI,2008-02-29,27.3,27.77,26.85,27.22,22852800
ATVI,2008-02-22,27.31,27.35,26.42,27.2,13392700
ATVI,2008-02-15,26.75,27.35,26.41,26.99,16381500
ATVI,2008-02-08,26.36,26.85,25.43,26.69,21600100
ATVI,2008-02-01,26.45,27.03,25.11,26.43,21868400
ATVI,2008-01-25,26.06,27.25,25.94,26.44,16898000
ATVI,2008-01-18,27.48,27.48,26.45,26.9,23687500
ATVI,2008-01-11,28.0,28.4,26.84,27.14,30120100
ATVI,2008-01-04,29.26,29.87,27.45,27.84,20601300
ATVI,2007-12-28,28.99,29.86,28.33,29.27,10830500
ATVI,2007-12-21,26.56,29.02,26.1,28.77,28638000
ATVI,2007-12-14,26.75,27.18,26.12,26.72,25033000
ATVI,2007-12-07,26.7,27.04,24.69,26.79,75608600
ATVI,2007-11-30,19.49,23.0,18.85,22.15,42047700
ATVI,2007-11-23,20.0,21.0,18.81,19.49,19310800
ATVI,2007-11-16,20.7,21.15,19.88,20.17,23221500
ATVI,2007-11-09,22.79,23.23,20.6,20.71,37214300
ATVI,2007-11-02,23.73,24.0,22.58,23.05,30633700
ATVI,2007-10-26,21.92,23.75,21.61,23.67,29902000
ATVI,2007-10-19,22.87,22.94,21.93,22.0,18350900
ATVI,2007-10-12,22.63,23.66,22.15,22.85,25055700
ATVI,2007-10-05,21.61,23.0,21.5,22.69,23097600
ATVI,2007-09-28,21.1,21.91,20.23,21.59,20066300
ATVI,2007-09-21,19.93,21.49,19.65,20.93,25396200
ATVI,2007-09-14,18.92,20.43,18.88,19.99,19986200
ATVI,2007-09-07,19.45,19.99,18.66,18.79,12639500
ATVI,2007-08-31,19.1,19.5,18.37,19.49,13353800
ATVI,2007-08-24,18.25,19.25,17.76,19.13,22829000
ATVI,2007-08-17,18.29,19.4,17.6,18.22,28771800
ATVI,2007-08-10,18.92,19.7,17.55,18.11,30202400
ATVI,2007-08-03,17.32,19.5,16.94,18.84,42433200
ATVI,2007-07-27,18.29,18.54,17.29,17.33,20390024
ATVI,2007-07-20,18.9,19.06,17.88,18.19,29035600
ATVI,2007-07-13,18.56,19.47,18.31,19.01,36949500
ATVI,2007-07-06,18.64,19.0,18.06,18.56,14711676
ATVI,2007-06-29,18.73,19.0,18.16,18.67,14087520
ATVI,2007-06-22,19.05,19.59,18.54,18.71,18274200
ATVI,2007-06-15,18.47,19.72,18.35,19.13,25900100
ATVI,2007-06-08,18.9,19.59,18.3,18.53,33235600
ATVI,2007-06-01,18.83,20.25,18.66,18.87,24156800
ATVI,2007-05-25,19.4,19.52,18.33,18.85,23085100
ATVI,2007-05-18,19.73,19.93,18.62,19.26,32823700
ATVI,2007-05-11,21.1,21.2,19.17,19.57,35847100
ATVI,2007-05-04,20.38,21.43,19.91,21.27,26052300
ATVI,2007-04-27,20.74,20.95,20.35,20.37,16296900
ATVI,2007-04-20,19.97,20.95,19.93,20.55,23962800
ATVI,2007-04-13,19.23,20.03,19.1,19.88,24629400
ATVI,2007-04-05,19.03,19.42,18.53,19.18,16082100
ATVI,2007-03-30,18.12,19.2,17.79,18.94,22572700
ATVI,2007-03-23,17.25,18.46,17.24,18.14,18781000
ATVI,2007-03-16,17.31,17.52,16.54,17.07,20828100
ATVI,2007-03-09,16.26,17.7,16.05,17.27,23226900
ATVI,2007-03-02,17.92,17.92,16.1,16.35,20173100
ATVI,2007-02-23,17.08,17.91,17.0,17.73,19075600
ATVI,2007-02-16,16.4,17.51,16.2,17.28,27620100
ATVI,2007-02-09,17.31,17.31,16.05,16.45,33257400
ATVI,2007-02-02,16.74,17.65,16.5,17.39,29549600
ATVI,2007-01-26,17.76,18.23,16.6,16.82,30717800
ATVI,2007-01-19,18.12,18.79,17.62,17.74,17936600
ATVI,2007-01-12,17.13,18.55,16.86,18.08,22007325
ATVI,2007-01-05,17.56,17.89,16.65,17.2,10571316
ATVI,2006-12-29,16.88,17.64,16.85,17.24,12412700
ATVI,2006-12-22,17.52,17.69,16.52,16.88,25594600
ATVI,2006-12-15,17.81,17.99,17.36,17.5,19476800
ATVI,2006-12-08,17.15,18.19,17.14,17.85,27740800
ATVI,2006-12-01,17.01,17.2,16.14,17.14,25843800
ATVI,2006-11-24,16.38,17.25,16.2,17.03,17402800
ATVI,2006-11-17,16.64,16.77,16.03,16.28,19875700
ATVI,2006-11-10,16.0,16.44,15.57,16.41,29658100
ATVI,2006-11-03,15.17,16.25,15.15,15.85,24220400
ATVI,2006-10-27,15.31,15.81,14.22,15.31,32690200
ATVI,2006-10-20,15.86,15.92,15.0,15.26,15471800
ATVI,2006-10-13,14.96,16.04,14.7,15.87,23802200
ATVI,2006-10-06,14.99,15.23,14.53,15.03,19958000
ATVI,2006-09-29,14.72,16.0,14.27,15.1,25501900
ATVI,2006-09-22,14.11,15.07,13.85,14.66,25360900
ATVI,2006-09-15,13.18,14.5,12.78,14.12,29158900
ATVI,2006-09-08,13.15,13.4,12.53,13.16,13464600
ATVI,2006-09-01,12.89,13.3,12.71,13.12,10736700
ATVI,2006-08-25,13.94,13.94,12.79,12.95,13718200
ATVI,2006-08-18,13.08,14.19,12.74,13.93,18011600
ATVI,2006-08-11,12.7,13.0,12.29,12.94,21362100
ATVI,2006-08-04,12.2,13.74,11.49,12.8,38746000
ATVI,2006-07-28,11.86,12.58,11.71,12.47,19537200
ATVI,2006-07-21,11.22,12.3,11.07,11.8,23738900
ATVI,2006-07-14,10.85,11.42,10.47,11.29,44553700
ATVI,2006-07-07,11.29,11.73,10.82,10.83,18591600
ATVI,2006-06-30,11.46,11.51,10.71,11.38,21763200
ATVI,2006-06-23,11.4,11.5,10.75,11.4,35984000
ATVI,2006-06-16,12.25,12.25,11.14,11.58,26481600
ATVI,2006-06-09,13.03,13.06,11.91,12.23,19188600
ATVI,2006-06-02,12.85,13.23,12.45,13.01,21455600
ATVI,2006-05-26,12.4,13.0,11.85,12.74,35438800
ATVI,2006-05-19,13.34,13.62,12.14,12.23,27603800
ATVI,2006-05-12,14.99,14.99,13.32,13.39,25756000
ATVI,2006-05-05,14.21,15.11,12.95,14.76,41347800
ATVI,2006-04-28,13.62,14.22,13.23,14.19,18047600
ATVI,2006-04-21,13.29,14.01,12.88,13.65,24516600
ATVI,2006-04-13,13.58,13.6,12.95,13.33,16733500
ATVI,2006-04-07,13.9,14.03,13.32,13.52,17930800
ATVI,2006-03-31,13.79,14.19,13.62,13.79,16560400
ATVI,2006-03-24,14.11,14.49,13.73,13.79,25381500
ATVI,2006-03-17,11.92,14.09,11.92,14.07,44062400
ATVI,2006-03-10,12.51,12.55,11.81,11.91,31738900
ATVI,2006-03-03,12.3,12.81,12.27,12.59,22357300
ATVI,2006-02-24,12.24,12.45,11.94,12.23,18518600
ATVI,2006-02-17,12.98,13.27,12.03,12.18,42748200
ATVI,2006-02-10,14.16,14.54,12.65,12.95,48363700
ATVI,2006-02-03,14.07,14.55,13.7,14.08,19905400
ATVI,2006-01-27,14.19,14.27,13.68,13.99,22981600
ATVI,2006-01-20,14.73,14.85,13.91,14.02,16312200
ATVI,2006-01-13,14.65,15.93,14.43,14.9,28110300
ATVI,2006-01-06,13.79,14.94,13.4,14.89,20193100
ATVI,2005-12-30,13.58,14.21,13.25,13.74,15953500
ATVI,2005-12-23,13.4,13.87,13.0,13.51,22843700
ATVI,2005-12-16,14.25,14.65,13.0,13.46,70150700
ATVI,2005-12-09,13.55,13.95,12.94,13.88,33865500
ATVI,2005-12-02,14.75,14.92,13.14,13.37,47563800
ATVI,2005-11-25,15.18,15.32,14.11,14.71,21245100
ATVI,2005-11-18,16.74,18.03,14.93,15.18,31635300
ATVI,2005-11-11,17.38,17.53,16.62,16.69,13571400
ATVI,2005-11-04,15.5,18.0,15.42,17.42,26912100
ATVI,2005-10-28,21.14,21.98,15.2,15.54,9377325
ATVI,2005-10-21,20.55,21.65,20.37,21.2,9668400
ATVI,2005-10-14,19.54,20.93,18.93,20.55,16139550
ATVI,2005-10-07,20.36,21.08,19.38,19.54,14415150
ATVI,2005-09-30,19.99,20.59,19.38,20.45,8716575
ATVI,2005-09-23,22.12,22.29,19.18,19.98,15379425
ATVI,2005-09-16,22.41,22.85,21.65,21.76,8664825
ATVI,2005-09-09,22.82,23.07,20.44,22.1,12623175
ATVI,2005-09-02,20.99,22.9,20.74,22.76,10175925
ATVI,2005-08-26,20.21,21.33,19.85,20.9,7761225
ATVI,2005-08-19,20.4,20.81,19.93,20.03,6193425
ATVI,2005-08-12,20.4,20.74,19.46,19.63,8976375
ATVI,2005-08-05,20.21,21.0,19.91,20.38,12654150
ATVI,2005-07-29,18.45,20.68,18.22,20.35,18681750
ATVI,2005-07-22,18.01,18.52,17.82,18.45,6853800
ATVI,2005-07-15,17.4,18.41,17.35,18.06,9941550
ATVI,2005-07-08,16.32,17.5,16.09,17.34,9842550
ATVI,2005-07-01,16.8,17.12,16.37,16.4,8270025
ATVI,2005-06-24,17.45,18.5,16.8,16.87,11851050
ATVI,2005-06-17,17.13,17.72,17.05,17.56,16263900
ATVI,2005-06-10,15.66,17.32,15.6,17.15,13234200
ATVI,2005-06-03,15.45,16.0,15.35,15.61,7762875
ATVI,2005-05-27,15.7,15.71,15.1,15.38,8848575
ATVI,2005-05-20,15.12,16.05,15.03,15.65,16415175
ATVI,2005-05-13,15.99,15.99,14.93,15.1,11463225
ATVI,2005-05-06,14.59,16.15,14.41,15.91,14588700
ATVI,2005-04-29,14.69,15.42,14.18,14.46,9089325
ATVI,2005-04-22,15.47,15.52,14.51,14.63,9710175
ATVI,2005-04-15,15.61,16.0,15.11,15.42,12657825
ATVI,2005-04-08,15.41,15.88,15.0,15.61,9163425
ATVI,2005-04-01,16.52,16.64,14.64,15.42,20741325
ATVI,2005-03-24,23.22,23.25,16.48,16.5,10838194
ATVI,2005-03-18,23.0,23.5,22.84,23.05,7832138
ATVI,2005-03-11,23.11,23.74,22.51,22.98,8176275
ATVI,2005-03-04,21.86,23.14,21.78,23.1,9653513
ATVI,2005-02-25,21.34,22.05,21.28,21.95,7109325
ATVI,2005-02-18,20.44,22.05,20.4,21.53,12715876
ATVI,2005-02-11,23.65,24.95,19.66,20.69,47665800
ATVI,2005-02-04,22.27,23.81,22.0,23.79,11852889
ATVI,2005-01-28,21.67,22.4,20.9,22.07,10903162
ATVI,2005-01-21,21.89,22.35,21.09,21.53,10447932
ATVI,2005-01-14,18.2,22.24,18.12,21.87,27239963
ATVI,2005-01-07,20.15,20.23,18.37,18.49,9713307
ATVI,2004-12-31,19.75,20.29,19.29,20.18,6226143
ATVI,2004-12-23,19.28,19.63,18.81,19.62,4617395
ATVI,2004-12-17,18.03,20.5,17.93,19.24,19194301
ATVI,2004-12-10,17.78,17.86,16.23,17.75,14710950
ATVI,2004-12-03,15.88,17.57,15.52,17.48,11836295
ATVI,2004-11-26,15.73,16.31,15.62,15.86,5632425
ATVI,2004-11-19,16.25,16.61,15.63,15.76,11226487
ATVI,2004-11-12,15.7,16.21,14.92,16.19,9171168
ATVI,2004-11-05,14.4,15.8,14.29,15.38,11001768
ATVI,2004-10-29,13.1,14.48,12.81,14.48,13548264
ATVI,2004-10-22,12.66,13.36,12.5,13.0,10523363
ATVI,2004-10-15,12.93,12.99,12.48,12.65,8398970
ATVI,2004-10-08,13.45,13.5,12.75,12.85,10540237
ATVI,2004-10-01,13.2,13.97,12.99,13.5,9490220
ATVI,2004-09-24,13.26,13.76,12.8,13.35,9623082
ATVI,2004-09-17,14.09,14.2,13.19,13.27,11342757
ATVI,2004-09-10,13.77,14.07,12.7,14.07,12884232
ATVI,2004-09-03,14.46,14.49,13.49,13.64,6292632
ATVI,2004-08-27,14.28,14.62,13.72,14.51,7023149
ATVI,2004-08-20,13.18,14.36,13.13,14.22,8879120
ATVI,2004-08-13,14.04,14.23,12.16,13.12,15907106
ATVI,2004-08-06,14.45,14.78,13.93,13.98,8255025
ATVI,2004-07-30,14.06,14.87,13.75,14.65,8137688
ATVI,2004-07-23,15.8,16.4,13.91,14.03,16888668
ATVI,2004-07-16,14.83,16.05,14.57,15.69,10284075
ATVI,2004-07-09,15.45,15.55,14.6,14.86,7659451
ATVI,2004-07-02,15.59,16.0,15.17,15.56,9813600
ATVI,2004-06-25,15.39,16.46,14.0,15.41,17968107
ATVI,2004-06-18,16.06,16.27,15.32,15.38,9993263
ATVI,2004-06-10,16.5,16.97,16.1,16.14,9381207
ATVI,2004-06-04,15.86,16.34,15.6,16.13,6829707
ATVI,2004-05-28,15.36,16.07,14.76,15.82,8219138
ATVI,2004-05-21,14.08,15.0,13.8,14.88,9494663
ATVI,2004-05-14,15.31,15.7,14.1,14.36,14861588
ATVI,2004-05-07,15.15,15.94,14.83,15.31,15666864
ATVI,2004-04-30,16.05,16.1,13.75,15.07,15549468
ATVI,2004-04-23,15.85,16.44,15.25,16.04,7247701
ATVI,2004-04-16,16.94,16.95,15.25,15.83,7355869
ATVI,2004-04-08,16.42,17.09,16.18,16.65,8478282
ATVI,2004-04-02,15.43,16.69,15.14,16.34,11886245
ATVI,2004-03-26,14.17,15.6,13.38,15.3,14857425
ATVI,2004-03-19,20.28,20.49,13.19,14.09,7162632
ATVI,2004-03-12,21.29,21.64,19.83,20.4,6500138
ATVI,2004-03-05,21.05,21.65,20.71,21.43,6077438
ATVI,2004-02-27,20.81,21.09,20.05,21.01,7919589
ATVI,2004-02-20,20.95,21.75,20.57,20.88,8609776
ATVI,2004-02-13,19.71,20.85,19.36,20.42,12804900
ATVI,2004-02-06,18.79,19.76,18.2,19.64,10037251
ATVI,2004-01-30,18.65,19.35,17.6,18.9,14284951
ATVI,2004-01-23,18.64,19.18,18.35,18.64,4928589
ATVI,2004-01-16,18.27,19.24,17.07,18.59,11940677
ATVI,2004-01-09,18.8,19.3,18.04,18.3,9027975
ATVI,2004-01-02,18.61,19.1,18.2,18.79,4610888
ATVI,2003-12-26,18.42,18.95,17.87,18.65,5440613
ATVI,2003-12-19,15.89,19.0,14.92,18.44,25497113
ATVI,2003-12-12,15.54,15.76,14.6,15.7,6483713
ATVI,2003-12-05,15.55,15.85,14.9,15.61,7087051
ATVI,2003-11-28,15.31,15.69,15.11,15.37,3474000
ATVI,2003-11-21,15.46,15.82,14.35,15.25,7785901
ATVI,2003-11-14,15.32,16.59,15.09,15.59,7937364
ATVI,2003-11-07,14.75,15.97,14.7,15.57,11576250
ATVI,2003-10-31,13.5,16.24,13.34,15.09,11206463
ATVI,2003-10-24,13.69,14.2,12.65,13.42,9520651
ATVI,2003-10-17,13.33,14.25,13.21,13.62,4896676
ATVI,2003-10-10,12.51,13.55,12.51,13.3,6617626
ATVI,2003-10-03,11.51,12.78,11.51,12.64,11000850
ATVI,2003-09-26,11.95,12.51,11.44,11.46,8020800
ATVI,2003-09-19,12.35,12.92,11.98,12.09,8031975
ATVI,2003-09-12,13.19,14.37,12.25,12.53,9778913
ATVI,2003-09-05,12.93,14.14,12.83,13.08,4998713
ATVI,2003-08-29,12.56,13.06,12.29,12.91,2602688
ATVI,2003-08-22,11.78,12.7,11.78,12.5,5271451
ATVI,2003-08-15,11.24,11.81,11.17,11.63,2608839
ATVI,2003-08-08,11.69,11.86,11.2,11.2,3434551
ATVI,2003-08-01,11.71,12.0,11.45,11.69,4386901
ATVI,2003-07-25,11.53,12.15,10.85,11.67,16024500
ATVI,2003-07-18,13.15,13.3,12.24,12.46,5931451
ATVI,2003-07-11,12.95,13.41,12.9,13.14,5142713
ATVI,2003-07-03,12.95,13.15,12.64,12.85,7277776
ATVI,2003-06-27,12.58,13.15,12.1,13.03,6841314
ATVI,2003-06-20,12.35,13.49,12.02,12.82,9549864
ATVI,2003-06-13,12.14,12.45,11.51,12.21,6917125
ATVI,2003-06-06,17.0,19.1,16.58,18.04,7170000
ATVI,2003-05-30,16.09,16.99,16.0,16.98,5511900
ATVI,2003-05-23,16.1,16.2,15.7,16.14,7202725
ATVI,2003-05-16,16.87,17.24,16.54,16.6,7341350
ATVI,2003-05-09,16.94,18.37,16.55,16.9,19729800
ATVI,2003-05-02,15.31,16.23,15.05,16.09,6469600
ATVI,2003-04-25,14.29,15.84,14.08,15.41,9612075
ATVI,2003-04-17,13.68,14.41,13.68,14.39,3450100
ATVI,2003-04-11,14.63,14.63,13.52,13.67,4562975
ATVI,2003-04-04,14.52,14.88,14.15,14.29,7681725
ATVI,2003-03-28,14.59,15.04,14.21,14.74,5437525
ATVI,2003-03-21,14.5,15.38,14.36,14.95,7915900
ATVI,2003-03-14,14.76,15.0,14.55,14.67,7577400
ATVI,2003-03-07,14.73,15.24,14.36,14.97,7219300
ATVI,2003-02-28,15.02,15.02,14.08,14.9,5905275
ATVI,2003-02-21,14.49,15.25,13.95,15.01,8230550
ATVI,2003-02-14,14.3,14.91,13.72,14.51,8671075
ATVI,2003-02-07,14.87,15.0,14.1,14.29,5810500
ATVI,2003-01-31,13.94,15.75,13.68,14.55,9254300
ATVI,2003-01-24,14.15,14.65,13.02,13.68,14482775
ATVI,2003-01-17,15.2,15.57,13.8,14.09,10307800
ATVI,2003-01-10,14.92,15.43,14.0,15.06,15015250
ATVI,2003-01-03,14.08,15.62,14.07,14.89,9092600
ATVI,2002-12-27,13.17,14.14,13.14,14.01,5964400
ATVI,2002-12-20,15.4,16.12,12.2,13.47,45485850
ATVI,2002-12-13,18.53,18.99,15.24,15.45,36013600
ATVI,2002-12-06,22.0,22.29,19.08,19.32,12592825
ATVI,2002-11-29,21.14,22.0,20.39,21.6,8016750
ATVI,2002-11-22,19.62,21.2,18.0,20.9,15334100
ATVI,2002-11-15,20.29,20.4,18.8,19.4,16268100
ATVI,2002-11-08,21.75,22.8,20.01,20.65,17220425
ATVI,2002-11-01,19.76,21.35,17.4,21.1,32164300
ATVI,2002-10-25,21.66,23.88,18.54,19.1,22906575
ATVI,2002-10-18,20.26,23.35,19.55,22.17,9794500
ATVI,2002-10-11,19.46,22.38,17.89,21.77,16133000
ATVI,2002-10-04,24.99,25.14,17.92,19.81,24601725
ATVI,2002-09-27,25.19,26.9,23.99,25.08,7573400
ATVI,2002-09-20,26.99,27.42,25.15,25.26,5946500
ATVI,2002-09-13,26.75,29.68,26.5,26.99,7443300
ATVI,2002-09-06,27.68,27.8,26.22,26.8,6942850
ATVI,2002-08-30,31.0,31.55,26.59,27.87,12179275
ATVI,2002-08-23,27.37,31.0,27.3,30.74,10298300
ATVI,2002-08-16,27.71,28.1,25.37,27.37,5043875
ATVI,2002-08-09,26.83,28.2,25.04,27.83,7542575
ATVI,2002-08-02,26.85,28.76,26.5,26.93,7596175
ATVI,2002-07-26,25.59,27.64,22.3,26.75,15420525
ATVI,2002-07-19,26.93,29.84,24.81,25.6,8031425
ATVI,2002-07-12,27.22,28.31,24.88,27.16,7512575
ATVI,2002-07-05,29.25,29.39,24.35,27.23,6171950
ATVI,2002-06-28,27.99,30.19,26.7,29.06,9466150
ATVI,2002-06-21,28.0,29.97,27.93,28.16,10372825
ATVI,2002-06-14,30.94,31.43,26.33,28.0,10617225
ATVI,2002-06-07,32.73,34.78,28.02,30.03,19746825
ATVI,2002-05-31,34.14,34.3,32.37,32.62,5844725
ATVI,2002-05-24,32.95,35.1,31.66,34.02,9455375
ATVI,2002-05-17,31.92,34.25,31.53,33.01,13076550
ATVI,2002-05-10,31.09,34.45,29.9,31.79,17996300
ATVI,2002-05-03,30.01,33.33,29.26,30.58,7749150
ATVI,2002-04-26,31.42,31.57,29.6,29.9,5114475
ATVI,2002-04-19,29.85,32.12,28.9,31.45,6159650
ATVI,2002-04-12,28.35,29.98,27.61,29.85,5902825
ATVI,2002-04-05,29.1,29.84,27.77,28.58,4547825
ATVI,2002-03-28,28.18,30.8,27.41,29.83,3961500
ATVI,2002-03-22,29.29,30.47,27.67,28.06,7828600
ATVI,2002-03-15,32.21,32.38,28.96,29.29,5064150
ATVI,2002-03-08,29.63,32.75,29.16,32.3,7048250
ATVI,2002-03-01,26.64,29.83,26.4,29.82,9934450
ATVI,2002-02-22,26.34,26.71,25.43,26.71,3296450
ATVI,2002-02-15,25.35,27.43,25.0,26.7,7031775
ATVI,2002-02-08,25.8,26.14,23.85,25.57,5170675
ATVI,2002-02-01,26.74,27.0,24.99,25.82,9165200
ATVI,2002-01-25,24.3,28.54,23.7,26.6,12374125
ATVI,2002-01-18,23.97,25.71,22.77,24.39,20304975
ATVI,2002-01-11,27.05,27.39,23.53,24.01,6649400
ATVI,2002-01-04,26.77,27.7,24.79,26.83,4218050
ATVI,2001-12-28,25.16,28.0,24.75,26.5,6630975
ATVI,2001-12-21,25.37,27.46,24.55,25.16,8145425
ATVI,2001-12-14,25.7,28.72,24.1,25.41,14272800
ATVI,2001-12-07,24.87,26.7,23.5,25.5,17355000
ATVI,2001-11-30,21.95,25.02,21.07,24.85,15760625
ATVI,2001-11-23,34.5,38.0,21.38,21.6,7232142
ATVI,2001-11-16,38.43,40.3,33.83,34.51,7839884
ATVI,2001-11-09,39.05,40.37,35.96,37.77,7107501
ATVI,2001-11-02,37.85,39.4,35.67,38.95,4310933
ATVI,2001-10-26,35.2,39.72,35.1,37.9,7478585
ATVI,2001-10-19,32.2,37.25,31.52,35.12,8038434
ATVI,2001-10-12,29.75,35.75,29.4,32.79,5113317
ATVI,2001-10-05,27.25,32.7,24.52,30.02,5938350
ATVI,2001-09-28,29.22,29.52,22.61,27.22,8645885
ATVI,2001-09-21,30.2,32.01,22.76,27.2,10266751
ATVI,2001-09-10,33.99,34.0,32.0,32.63,1092800
ATVI,2001-09-07,36.99,37.49,33.56,34.15,3322684
ATVI,2001-08-31,33.94,38.5,33.8,37.05,6408550
ATVI,2001-08-24,32.16,34.6,31.03,33.95,2612567
ATVI,2001-08-17,33.2,35.89,32.25,32.55,3978833
ATVI,2001-08-10,31.4,33.75,30.8,33.28,4233084
ATVI,2001-08-03,38.2,38.2,30.0,31.49,7216266
ATVI,2001-07-27,38.12,38.4,32.72,37.87,8101451
ATVI,2001-07-20,39.36,40.35,37.03,37.63,5326751
ATVI,2001-07-13,36.51,39.12,34.5,38.6,5397617
ATVI,2001-07-06,39.01,40.5,36.15,36.4,2601900
ATVI,2001-06-29,33.96,39.72,33.16,39.25,4228483
ATVI,2001-06-22,38.0,38.1,33.0,33.95,5761984
ATVI,2001-06-15,38.8,41.15,35.64,37.65,6750684
ATVI,2001-06-08,35.88,40.03,34.02,38.75,7699684
ATVI,2001-06-01,34.0,35.9,31.15,35.55,3926367
ATVI,2001-05-25,28.7,34.65,27.7,34.28,8154901
ATVI,2001-05-18,29.08,29.15,26.5,28.39,3336218
ATVI,2001-05-11,26.93,31.28,26.71,28.7,5352285
ATVI,2001-05-04,27.2,29.69,26.2,26.87,4038333
ATVI,2001-04-27,26.04,27.1,25.21,26.97,2198201
ATVI,2001-04-20,22.57,27.2,22.47,25.97,3201800
ATVI,2001-04-12,22.25,23.32,21.92,22.9,1605434
ATVI,2001-04-06,24.47,24.5,20.87,22.56,3415500
ATVI,2001-03-30,23.87,25.12,23.69,24.31,4050800
ATVI,2001-03-23,22.75,24.88,20.5,23.75,2274534
ATVI,2001-03-16,24.5,24.69,22.75,23.25,2096717
ATVI,2001-03-09,23.31,25.25,22.75,24.62,2610350
ATVI,2001-03-02,22.69,24.5,20.62,23.25,2748367
ATVI,2001-02-23,22.12,23.25,20.81,22.5,1488401
ATVI,2001-02-16,20.06,23.25,20.06,22.25,2040835
ATVI,2001-02-09,19.75,22.0,19.63,20.87,2297250
ATVI,2001-02-02,18.59,20.87,17.75,20.0,4363900
ATVI,2001-01-26,18.38,18.88,17.56,18.55,1957717
ATVI,2001-01-19,17.69,18.56,16.88,18.31,2391334
ATVI,2001-01-12,15.56,18.19,15.5,17.94,3510567
ATVI,2001-01-05,15.13,16.5,13.63,16.31,2330366
ATVI,2000-12-29,14.38,15.25,14.38,15.13,1071917
ATVI,2000-12-22,12.44,14.75,12.44,14.69,1251833
ATVI,2000-12-15,11.87,13.44,11.87,12.5,942533
ATVI,2000-12-08,11.94,12.0,11.12,11.81,647816
ATVI,2000-12-01,11.69,12.94,10.31,12.06,1036600
ATVI,2000-11-24,12.19,12.25,11.06,11.38,433266
ATVI,2000-11-17,12.31,13.0,11.19,12.44,725366
ATVI,2000-11-10,13.56,14.0,12.38,12.67,403033
ATVI,2000-11-03,13.73,14.56,12.81,13.0,2190400
ATVI,2000-10-27,14.42,15.25,12.56,13.56,2736834
ATVI,2000-10-20,14.62,14.94,12.75,14.44,667934
ATVI,2000-10-13,14.75,15.13,13.44,14.87,1075401
ATVI,2000-10-06,14.62,15.19,13.69,14.87,1830967
ATVI,2000-09-29,14.44,15.0,11.87,15.0,3550500
ATVI,2000-09-22,14.38,14.87,13.37,14.62,1021018
ATVI,2000-09-15,14.69,15.62,13.69,14.61,2985817
ATVI,2000-09-08,13.88,14.75,13.69,14.5,2887634
ATVI,2000-09-01,13.69,14.06,13.63,13.88,1559266
ATVI,2000-08-25,12.94,14.0,12.19,14.0,1695250
ATVI,2000-08-18,12.0,13.25,11.5,12.94,2574351
ATVI,2000-08-11,10.75,13.06,10.37,11.94,1779101
ATVI,2000-08-04,8.5,11.12,8.25,10.5,1686483
ATVI,2000-07-28,8.62,8.87,7.81,8.5,368400
ATVI,2000-07-21,8.69,9.19,8.0,8.44,1552734
ATVI,2000-07-14,7.06,8.62,6.94,8.44,1758418
ATVI,2000-07-07,6.5,7.22,6.31,7.22,671934
ATVI,2000-06-30,5.94,6.75,5.5,6.5,1411216
ATVI,2000-06-23,6.06,6.25,5.38,5.87,1029934
ATVI,2000-06-16,6.59,6.69,5.94,6.13,1107833
ATVI,2000-06-09,6.75,7.0,5.94,6.56,1120301
ATVI,2000-06-02,6.13,7.06,6.13,7.06,1711467
ATVI,2000-05-26,6.75,6.78,5.94,6.13,1031251
ATVI,2000-05-19,7.0,7.34,6.5,6.75,2151867
ATVI,2000-05-12,7.56,8.12,5.5,6.88,3995284
ATVI,2000-05-05,6.5,7.5,6.25,7.37,2079384
ATVI,2000-04-28,6.62,7.31,6.13,6.25,4622534
ATVI,2000-04-20,6.5,6.69,5.87,6.69,2876001
ATVI,2000-04-14,8.87,8.87,6.31,6.5,3855150
ATVI,2000-04-07,12.16,12.16,7.63,8.06,10263266
ATVI,2000-03-31,13.37,13.63,11.62,12.06,1218567
ATVI,2000-03-24,13.25,14.12,12.62,13.63,927384
ATVI,2000-03-17,14.5,14.5,12.81,13.09,1416684
ATVI,2000-03-10,15.0,15.0,13.14,14.31,1176018
ATVI,2000-03-03,12.69,15.06,12.5,14.81,3059933
ATVI,2000-02-25,13.5,13.81,12.62,12.75,605000
ATVI,2000-02-18,14.87,15.0,12.62,13.5,1289383
ATVI,2000-02-11,15.13,15.31,14.25,14.87,2036816
ATVI,2000-02-04,16.56,17.69,15.0,15.75,3480968
ATVI,2000-01-28,15.03,17.62,13.59,16.37,2931482
ATVI,2000-01-21,17.0,17.44,14.87,15.13,1904534
ATVI,2000-01-14,16.25,18.25,15.88,16.94,2514201
ATVI,2000-01-07,15.75,16.5,14.0,16.12,2737934
ATVI,1999-12-31,14.44,16.37,14.25,15.31,760984
ATVI,1999-12-23,15.5,15.88,13.88,14.12,1200350
ATVI,1999-12-17,16.0,17.0,14.75,15.13,2940618
ATVI,1999-12-10,16.0,16.0,14.12,15.69,1921199
ATVI,1999-12-03,15.53,16.12,14.81,15.56,1529817
ATVI,1999-11-26,14.31,16.37,14.19,15.38,2091850
ATVI,1999-11-19,14.44,14.87,13.69,14.0,1837450
ATVI,1999-11-12,15.38,16.37,14.0,14.06,3255084
ATVI,1999-11-05,14.19,15.5,13.94,15.38,1878950
ATVI,1999-10-29,15.62,15.75,13.56,14.12,1019934
ATVI,1999-10-22,13.81,15.88,13.37,15.44,1674084
ATVI,1999-10-15,16.0,16.25,13.69,13.94,1534934
ATVI,1999-10-08,17.56,17.62,15.5,15.81,1267584
ATVI,1999-10-01,17.56,17.75,17.12,17.5,2245201
ATVI,1999-09-24,16.37,17.62,16.25,17.44,2002132
ATVI,1999-09-17,15.62,16.88,15.31,16.37,1823400
ATVI,1999-09-10,14.87,15.94,14.75,15.62,1952450
ATVI,1999-09-03,14.69,14.94,14.19,14.87,336934
ATVI,1999-08-27,14.25,14.87,14.06,14.69,796700
ATVI,1999-08-20,14.19,14.31,13.75,14.25,602850
ATVI,1999-08-13,13.19,14.62,12.62,14.5,484301
ATVI,1999-08-06,13.75,14.31,12.25,13.12,460517
ATVI,1999-07-30,13.75,15.0,12.62,13.69,703051
ATVI,1999-07-23,15.62,15.91,13.69,13.94,1178034
ATVI,1999-07-16,14.44,15.56,14.44,15.5,2412751
ATVI,1999-07-09,14.0,15.0,14.0,14.47,2381333
ATVI,1999-07-02,13.56,14.62,13.37,13.88,2274067
ATVI,1999-06-25,13.25,13.69,12.94,13.69,1390151
ATVI,1999-06-18,13.69,14.25,12.62,13.12,930051
ATVI,1999-06-11,13.56,14.06,13.5,13.81,2057984
ATVI,1999-06-04,13.37,13.75,13.25,13.63,1206150
ATVI,1999-05-28,13.19,13.75,13.0,13.37,1786233
ATVI,1999-05-21,12.94,13.25,12.5,13.12,1838185
ATVI,1999-05-14,11.25,13.12,11.19,12.94,2159034
ATVI,1999-05-07,10.75,12.31,10.5,11.12,1124051
ATVI,1999-04-30,11.75,11.75,10.12,10.44,1897351
ATVI,1999-04-23,12.0,12.25,11.12,11.44,886250
ATVI,1999-04-16,12.62,13.06,11.38,11.75,2076018
ATVI,1999-04-09,12.62,12.94,12.13,12.69,920951
ATVI,1999-04-01,11.5,13.25,11.5,12.56,1869018
ATVI,1999-03-26,12.69,12.94,9.75,11.56,2572650
ATVI,1999-03-19,11.25,13.0,11.19,12.94,1174667
ATVI,1999-03-12,11.56,12.31,11.12,11.19,757968
ATVI,1999-03-05,11.12,11.75,10.56,11.12,3577800
ATVI,1999-02-26,11.25,11.25,10.19,10.88,914733
ATVI,1999-02-19,12.13,12.5,10.75,11.0,707816
ATVI,1999-02-12,12.75,12.81,11.38,11.87,823568
ATVI,1999-02-05,12.38,13.12,11.56,12.75,1301951
ATVI,1999-01-29,12.81,13.19,12.25,12.5,1284267
ATVI,1999-01-22,12.75,13.81,12.56,12.81,2339200
ATVI,1999-01-15,10.88,12.62,10.75,12.56,2084384
ATVI,1999-01-08,11.0,11.25,10.63,10.81,1130601
ATVI,1998-12-31,10.06,11.12,10.06,11.12,1736983
ATVI,1998-12-24,10.25,11.0,9.38,10.0,947301
ATVI,1998-12-18,11.87,12.0,9.75,10.63,1515567
ATVI,1998-12-11,13.25,13.25,11.5,11.81,1194118
ATVI,1998-12-04,13.75,13.88,12.19,13.06,950901
ATVI,1998-11-27,14.31,14.75,13.88,13.94,1413617
ATVI,1998-11-20,13.5,14.87,13.5,14.25,2349933
ATVI,1998-11-13,13.25,13.75,12.5,13.56,1680568
ATVI,1998-11-06,10.75,13.63,10.75,13.44,2047267
ATVI,1998-10-30,10.63,10.75,10.12,10.56,537550
ATVI,1998-10-23,9.13,10.5,8.75,10.37,1520033
ATVI,1998-10-16,10.0,10.12,9.19,9.25,478951
ATVI,1998-10-09,10.25,10.63,9.5,9.94,482351
ATVI,1998-10-02,11.5,12.25,10.25,10.44,351850
ATVI,1998-09-25,9.75,11.31,9.38,10.88,479568
ATVI,1998-09-18,11.62,11.62,9.88,10.37,633117
ATVI,1998-09-11,11.62,11.87,10.75,11.0,210101
ATVI,1998-09-04,10.5,11.87,10.0,11.0,437651
ATVI,1998-08-28,12.13,12.5,9.38,10.69,1065901
ATVI,1998-08-21,11.0,13.12,11.0,12.13,732018
ATVI,1998-08-14,11.25,11.69,11.0,11.38,414484
ATVI,1998-08-07,12.62,12.75,10.88,11.25,607067
ATVI,1998-07-31,13.31,13.37,11.5,12.62,667701
ATVI,1998-07-24,13.37,13.75,12.69,13.37,1745600
ATVI,1998-07-17,12.25,13.5,12.0,13.19,689767
ATVI,1998-07-10,11.5,12.38,11.25,12.0,1121450
ATVI,1998-07-02,9.75,11.81,9.62,11.56,965334
ATVI,1998-06-26,10.0,10.37,9.38,9.62,361217
ATVI,1998-06-19,10.12,10.25,9.75,9.75,554400
ATVI,1998-06-12,9.75,10.5,9.56,10.12,627417
ATVI,1998-06-05,10.25,10.25,9.44,9.69,604617
ATVI,1998-05-29,10.88,11.12,10.0,10.06,397384
ATVI,1998-05-22,11.25,11.38,10.88,11.06,536551
ATVI,1998-05-15,11.02,11.62,11.0,11.25,494932
ATVI,1998-05-08,11.0,11.12,10.63,11.0,503951
ATVI,1998-05-01,10.81,11.12,10.37,11.12,620817
ATVI,1998-04-24,11.25,11.5,10.75,10.75,921066
ATVI,1998-04-17,11.12,11.62,11.0,11.31,773434
ATVI,1998-04-09,11.38,11.5,11.0,11.06,497384
ATVI,1998-04-03,10.5,11.62,10.37,11.19,1561917
ATVI,1998-03-27,12.75,13.25,9.5,10.31,5922301
ATVI,1998-03-20,14.5,14.5,12.88,13.0,1178950
ATVI,1998-03-13,13.63,14.38,13.12,14.06,1673768
ATVI,1998-03-06,13.88,14.12,13.5,13.69,979351
ATVI,1998-02-27,13.25,13.88,13.12,13.81,1256450
ATVI,1998-02-20,13.88,14.06,13.25,13.56,342700
ATVI,1998-02-13,14.5,14.5,13.69,14.06,573718
ATVI,1998-02-06,14.25,14.56,13.75,14.31,1949084
ATVI,1998-01-30,16.75,16.75,12.5,14.25,1675283
ATVI,1998-01-23,17.0,17.75,16.5,16.75,1665350
ATVI,1998-01-16,14.31,17.0,14.0,17.0,987918
ATVI,1998-01-09,16.5,16.81,14.62,14.69,1481718
