DIS,2019-05-09,132.54,136.48,132.3,134.23,48349147
DIS,2019-05-03,142.19,142.37,132.38,134.33,75360734
DIS,2019-04-26,131.9,140.04,131.0325,139.92,64356336
DIS,2019-04-18,131.05,132.87,129.28,132.45,73482356
DIS,2019-04-12,115.0,130.9,114.635,130.06,120523526
DIS,2019-04-05,111.59,115.13,111.38,115.0,55837971
DIS,2019-03-29,108.49,111.6,107.32,111.03,73783063
DIS,2019-03-22,113.03,114.0,107.51,108.23,154315713
DIS,2019-03-15,114.04,115.48,113.68,114.96,67209938
DIS,2019-03-08,114.42,115.05,112.9,113.81,31466014
DIS,2019-03-01,115.62,115.8,112.46,114.01,39246829
DIS,2019-02-22,112.91,115.77,112.83,115.25,33466252
DIS,2019-02-15,111.77,112.6325,109.15,112.59,40138293
DIS,2019-02-08,111.41,113.92,109.81,111.51,49939439
DIS,2019-02-01,110.76,112.05,108.96,111.3,34195645
DIS,2019-01-25,110.62,111.84,109.75,111.09,26259792
DIS,2019-01-18,111.65,113.18,110.16,111.04,37628531
DIS,2019-01-11,109.91,112.92,109.3,112.65,32356446
DIS,2019-01-04,109.11,110.75,105.9436,109.61,37682634
DIS,2018-12-28,103.23,108.52,100.35,107.3,32377625
DIS,2018-12-21,112.29,112.89,103.86,104.22,48748869
DIS,2018-12-14,111.99,113.98,109.5301,112.2,36186923
DIS,2018-12-07,116.65,116.92,111.16,111.98,38931306
DIS,2018-11-30,113.18,117.14,111.92,115.49,51092375
DIS,2018-11-23,116.0,117.83,111.52,112.08,31394023
DIS,2018-11-16,118.0,118.46,115.7,116.19,35161438
DIS,2018-11-09,115.74,120.2,115.12,118.0,49160558
DIS,2018-11-02,114.45,116.95,111.96,115.18,38954052
DIS,2018-10-26,119.05,119.69,111.25,113.19,44035878
DIS,2018-10-19,111.93,119.17,111.89,118.9,37856161
DIS,2018-10-12,114.83,117.77,110.32,112.61,37429746
DIS,2018-10-05,117.28,118.1,114.73,114.78,33476717
DIS,2018-09-28,112.27,117.46,111.7,116.94,45105345
DIS,2018-09-21,109.58,111.98,108.23,110.4,49370955
DIS,2018-09-14,111.44,111.9075,108.88,109.26,26493998
DIS,2018-09-07,111.8,112.0,109.36,110.97,22802178
DIS,2018-08-31,112.49,112.89,111.56,112.02,20026018
DIS,2018-08-24,112.93,113.0,111.44,111.93,22457823
DIS,2018-08-17,112.66,113.33,111.47,112.48,25439718
DIS,2018-08-10,114.66,117.9,112.4,112.68,52691946
DIS,2018-08-03,112.2,114.095,111.68,114.09,28862112
DIS,2018-07-27,111.05,114.5617,109.63,112.62,33030947
DIS,2018-07-20,109.82,114.68,108.77,111.48,53337975
DIS,2018-07-13,105.01,110.24,104.75,110.0,34813002
DIS,2018-07-06,104.15,105.95,103.5,104.78,18233320
DIS,2018-06-29,106.0,106.08,103.4801,104.81,36424612
DIS,2018-06-22,107.0,107.9,105.76,106.34,53777379
DIS,2018-06-15,103.93,109.49,102.67,108.85,73637549
DIS,2018-06-08,99.76,103.99,99.7,103.98,35054898
DIS,2018-06-01,100.55,101.65,98.809,99.36,34954507
DIS,2018-05-25,104.22,105.49,101.21,102.2,35323692
DIS,2018-05-18,102.44,105.48,101.98,103.93,36513790
DIS,2018-05-11,102.35,102.68,99.3,102.07,58719602
DIS,2018-05-04,100.41,101.3736,97.68,101.15,44992272
DIS,2018-04-27,100.55,101.49,98.86,99.23,37511136
DIS,2018-04-20,100.69,102.71,99.73,100.24,38927750
DIS,2018-04-13,100.7,101.65,99.58,100.35,35386035
DIS,2018-04-06,100.18,102.38,97.7,100.35,39222749
DIS,2018-03-29,99.86,101.28,98.15,100.44,32837051
DIS,2018-03-23,102.8,102.95,98.45,98.54,36396044
DIS,2018-03-16,104.715,105.94,102.84,102.87,34568465
DIS,2018-03-09,102.71,104.95,102.42,104.73,30291882
DIS,2018-03-02,108.0,109.81,101.33,102.99,51266136
DIS,2018-02-23,106.37,107.565,104.93,107.25,23723529
DIS,2018-02-16,103.93,107.345,102.1,106.53,40417301
DIS,2018-02-09,107.1,108.63,100.26,103.09,68481180
DIS,2018-02-02,112.1,112.45,107.36,108.7,44108201
DIS,2018-01-26,110.27,112.5324,109.89,112.19,36292166
DIS,2018-01-19,113.07,113.16,109.84,110.59,32868090
DIS,2018-01-12,110.89,112.72,109.01,112.47,32223463
DIS,2018-01-05,108.95,113.19,108.56,111.62,33586827
DIS,2017-12-29,108.49,109.37,107.06,107.51,17536490
DIS,2017-12-22,111.85,112.39,108.45,108.67,48047956
DIS,2017-12-15,104.87,112.0,104.77,111.27,72184007
DIS,2017-12-08,106.5,112.67,104.0775,104.23,55327666
DIS,2017-12-01,102.63,106.26,102.17,105.25,46090239
DIS,2017-11-24,103.42,103.42,102.45,102.64,17161297
DIS,2017-11-17,104.14,105.14,102.4488,103.44,33902517
DIS,2017-11-10,98.37,106.24,98.35,104.78,62585930
DIS,2017-11-03,98.12,99.46,97.3842,98.64,31755947
DIS,2017-10-27,99.12,99.48,96.89,98.31,28693367
DIS,2017-10-20,97.64,99.66,97.54,99.4,27571916
DIS,2017-10-13,100.81,100.98,96.8,97.38,38815501
DIS,2017-10-06,99.31,100.93,99.11,100.07,25875599
DIS,2017-09-29,98.6,99.74,97.66,98.57,36086896
DIS,2017-09-22,98.39,99.39,97.72,98.6,31590384
DIS,2017-09-15,97.9,98.9491,96.96,98.52,59524939
DIS,2017-09-08,102.0,102.55,96.2,97.07,56057822
DIS,2017-09-01,102.49,103.45,101.0,101.5,35756079
DIS,2017-08-25,100.64,102.98,100.53,102.41,31863776
DIS,2017-08-18,102.8,102.81,100.66,100.7,36469531
DIS,2017-08-11,107.59,107.65,100.5,101.99,63957341
DIS,2017-08-04,110.02,110.83,107.32,107.69,36854112
DIS,2017-07-28,107.31,110.19,106.2,109.96,28859855
DIS,2017-07-21,105.17,107.71,104.31,107.09,25456205
DIS,2017-07-14,103.3,105.34,102.87,105.09,23701689
DIS,2017-07-07,106.76,108.62,102.72,103.32,27927037
DIS,2017-06-30,104.6,107.54,104.52,106.25,31713262
DIS,2017-06-23,105.6,106.0,103.17,104.36,41587869
DIS,2017-06-16,105.89,107.26,104.765,105.51,31152259
DIS,2017-06-09,107.04,107.22,104.08,105.62,41839617
DIS,2017-06-02,108.49,108.65,106.95,107.18,30862251
DIS,2017-05-26,107.65,108.49,106.775,108.41,31111473
DIS,2017-05-19,109.73,110.08,105.23,107.52,41086129
DIS,2017-05-12,112.39,112.39,108.13,109.69,44175987
DIS,2017-05-05,115.59,115.61,109.06,111.99,39161835
DIS,2017-04-28,115.26,116.1,113.66,115.6,25396755
DIS,2017-04-21,113.33,115.12,113.0,114.44,28548065
DIS,2017-04-13,112.8,114.2501,112.04,113.2,19900757
DIS,2017-04-07,113.18,113.84,112.39,112.58,21868951
DIS,2017-03-31,111.81,113.71,111.45,113.39,23342045
DIS,2017-03-24,112.07,113.16,111.35,112.14,33325120
DIS,2017-03-17,110.92,112.89,110.82,111.76,31277226
DIS,2017-03-10,110.772,111.5,110.09,110.92,23060104
DIS,2017-03-03,109.93,111.8,109.83,111.24,26290807
DIS,2017-02-24,109.94,110.49,109.1,110.32,21167703
DIS,2017-02-17,108.95,110.87,108.9,110.06,31038058
DIS,2017-02-10,109.92,111.42,108.5814,109.26,44705064
DIS,2017-02-03,109.86,111.99,108.96,110.3,47213402
DIS,2017-01-27,107.34,109.4,106.57,109.3,29009791
DIS,2017-01-20,107.91,108.93,106.81,107.66,25748343
DIS,2017-01-13,108.58,109.4901,106.9,108.06,36420583
DIS,2017-01-06,105.3,109.35,105.205,108.98,33058793
DIS,2016-12-30,104.85,105.556,103.87,104.22,21697577
DIS,2016-12-23,105.7,106.26,104.51,105.15,34091874
DIS,2016-12-16,104.61,105.64,103.5,103.91,44612782
DIS,2016-12-09,98.98,105.5237,98.68,104.86,60713237
DIS,2016-12-02,98.52,100.2895,98.25,98.5,44565156
DIS,2016-11-25,98.11,99.07,97.0,98.82,26657468
DIS,2016-11-18,97.56,99.5,97.42,98.24,47340827
DIS,2016-11-11,93.77,98.32,92.11,97.68,58574373
DIS,2016-11-04,93.72,94.13,91.66,92.45,38329996
DIS,2016-10-28,93.49,94.4,91.9,93.85,34768278
DIS,2016-10-21,91.35,94.19,90.56,93.03,36131409
DIS,2016-10-14,92.7,93.21,90.315,91.3,27797461
DIS,2016-10-07,92.47,93.58,92.02,92.49,30728484
DIS,2016-09-30,92.47,93.4932,91.4,92.86,44270714
DIS,2016-09-23,92.8,93.71,91.7,93.27,34548515
DIS,2016-09-16,91.96,93.86,91.19,92.56,41682833
DIS,2016-09-09,94.53,94.53,92.39,92.42,32402243
DIS,2016-09-02,95.07,95.32,93.91,94.42,33778771
DIS,2016-08-26,96.47,96.47,94.75,95.21,26942254
DIS,2016-08-19,97.35,97.61,96.05,96.39,28387542
DIS,2016-08-12,96.11,99.27,95.3,96.84,69102518
DIS,2016-08-05,96.15,96.425,94.56,95.83,40406859
DIS,2016-07-29,97.9,98.06,95.82,95.95,33984508
DIS,2016-07-22,99.9,100.709,97.14,97.71,33872258
DIS,2016-07-15,99.8,100.8,99.4,99.8,32648771
DIS,2016-07-08,97.77,99.85,96.76,99.62,23260825
DIS,2016-07-01,94.91,98.64,94.0,98.03,36061459
DIS,2016-06-24,100.08,100.96,95.14,95.72,39305742
DIS,2016-06-17,96.75,99.1401,96.7,99.0,37642270
DIS,2016-06-10,98.96,99.12,96.78,97.34,28643851
DIS,2016-06-03,99.85,99.89,97.73,98.75,29326649
DIS,2016-05-27,99.6,100.8,99.12,100.29,24956019
DIS,2016-05-20,100.41,101.29,97.51,99.78,41489004
DIS,2016-05-13,106.01,106.75,100.36,100.52,71119115
DIS,2016-05-06,103.3,105.74,102.8,105.54,31843102
DIS,2016-04-29,103.5,105.6,102.4,103.26,31227180
DIS,2016-04-22,99.6,104.12,99.5,103.77,41566994
DIS,2016-04-15,96.93,99.866,96.07,98.59,32969087
DIS,2016-04-08,99.3,99.44,95.8,96.42,37550444
DIS,2016-04-01,97.5,100.37,97.362,99.07,29097784
DIS,2016-03-24,98.92,99.1199,96.3,97.22,24638675
DIS,2016-03-18,97.94,100.15,97.39,99.2,34784974
DIS,2016-03-11,98.57,99.71,95.87,97.94,31443504
DIS,2016-03-04,95.31,99.21,95.23,98.48,36748712
DIS,2016-02-26,96.23,97.0,93.23,95.31,30012896
DIS,2016-02-19,92.47,96.45,91.79,95.01,37263920
DIS,2016-02-12,92.56,93.2,86.25,91.15,93841925
DIS,2016-02-05,95.08,96.73,92.42,93.9,42395653
DIS,2016-01-29,96.42,96.68,92.37,95.82,36575231
DIS,2016-01-22,95.0,97.42,90.42,96.9,54573684
DIS,2016-01-15,100.21,101.88,93.46,93.9,63486647
DIS,2016-01-08,103.12,103.43,98.52,99.25,68012729
DIS,2015-12-31,106.5,108.2,105.06,105.08,29283818
DIS,2015-12-24,108.8,110.1,104.3,105.86,48207368
DIS,2015-12-18,108.68,114.75,107.35,107.72,73021805
DIS,2015-12-11,114.56,114.56,107.6177,108.04,42620611
DIS,2015-12-04,115.56,115.58,111.44,114.24,52450847
DIS,2015-11-27,120.3,120.65,113.7,115.13,35801463
DIS,2015-11-20,113.47,120.25,113.335,120.07,35869700
DIS,2015-11-13,115.9,117.58,114.38,114.84,39219050
DIS,2015-11-06,114.49,116.83,110.81,115.67,66407225
DIS,2015-10-30,113.07,115.4,112.12,113.74,32665906
DIS,2015-10-23,108.25,114.21,107.94,113.09,44407284
DIS,2015-10-16,105.91,108.5,105.23,108.24,31732365
DIS,2015-10-09,103.7,106.05,102.6101,105.56,34652463
DIS,2015-10-02,99.9,103.47,97.77,103.0,43388797
DIS,2015-09-25,103.68,103.83,99.24,100.3,39172104
DIS,2015-09-18,104.65,105.95,101.83,102.84,43992556
DIS,2015-09-11,102.95,104.95,101.331,104.48,36701534
DIS,2015-09-04,102.3,103.03,99.1578,100.97,53034252
DIS,2015-08-28,93.38,103.34,90.0,102.48,91467230
DIS,2015-08-21,107.3,109.28,96.61,98.84,94979238
DIS,2015-08-14,110.0,111.0,105.51,107.16,59066434
DIS,2015-08-07,120.88,122.08,104.24,109.35,154899740
DIS,2015-07-31,118.63,120.72,117.78,120.0,27906402
DIS,2015-07-24,119.29,119.9,118.57,118.91,24116857
DIS,2015-07-17,117.75,119.15,117.25,118.86,28913334
DIS,2015-07-10,114.47,117.43,114.27,116.44,36717696
DIS,2015-07-02,114.16,115.67,113.0,114.97,25546860
DIS,2015-06-26,113.4,115.275,113.274,114.99,33257774
DIS,2015-06-19,109.27,113.55,108.93,112.62,30838509
DIS,2015-06-12,110.03,110.96,107.65,109.95,27954778
DIS,2015-06-05,111.48,111.82,109.8,110.3,25785224
DIS,2015-05-29,110.17,110.85,108.76,110.37,18609729
DIS,2015-05-22,110.47,110.9899,109.9,110.26,22957753
DIS,2015-05-15,110.14,110.69,107.67,110.3,27726529
DIS,2015-05-08,111.48,113.3,108.715,110.11,45657427
DIS,2015-05-01,111.5,111.66,107.68,110.52,35797295
DIS,2015-04-24,107.83,110.48,106.97,109.53,29072565
DIS,2015-04-17,107.07,108.3,106.04,106.69,29933034
DIS,2015-04-10,105.31,107.1,105.04,106.95,20301669
DIS,2015-04-02,106.06,106.945,104.25,106.0,19301008
DIS,2015-03-27,108.6,108.85,104.1,105.48,28364506
DIS,2015-03-20,106.84,108.94,105.73,108.43,30012096
DIS,2015-03-13,103.94,107.33,102.865,106.44,34917855
DIS,2015-03-06,104.35,106.64,103.49,103.82,24938575
DIS,2015-02-27,104.76,105.98,103.96,104.08,25443071
DIS,2015-02-20,104.23,104.69,102.7302,104.55,18810189
DIS,2015-02-13,101.8,104.405,101.07,104.17,29048900
DIS,2015-02-06,91.3,102.99,90.06,102.02,76979381
DIS,2015-01-30,94.45,95.0,90.83,90.96,34926111
DIS,2015-01-23,95.22,95.53,93.75,94.72,27008262
DIS,2015-01-16,94.69,96.43,93.29,95.18,34247502
DIS,2015-01-09,93.28,95.27,91.157,94.25,37338578
DIS,2015-01-02,94.74,95.93,92.8486,93.75,17736831
DIS,2014-12-26,93.39,95.3142,93.22,95.03,18171291
DIS,2014-12-19,92.03,93.2,90.13,92.89,42410765
DIS,2014-12-12,94.21,94.5,90.66,91.49,42665122
DIS,2014-12-05,92.63,93.98,92.1,93.76,30147164
DIS,2014-11-28,89.32,92.96,89.32,92.51,22367668
DIS,2014-11-21,90.5,90.78,88.75,88.96,32310434
DIS,2014-11-14,90.24,90.85,88.95,90.8,28686823
DIS,2014-11-07,91.24,92.0,88.65,90.0,46469167
DIS,2014-10-31,88.47,91.98,88.24,91.38,27558452
DIS,2014-10-24,84.23,88.655,84.145,88.61,38969735
DIS,2014-10-17,85.92,86.39,78.54,83.83,65094402
DIS,2014-10-10,88.79,89.18,85.4,86.27,38686854
DIS,2014-10-03,88.12,89.54,84.65,88.45,36139682
DIS,2014-09-26,90.49,90.61,87.91,88.74,29465343
DIS,2014-09-19,89.74,91.15,89.46,90.49,30914700
DIS,2014-09-12,90.76,90.84,88.75,89.67,22070500
DIS,2014-09-05,90.18,91.2,90.01,90.94,19250500
DIS,2014-08-29,90.95,91.16,89.33,89.88,18169700
DIS,2014-08-22,89.66,90.9,89.58,90.49,22465800
DIS,2014-08-15,87.07,89.47,86.78,89.28,30520200
DIS,2014-08-08,86.17,87.62,85.23,86.85,41713600
DIS,2014-08-01,86.43,87.3,85.21,85.38,30421300
DIS,2014-07-25,85.81,86.962,85.5,86.23,22262200
DIS,2014-07-18,87.46,87.63,84.87,85.81,33297900
DIS,2014-07-11,86.61,87.61,85.68,86.89,28208300
DIS,2014-07-03,85.44,86.98,85.07,86.84,20249600
DIS,2014-06-27,82.85,85.39,82.32,85.3,41259100
DIS,2014-06-20,82.64,84.08,82.56,82.82,29653600
DIS,2014-06-13,84.6,85.86,81.8,82.8,26543600
DIS,2014-06-06,84.27,84.99,83.31,84.61,25534100
DIS,2014-05-30,83.56,84.39,83.25,84.01,22724200
DIS,2014-05-23,80.43,83.3624,80.14,83.32,24888800
DIS,2014-05-16,82.08,82.94,79.21,80.39,30682500
DIS,2014-05-09,80.42,82.44,79.8,81.95,42907400
DIS,2014-05-02,78.76,80.55,76.88,80.31,32767700
DIS,2014-04-25,79.96,80.06,78.16,78.23,27930900
DIS,2014-04-17,77.7,80.22,76.31,79.99,25949900
DIS,2014-04-11,80.42,80.92,76.81,77.01,42455000
DIS,2014-04-04,79.7,82.85,79.66,80.43,33301800
DIS,2014-03-28,80.71,80.93,77.28,78.99,35562500
DIS,2014-03-21,80.5,82.3,79.76,80.35,32888900
DIS,2014-03-14,82.18,82.425,79.57,80.07,35084900
DIS,2014-03-07,80.3,83.65,78.845,82.21,37433000
DIS,2014-02-28,80.5,81.59,79.59,80.81,30425600
DIS,2014-02-21,79.5,80.45,78.8,80.13,27161500
DIS,2014-02-14,75.67,79.47,75.57,79.23,36253800
DIS,2014-02-07,72.66,76.73,69.85,75.67,66118900
DIS,2014-01-31,72.47,73.625,71.12,72.61,36827300
DIS,2014-01-24,73.99,75.43,72.72,72.72,27918000
DIS,2014-01-17,74.9,75.13,73.045,73.98,33735400
DIS,2014-01-10,76.53,76.84,74.32,75.39,36483300
DIS,2014-01-03,74.99,76.697,74.89,76.11,22532800
DIS,2013-12-27,72.89,74.78,72.66,74.35,16970400
DIS,2013-12-20,69.91,73.56,69.835,72.4,40804900
DIS,2013-12-13,71.36,72.13,68.8,69.62,37649100
DIS,2013-12-06,70.79,71.49,69.32,71.46,31092100
DIS,2013-11-29,70.54,71.69,69.6,70.54,24927700
DIS,2013-11-22,70.06,70.33,69.04,70.2,23598700
DIS,2013-11-15,68.48,70.17,67.303,70.0,30652700
DIS,2013-11-08,69.41,69.62,66.72,68.58,43113100
DIS,2013-11-01,69.35,69.48,67.93,69.01,25450200
DIS,2013-10-25,67.27,69.87,67.16,69.26,31229700
DIS,2013-10-18,65.88,67.27,65.78,67.15,34668500
DIS,2013-10-11,64.81,66.59,63.1,66.21,37635700
DIS,2013-10-04,64.73,65.43,63.83,65.3,33373300
DIS,2013-09-27,65.04,65.48,64.2,65.19,36398000
DIS,2013-09-20,67.32,67.65,64.91,65.01,66973800
DIS,2013-09-13,61.6,67.03,61.27,66.69,61729000
DIS,2013-09-06,61.42,61.99,60.52,61.39,34707000
DIS,2013-08-30,61.76,62.11,60.41,60.83,30195600
DIS,2013-08-23,62.15,62.39,61.09,61.73,28845600
DIS,2013-08-16,64.26,64.43,61.71,62.17,37696600
DIS,2013-08-09,66.5,67.16,64.12,64.73,52554500
DIS,2013-08-02,64.8,66.59,64.1,66.51,29608200
DIS,2013-07-26,65.15,65.33,64.11,64.98,26192300
DIS,2013-07-19,67.02,67.36,64.76,65.16,32958800
DIS,2013-07-12,64.28,67.0,64.16,66.98,31217500
DIS,2013-07-05,63.84,64.92,62.57,63.82,24909700
DIS,2013-06-28,62.25,64.52,61.82,63.15,34427800
DIS,2013-06-21,64.3,65.55,61.82,62.73,43011000
DIS,2013-06-14,64.91,64.97,62.52,63.8,31744200
DIS,2013-06-07,63.06,64.93,62.04,64.85,42020100
DIS,2013-05-31,65.98,67.11,63.07,63.08,39567600
DIS,2013-05-24,66.58,66.7101,64.24,65.49,37777100
DIS,2013-05-17,66.96,67.89,65.68,66.58,40429500
DIS,2013-05-10,65.09,67.43,64.51,67.2,62560900
DIS,2013-05-03,62.82,64.85,62.44,64.8,37647200
DIS,2013-04-26,61.59,62.9,61.15,61.87,33622500
DIS,2013-04-19,60.26,61.56,58.84,61.56,52560000
DIS,2013-04-12,57.83,60.73,57.76,60.55,44873900
DIS,2013-04-05,56.89,57.75,56.15,57.7,34845800
DIS,2013-03-28,57.0,57.108,55.865,56.8,25655100
DIS,2013-03-22,57.08,57.19,55.76,56.78,30697400
DIS,2013-03-15,57.39,57.82,56.7,57.58,39220400
DIS,2013-03-08,55.16,57.51,55.0,57.39,31969400
DIS,2013-03-01,54.6,55.37,53.59,55.33,38228500
DIS,2013-02-22,55.58,55.95,53.93,54.25,30647300
DIS,2013-02-15,54.65,55.62,54.59,55.61,47166000
DIS,2013-02-08,54.16,55.5,53.41,54.66,66104900
DIS,2013-02-01,54.28,54.87,53.53,54.59,41627900
DIS,2013-01-25,52.39,54.87,52.18,54.38,42025300
DIS,2013-01-18,50.4,52.7,50.18,52.34,42603100
DIS,2013-01-11,51.76,51.76,50.45,50.58,41745100
DIS,2013-01-04,48.89,52.335,48.8,52.19,38211700
DIS,2012-12-28,49.92,50.2,48.9,49.15,20906200
DIS,2012-12-21,48.72,51.06,48.6701,50.0,57138000
DIS,2012-12-14,49.21,50.07,48.55,48.67,34973200
DIS,2012-12-07,49.77,50.0,48.56,49.24,36086700
DIS,2012-11-30,48.98,49.94,47.84,49.66,41380800
DIS,2012-11-23,47.7,49.28,47.45,49.26,26094400
DIS,2012-11-16,47.49,48.42,46.96,47.42,55640500
DIS,2012-11-09,50.81,50.86,46.53,47.06,71140600
DIS,2012-11-02,51.15,51.24,48.8,49.86,45313300
DIS,2012-10-26,51.81,52.05,49.515,50.08,35886200
DIS,2012-10-19,50.59,52.74,50.355,51.9,34401800
DIS,2012-10-12,52.37,52.5,50.2,50.59,36561900
DIS,2012-10-05,52.31,53.151,51.47,52.97,32158700
DIS,2012-09-28,52.67,53.4,51.77,52.28,33591700
DIS,2012-09-21,52.32,53.39,51.77,52.74,44603800
DIS,2012-09-14,51.61,52.75,51.27,52.35,41902900
DIS,2012-09-07,49.52,52.0,49.23,51.74,42726200
DIS,2012-08-31,49.49,50.17,49.29,49.47,34806600
DIS,2012-08-24,50.32,50.59,49.01,49.56,32601700
DIS,2012-08-17,49.53,50.55,49.46,50.46,30768400
DIS,2012-08-10,49.97,50.65,49.05,49.65,52634500
DIS,2012-08-03,49.95,50.14,48.13,49.77,43920600
DIS,2012-07-27,47.77,50.54,47.42,49.935,50994100
DIS,2012-07-20,47.96,49.92,47.69,48.59,47075700
DIS,2012-07-13,48.06,48.385,46.85,48.19,36342700
DIS,2012-07-06,48.62,48.75,47.7,48.04,23729600
DIS,2012-06-29,47.22,48.95,46.55,48.5,37018700
DIS,2012-06-22,46.96,48.0,46.8,47.47,53254100
DIS,2012-06-15,46.35,47.45,45.58,47.09,46720000
DIS,2012-06-08,44.47,46.25,44.14,46.24,51096600
DIS,2012-06-01,44.7,46.1,44.34,44.4,51289700
DIS,2012-05-25,43.81,44.96,43.51,44.5,42374300
DIS,2012-05-18,45.17,45.8,43.6225,43.81,45701300
DIS,2012-05-11,43.65,45.8,43.09,45.56,76671900
DIS,2012-05-04,43.32,44.13,42.84,42.93,41154300
DIS,2012-04-27,42.25,43.65,41.73,43.35,30540200
DIS,2012-04-20,42.06,42.84,41.54,42.35,31288800
DIS,2012-04-13,42.13,42.27,40.875,41.85,36704100
DIS,2012-04-05,43.59,44.0,42.482,43.08,30551700
DIS,2012-03-30,43.94,44.5,42.3,43.78,49136100
DIS,2012-03-23,43.07,43.87,42.86,43.65,39897600
DIS,2012-03-16,42.53,44.08,42.15,43.19,47953400
DIS,2012-03-09,42.35,42.77,41.7,42.24,40577000
DIS,2012-03-02,41.7,42.54,41.3,42.36,43952600
DIS,2012-02-24,41.8,41.9,41.09,41.31,24272900
DIS,2012-02-17,41.62,41.92,41.08,41.75,40390500
DIS,2012-02-10,40.0,41.91,39.96,41.45,77031300
DIS,2012-02-03,38.74,40.0,38.38,40.0,52286400
DIS,2012-01-27,39.38,39.75,38.57,39.25,43336600
DIS,2012-01-20,38.69,39.47,38.4,39.31,34348200
DIS,2012-01-13,39.74,40.25,38.02,38.4,62424800
DIS,2012-01-06,37.97,40.15,37.94,39.91,48322800
DIS,2011-12-30,37.61,37.8,37.165,37.5,19622400
DIS,2011-12-23,35.39,37.72,34.51,37.7,44645500
DIS,2011-12-16,36.2,37.12,34.985,35.32,63649900
DIS,2011-12-09,37.04,37.37,35.82,36.56,43295700
DIS,2011-12-02,34.27,36.83,33.76,36.61,53400900
DIS,2011-11-25,35.48,35.63,33.28,33.51,68222300
DIS,2011-11-18,36.33,37.0,34.8,35.63,99430600
DIS,2011-11-11,34.86,37.42,33.65,36.7,64126500
DIS,2011-11-04,35.72,35.79,33.3129,34.76,47758900
DIS,2011-10-28,35.24,36.6,34.09,36.21,46851800
DIS,2011-10-21,33.83,35.16,33.135,35.16,49474700
DIS,2011-10-14,32.36,34.53,32.235,34.47,55674600
DIS,2011-10-07,30.03,32.37,28.19,31.7,75452400
DIS,2011-09-30,30.06,31.71,29.68,30.16,68589300
DIS,2011-09-23,32.38,32.88,29.05,29.83,79898400
DIS,2011-09-16,30.64,33.295,30.52,32.91,57947500
DIS,2011-09-09,31.46,32.68,30.73,31.04,52498200
DIS,2011-09-02,32.72,34.33,32.41,32.46,54109000
DIS,2011-08-26,32.42,32.83,31.33,32.4,80059300
DIS,2011-08-19,33.43,33.8,31.82,31.85,91869800
DIS,2011-08-12,34.06,34.75,29.6,33.09,205625100
DIS,2011-08-05,38.73,38.75,34.4,35.18,79105400
DIS,2011-07-29,40.25,40.89,38.5,38.62,53948200
DIS,2011-07-22,39.12,40.97,38.46,40.65,46619800
DIS,2011-07-15,39.49,39.84,38.98,39.27,65056800
DIS,2011-07-08,39.77,40.18,39.2,39.91,42904700
DIS,2011-07-01,37.62,39.86,37.47,39.72,49080300
DIS,2011-06-24,37.85,38.89,37.19,37.58,50404400
DIS,2011-06-17,38.63,38.8612,37.77,38.04,54509400
DIS,2011-06-10,39.18,39.881,38.42,38.5,49082100
DIS,2011-06-03,41.9,41.99,39.17,39.38,52166200
DIS,2011-05-27,41.15,41.67,40.55,41.52,43164500
DIS,2011-05-20,41.26,41.84,40.68,41.5,50939300
DIS,2011-05-13,43.32,44.125,40.94,41.52,78801800
DIS,2011-05-06,43.47,43.79,42.3,43.06,35323600
DIS,2011-04-29,42.34,43.35,41.715,43.1,30114700
DIS,2011-04-21,40.97,42.46,40.455,42.27,29140300
DIS,2011-04-15,41.76,42.02,40.84,41.52,40815400
DIS,2011-04-08,42.87,43.05,41.4,41.76,39014700
DIS,2011-04-01,43.19,43.48,42.36,42.85,34091600
DIS,2011-03-25,41.46,43.24,40.87,42.97,40663400
DIS,2011-03-18,42.64,42.6798,40.42,41.23,65002400
DIS,2011-03-11,43.53,43.61,42.16,42.93,41181500
DIS,2011-03-04,43.02,44.34,42.97,43.55,53015600
DIS,2011-02-25,42.83,43.285,41.6,42.95,56959500
DIS,2011-02-18,43.19,43.9,42.98,43.56,49786700
DIS,2011-02-11,40.8,44.05,40.71,43.41,83968400
DIS,2011-02-04,39.04,40.77,38.645,40.71,53502400
DIS,2011-01-28,39.64,39.95,38.65,38.85,42122600
DIS,2011-01-21,39.07,39.94,38.51,39.74,36173600
DIS,2011-01-14,39.01,39.81,38.925,39.29,37152400
DIS,2011-01-07,37.74,40.0,37.62,39.45,72905600
DIS,2010-12-31,37.55,37.84,37.07,37.51,19142800
DIS,2010-12-23,37.03,37.99,36.84,37.7,21633000
DIS,2010-12-17,36.95,37.5,36.57,37.05,45509900
DIS,2010-12-10,37.43,37.98,36.51,36.66,35067300
DIS,2010-12-03,36.45,37.67,36.02,37.59,61954200
DIS,2010-11-26,36.88,37.05,36.0,36.7,31073800
DIS,2010-11-19,37.42,37.7801,36.7,37.01,57880900
DIS,2010-11-12,37.05,38.0,35.15,37.75,99274300
DIS,2010-11-05,36.21,37.27,35.76,37.2,63247200
DIS,2010-10-29,35.16,36.515,34.99,36.125,64935400
DIS,2010-10-22,34.83,35.04,34.0,34.97,53075700
DIS,2010-10-15,34.52,35.2,33.96,34.88,45851000
DIS,2010-10-08,33.23,34.7,33.08,34.51,58605100
DIS,2010-10-01,33.6,33.66,32.68,33.34,57354900
DIS,2010-09-24,34.56,34.99,33.0,33.58,60495500
DIS,2010-09-17,34.42,34.73,33.71,34.56,50161200
DIS,2010-09-10,34.5,34.63,33.66,34.15,33457500
DIS,2010-09-03,32.73,34.7,31.91,34.67,45107900
DIS,2010-08-27,33.23,33.55,31.55,32.78,57684700
DIS,2010-08-20,33.44,34.22,32.71,33.05,45821400
DIS,2010-08-13,34.96,35.41,33.41,33.68,58059300
DIS,2010-08-06,34.14,35.09,34.02,35.0,44761800
DIS,2010-07-30,34.09,34.8,33.02,33.69,41040000
DIS,2010-07-23,33.09,34.21,32.63,34.13,52204800
DIS,2010-07-16,33.58,34.67,32.92,33.03,50418800
DIS,2010-07-09,31.77,33.8,31.38,33.75,48099900
DIS,2010-07-02,33.56,33.76,30.72,31.38,76360200
DIS,2010-06-25,35.5,35.83,33.12,33.48,52016200
DIS,2010-06-18,34.49,35.35,33.915,35.15,55928600
DIS,2010-06-11,33.7,34.26,32.41,34.24,66467700
DIS,2010-06-04,33.06,35.1,32.85,33.69,73313700
DIS,2010-05-28,32.56,34.37,31.21,33.42,97939600
DIS,2010-05-21,34.22,34.64,31.4,32.87,97805500
DIS,2010-05-14,34.99,36.25,33.83,34.06,96060200
DIS,2010-05-07,36.95,37.98,31.0,33.41,89804500
DIS,2010-04-30,36.76,37.49,35.96,36.84,53878500
DIS,2010-04-23,35.8,36.87,35.58,36.79,53566900
DIS,2010-04-16,36.14,36.51,35.68,35.83,52113800
DIS,2010-04-09,35.28,36.88,35.06,36.22,63749700
DIS,2010-04-01,35.28,35.59,34.76,35.55,55154800
DIS,2010-03-26,33.47,35.6,33.42,35.31,86566500
DIS,2010-03-19,33.52,33.98,33.36,33.64,49340100
DIS,2010-03-12,32.96,33.81,32.78,33.69,54905100
DIS,2010-03-05,31.4,33.22,31.34,33.22,75377300
DIS,2010-02-26,31.35,31.5,30.85,31.24,54162200
DIS,2010-02-19,30.28,31.52,30.17,31.23,39638100
DIS,2010-02-12,29.76,30.43,29.03,30.07,74417600
DIS,2010-02-05,29.6,30.87,28.99,29.54,62334500
DIS,2010-01-29,30.22,30.23,28.71,29.55,70108200
DIS,2010-01-22,30.59,31.42,29.95,29.98,52827900
DIS,2010-01-15,31.53,31.74,30.41,30.6,58661400
DIS,2010-01-08,32.25,32.75,31.53,31.88,50577200
DIS,2009-12-31,32.24,32.75,31.8,32.25,40567900
DIS,2009-12-24,32.05,32.5,31.94,32.29,26990200
DIS,2009-12-18,31.92,32.59,31.58,31.95,66176900
DIS,2009-12-11,30.93,31.83,30.45,31.7,59513000
DIS,2009-12-04,30.23,31.1,29.95,30.84,54883100
DIS,2009-11-27,30.31,30.76,29.8,30.35,31838900
DIS,2009-11-20,30.12,30.925,29.85,30.01,48262400
DIS,2009-11-13,28.67,30.53,28.23,30.44,88500300
DIS,2009-11-06,27.38,29.1,27.01,28.56,62171200
DIS,2009-10-30,28.87,29.47,27.18,27.37,64920400
DIS,2009-10-23,29.4,29.98,28.69,28.89,49942600
DIS,2009-10-16,28.71,29.52,28.36,29.4,46710900
DIS,2009-10-09,27.16,28.99,27.0,28.64,45599400
DIS,2009-10-02,27.77,28.44,26.84,27.21,66051800
DIS,2009-09-25,28.12,28.6,27.53,27.62,57150200
DIS,2009-09-18,28.19,28.68,27.79,28.44,61077000
DIS,2009-09-11,26.31,28.42,26.09,28.42,67574000
DIS,2009-09-04,26.49,26.97,25.25,25.9,93108100
DIS,2009-08-28,26.99,27.3,26.51,26.84,49687200
DIS,2009-08-21,25.38,26.86,24.89,26.79,53996300
DIS,2009-08-14,26.42,26.54,25.54,25.86,45491500
DIS,2009-08-07,25.52,26.83,24.99,26.69,64002500
DIS,2009-07-31,26.55,26.7,25.04,25.12,74561400
DIS,2009-07-24,24.98,26.84,24.77,26.58,61411900
DIS,2009-07-17,22.49,24.99,22.07,24.51,56887700
DIS,2009-07-10,22.68,23.22,22.05,22.41,65114300
DIS,2009-07-02,23.5,23.93,22.57,22.85,42204100
DIS,2009-06-26,23.19,23.73,22.55,23.43,55905000
DIS,2009-06-19,24.78,24.78,23.36,23.53,52952200
DIS,2009-06-12,24.94,25.64,24.52,25.06,47935900
DIS,2009-06-05,24.83,25.55,24.75,24.95,55177100
DIS,2009-05-29,23.47,24.72,23.38,24.22,54811400
DIS,2009-05-22,23.62,24.4,22.93,23.7,55517300
DIS,2009-05-15,25.11,25.17,23.27,23.41,77134600
DIS,2009-05-08,22.01,26.29,21.84,25.46,126342200
DIS,2009-05-01,19.62,22.57,19.31,21.94,121609700
DIS,2009-04-24,20.0,20.46,19.0,20.26,72485700
DIS,2009-04-17,19.6,20.7,18.8,20.38,72290400
DIS,2009-04-09,19.78,20.07,19.0,19.88,49184300
DIS,2009-04-03,18.12,20.5,17.538,20.0,84460700
DIS,2009-03-27,17.83,19.14,17.74,18.59,77939700
DIS,2009-03-20,17.27,18.37,17.08,17.45,81714800
DIS,2009-03-13,15.48,17.64,15.14,17.13,88101300
DIS,2009-03-06,16.48,17.22,15.32,15.83,90122500
DIS,2009-02-27,17.71,18.15,16.42,16.77,79037500
DIS,2009-02-20,18.07,18.11,17.13,17.53,83210900
DIS,2009-02-13,19.82,19.82,18.03,18.52,88983000
DIS,2009-02-06,20.14,20.792,18.17,19.45,148193400
DIS,2009-01-30,21.08,22.4,20.5,20.68,63396400
DIS,2009-01-23,21.46,21.66,19.98,20.61,68351700
DIS,2009-01-16,22.3,22.48,19.95,21.46,76709100
DIS,2009-01-09,23.51,24.83,22.2278,22.31,60137000
DIS,2009-01-02,22.15,24.03,21.15,23.92,37325600
DIS,2008-12-26,22.41,22.53,21.28,22.18,28554300
DIS,2008-12-19,22.93,24.17,22.18,22.43,89386000
DIS,2008-12-12,23.0,26.1,21.93,22.61,106558400
DIS,2008-12-05,22.04,22.84,20.27,22.77,89495900
DIS,2008-11-28,21.36,22.91,20.6,22.52,65855400
DIS,2008-11-21,20.08,21.13,18.6,21.12,120092300
DIS,2008-11-14,23.9,23.9,19.58,21.08,101748200
DIS,2008-11-07,25.85,26.24,21.41,23.36,103300900
DIS,2008-10-31,22.02,26.47,21.36,25.91,85647400
DIS,2008-10-24,24.96,26.55,21.5,22.61,83012900
DIS,2008-10-17,23.71,28.0,22.07,24.75,98480300
DIS,2008-10-10,28.84,29.4,21.25,23.04,154828600
DIS,2008-10-03,32.2,32.95,29.25,29.54,83558600
DIS,2008-09-26,33.85,34.05,31.63,32.75,68348300
DIS,2008-09-19,32.59,34.85,31.5,34.39,106901000
DIS,2008-09-12,31.99,33.45,31.92,33.26,74784200
DIS,2008-09-05,32.74,33.37,30.87,31.36,41854200
DIS,2008-08-29,31.97,32.75,31.4,32.35,40633500
DIS,2008-08-22,32.54,32.6,31.32,32.2,46364500
DIS,2008-08-15,31.97,33.415,31.45,32.5,70830200
DIS,2008-08-08,30.11,32.12,30.05,32.03,65282700
DIS,2008-08-01,31.33,31.77,29.83,30.08,85874700
DIS,2008-07-25,30.96,31.52,29.97,31.1,69341000
DIS,2008-07-18,29.26,31.29,28.55,30.9,81207600
DIS,2008-07-11,30.0,30.62,28.8,29.2,87951300
DIS,2008-07-03,31.62,32.15,30.4,30.9,53580600
DIS,2008-06-27,32.13,32.84,31.43,31.57,85203700
DIS,2008-06-20,33.8,33.9,31.94,31.94,59941600
DIS,2008-06-13,33.32,34.0,32.84,33.93,55786900
DIS,2008-06-06,33.5,34.705,32.97,33.01,74251600
DIS,2008-05-30,33.31,34.35,33.26,33.6,48860700
DIS,2008-05-23,34.79,34.94,33.18,33.23,53045200
DIS,2008-05-16,34.15,35.02,34.04,34.91,54197100
DIS,2008-05-09,33.72,34.95,32.79,34.3,88487400
DIS,2008-05-02,32.55,33.8,32.21,33.49,51860000
DIS,2008-04-25,31.1,32.45,31.05,32.36,56218100
DIS,2008-04-18,30.23,31.55,29.57,31.33,55355600
DIS,2008-04-11,31.41,31.73,30.15,30.18,60980800
DIS,2008-04-04,31.04,32.39,30.99,31.24,61574500
DIS,2008-03-28,32.0,32.24,31.0,31.0,48893900
DIS,2008-03-20,30.78,31.98,30.05,31.9,51954100
DIS,2008-03-14,30.82,31.82,30.28,30.78,58767100
DIS,2008-03-07,32.36,32.71,30.56,30.76,57162400
DIS,2008-02-29,32.77,33.23,32.13,32.41,60025000
DIS,2008-02-22,32.67,32.8942,31.8,32.57,39934200
DIS,2008-02-15,32.27,32.96,31.52,32.49,65064400
DIS,2008-02-08,30.83,32.3,30.05,32.12,94003500
DIS,2008-02-01,28.75,30.8,28.12,30.66,79105300
DIS,2008-01-25,27.36,29.86,26.3,28.68,69393200
DIS,2008-01-18,30.45,30.75,28.25,28.51,76045300
DIS,2008-01-11,31.38,31.5,29.2,30.32,72527800
DIS,2008-01-04,32.42,32.63,31.0,31.13,33949600
DIS,2007-12-28,32.96,33.41,32.27,32.42,20809700
DIS,2007-12-21,32.97,33.3,32.08,32.94,64996700
DIS,2007-12-14,32.9,33.23,31.71,33.01,60391400
DIS,2007-12-07,33.06,33.5,32.25,32.79,41786100
DIS,2007-11-30,31.91,33.49,30.68,33.15,54126500
DIS,2007-11-23,32.26,32.3,31.02,31.84,36247700
DIS,2007-11-16,32.0,33.14,31.75,32.53,59964500
DIS,2007-11-09,33.4,34.26,32.06,32.74,49211400
DIS,2007-11-02,34.49,34.81,33.32,33.92,39935200
DIS,2007-10-26,33.68,35.11,33.57,34.38,46184400
DIS,2007-10-19,35.37,35.59,33.77,33.81,43491300
DIS,2007-10-12,35.47,35.69,34.9,35.47,28365000
DIS,2007-10-05,34.38,35.6,34.38,35.47,36687300
DIS,2007-09-28,34.6,34.6,33.68,34.39,41440100
DIS,2007-09-21,33.36,34.95,33.06,34.6,56318500
DIS,2007-09-14,33.59,33.9,33.0,33.56,37094500
DIS,2007-09-07,33.51,34.48,33.47,33.59,38445500
DIS,2007-08-31,33.74,34.0758,33.07,33.6,39581100
DIS,2007-08-24,32.78,33.98,32.52,33.87,49775000
DIS,2007-08-17,33.34,33.74,31.25,32.68,68188900
DIS,2007-08-10,34.0,34.93,32.07,33.16,71988200
DIS,2007-08-03,33.98,34.62,32.75,33.9,66296400
DIS,2007-07-27,34.45,35.38,33.74,33.74,59563900
DIS,2007-07-20,34.21,34.87,34.19,34.34,46365700
DIS,2007-07-13,34.54,34.61,33.67,34.37,45985000
DIS,2007-07-06,34.38,34.72,34.2,34.49,26979100
DIS,2007-06-29,34.11,34.52,33.71,34.14,51736300
DIS,2007-06-22,34.5,34.89,33.88,34.14,60884700
DIS,2007-06-15,34.13,34.75,33.0,34.4,69998600
DIS,2007-06-08,35.17,35.89,33.79,34.2,56606800
DIS,2007-06-01,35.99,36.14,35.13,35.24,52436400
DIS,2007-05-25,36.0,36.79,35.64,36.03,42538100
DIS,2007-05-18,36.07,36.34,35.78,36.02,40914800
DIS,2007-05-11,35.98,36.57,35.55,36.07,55703300
DIS,2007-05-04,35.02,36.16,34.7,35.85,49062400
DIS,2007-04-27,35.2,35.47,34.79,34.98,36905000
DIS,2007-04-20,34.8,35.32,34.57,35.28,44984700
DIS,2007-04-13,34.91,35.08,34.34,34.72,46116500
DIS,2007-04-05,34.4,35.17,34.24,34.91,36985300
DIS,2007-03-30,34.89,35.25,34.04,34.43,53435000
DIS,2007-03-23,33.87,35.42,33.81,34.99,46366500
DIS,2007-03-16,34.18,34.46,33.28,33.61,59930500
DIS,2007-03-09,33.55,34.9,33.42,34.37,51575000
DIS,2007-03-02,35.14,35.29,32.65,33.95,63179400
DIS,2007-02-23,34.82,35.24,34.67,35.14,32180900
DIS,2007-02-16,34.6,34.91,33.77,34.89,63888900
DIS,2007-02-09,35.4,36.09,33.92,34.36,69062400
DIS,2007-02-02,34.56,35.38,34.44,35.18,42833600
DIS,2007-01-26,35.45,35.75,34.47,34.55,51016100
DIS,2007-01-19,35.09,35.97,34.89,35.5,50454600
DIS,2007-01-12,34.19,35.29,33.95,35.21,52773500
DIS,2007-01-05,34.21,34.55,33.99,34.19,33930800
DIS,2006-12-29,34.12,34.81,33.94,34.27,31323100
DIS,2006-12-22,34.1,34.89,34.1,34.16,35722500
DIS,2006-12-15,34.29,34.8399,34.15,34.3,48055200
DIS,2006-12-08,33.22,34.49,33.09,34.39,42761200
DIS,2006-12-01,32.85,33.24,32.43,33.09,47832900
DIS,2006-11-24,33.0,33.37,32.64,32.91,28115500
DIS,2006-11-17,32.3,33.21,31.7,32.94,54377200
DIS,2006-11-10,31.99,33.85,31.74,32.4,75756300
DIS,2006-11-03,31.69,31.97,31.33,31.89,34613000
DIS,2006-10-27,31.2,31.99,31.0,31.73,40234900
DIS,2006-10-20,31.05,31.79,30.91,31.45,38806000
DIS,2006-10-13,31.3,31.59,30.78,31.11,27590900
DIS,2006-10-06,30.79,31.39,30.4,31.34,37311700
DIS,2006-09-29,30.29,31.46,29.74,30.91,53611500
DIS,2006-09-22,30.12,31.13,29.99,30.08,46500900
DIS,2006-09-15,29.63,30.58,29.4,30.31,53405100
DIS,2006-09-08,29.82,30.05,29.3,29.58,25193600
DIS,2006-09-01,28.93,30.0,28.92,29.89,33545500
DIS,2006-08-25,29.81,30.05,28.7,28.95,47399200
DIS,2006-08-18,29.53,30.0,29.44,29.91,39343500
DIS,2006-08-11,29.9,30.05,28.53,29.43,66364500
DIS,2006-08-04,29.55,30.12,29.31,29.9,46311600
DIS,2006-07-28,29.05,29.79,28.49,29.7,51202700
DIS,2006-07-21,28.16,29.75,28.15,28.47,53648200
DIS,2006-07-14,30.2,30.34,28.15,28.49,59145400
DIS,2006-07-07,30.19,30.45,29.67,29.83,37623800
DIS,2006-06-30,29.07,30.17,29.06,30.0,50759700
DIS,2006-06-23,29.45,29.75,28.86,29.12,56275600
DIS,2006-06-16,28.35,29.54,27.95,29.45,72528000
DIS,2006-06-09,30.62,31.03,29.25,29.4,76539400
DIS,2006-06-02,30.46,33.2,30.13,30.62,41797400
DIS,2006-05-26,30.0,30.59,29.85,30.51,51356000
DIS,2006-05-19,29.75,30.45,29.18,30.15,68954000
DIS,2006-05-12,29.3,30.19,28.61,29.9,95477700
DIS,2006-05-05,27.871,29.15,27.63,29.09,84519700
DIS,2006-04-28,26.81,28.15,26.75,27.96,43139900
DIS,2006-04-21,27.9,28.19,26.91,27.02,36773100
DIS,2006-04-13,27.6,28.05,27.55,27.88,21360200
DIS,2006-04-07,27.87,28.25,27.37,27.53,35035000
DIS,2006-03-31,27.45,28.12,27.06,27.89,49955500
DIS,2006-03-24,28.68,28.81,27.35,27.45,47029300
DIS,2006-03-17,28.27,28.85,28.16,28.64,37166200
DIS,2006-03-10,28.15,28.3,27.75,28.16,37993400
DIS,2006-03-03,28.0,28.49,27.74,28.22,52805300
DIS,2006-02-24,27.02,27.99,26.51,27.98,46903400
DIS,2006-02-17,26.68,27.19,26.25,26.91,53495700
DIS,2006-02-10,25.2,27.04,24.96,26.68,110491700
DIS,2006-02-03,25.22,25.58,24.9,25.01,72174500
DIS,2006-01-27,25.75,26.2,24.9,25.08,112324000
DIS,2006-01-20,25.83,26.5,24.91,25.72,63653000
DIS,2006-01-13,24.85,25.79,24.72,25.7,49233100
DIS,2006-01-06,24.08,24.79,23.77,24.74,38455500
DIS,2005-12-30,24.34,24.4,23.95,23.97,21522300
DIS,2005-12-23,24.32,24.85,23.95,24.27,34119300
DIS,2005-12-16,25.29,25.45,24.54,24.7,44588500
DIS,2005-12-09,24.82,25.7,24.8098,25.19,42373400
DIS,2005-12-02,25.19,25.24,24.8,24.88,37085300
DIS,2005-11-25,25.05,25.19,24.73,25.05,28520300
DIS,2005-11-18,25.8,26.19,25.02,25.2,60941200
DIS,2005-11-11,25.0,26.0,24.87,25.86,40089500
DIS,2005-11-04,24.0,25.05,23.98,24.81,46332300
DIS,2005-10-28,22.98,28.86,22.97,23.82,39237800
DIS,2005-10-21,23.24,23.55,22.89,22.98,41916100
DIS,2005-10-14,24.04,24.12,23.08,23.39,42957400
DIS,2005-10-07,24.13,25.0,23.92,24.1,46473700
DIS,2005-09-30,23.4,24.35,23.1,24.13,44505000
DIS,2005-09-23,24.0,24.18,22.9,23.22,51803200
DIS,2005-09-16,25.07,25.16,23.85,24.11,51612900
DIS,2005-09-09,24.8,25.34,24.8,25.04,32148100
DIS,2005-09-02,25.13,25.46,24.55,24.76,43222200
DIS,2005-08-26,25.91,25.97,25.15,25.33,38659300
DIS,2005-08-19,25.85,26.47,25.72,25.97,35533000
DIS,2005-08-12,25.45,26.26,25.27,25.76,42530100
DIS,2005-08-05,25.64,26.15,25.3,25.48,26041400
DIS,2005-07-29,25.83,26.19,25.59,25.64,23646200
DIS,2005-07-22,26.33,26.45,25.5,25.83,32158200
DIS,2005-07-15,25.35,26.5,25.0,26.38,47098700
DIS,2005-07-08,25.08,25.26,24.35,25.0,33926000
DIS,2005-07-01,26.04,26.15,24.96,25.09,34318500
DIS,2005-06-24,26.53,27.0,25.68,26.04,24705800
DIS,2005-06-17,27.4,27.99,26.6,26.7,39859300
DIS,2005-06-10,27.27,27.71,26.7,27.52,30891500
DIS,2005-06-03,27.68,27.72,27.25,27.32,23051800
DIS,2005-05-27,27.77,28.0,27.3,27.88,30222200
DIS,2005-05-20,27.05,28.02,26.91,27.83,32714900
DIS,2005-05-13,26.95,27.78,25.95,27.0,37173900
DIS,2005-05-06,26.57,27.15,26.02,26.89,29039400
DIS,2005-04-29,27.34,27.42,25.71,26.4,34010200
DIS,2005-04-22,27.0,27.71,26.6,27.3,29767100
DIS,2005-04-15,28.39,28.46,27.33,27.37,28225100
DIS,2005-04-08,28.65,29.0,28.3,28.4,22241300
DIS,2005-04-01,27.93,28.89,27.8,28.58,28071900
DIS,2005-03-24,28.22,28.41,27.73,27.75,19667000
DIS,2005-03-18,28.0,28.97,27.63,28.09,46945600
DIS,2005-03-11,28.87,29.0,27.47,27.59,31798500
DIS,2005-03-04,27.74,28.97,27.6,28.88,31941100
DIS,2005-02-25,28.84,29.0,27.51,27.89,32385000
DIS,2005-02-18,29.24,29.58,29.0,29.06,24398400
DIS,2005-02-11,29.42,29.99,28.98,29.34,33623400
DIS,2005-02-04,28.83,29.36,28.43,29.31,40159400
DIS,2005-01-28,28.15,28.91,27.9,28.23,38704900
DIS,2005-01-21,28.31,28.94,28.15,28.15,30539400
DIS,2005-01-14,27.15,28.5,27.1,28.3,39328800
DIS,2005-01-07,27.81,28.26,27.051,27.17,29287800
DIS,2004-12-31,27.66,28.03,27.59,27.8,16302300
DIS,2004-12-23,27.43,27.68,27.23,27.59,16236500
DIS,2004-12-17,27.64,27.86,27.35,27.37,31896900
DIS,2004-12-10,27.37,27.98,26.68,27.63,27664300
DIS,2004-12-03,27.34,27.99,26.7,27.37,30140600
DIS,2004-11-26,26.68,27.45,26.5,27.12,17754400
DIS,2004-11-19,26.86,27.08,26.32,26.66,32546000
DIS,2004-11-12,26.15,26.96,25.96,26.8,31193500
DIS,2004-11-05,25.13,26.67,24.79,26.43,34040900
DIS,2004-10-29,24.41,25.26,24.27,25.22,28386900
DIS,2004-10-22,25.0,25.3,24.5,24.62,32300100
DIS,2004-10-15,24.85,25.1,24.58,24.91,42651000
DIS,2004-10-08,23.74,25.05,23.19,24.85,48700200
DIS,2004-10-01,23.26,23.35,22.0,23.08,44576200
DIS,2004-09-24,23.26,23.59,23.0,23.46,25396400
DIS,2004-09-17,23.21,23.65,22.93,23.42,28248600
DIS,2004-09-10,22.36,23.39,22.36,23.16,24462700
DIS,2004-09-03,22.5,22.69,22.23,22.37,22855700
DIS,2004-08-27,22.35,22.78,22.15,22.66,20957600
DIS,2004-08-20,21.0,22.51,20.96,22.44,34578000
DIS,2004-08-13,21.99,22.59,20.88,20.89,50524500
DIS,2004-08-06,23.1,23.18,21.85,21.99,29254500
DIS,2004-07-30,22.95,23.22,22.57,23.09,25813000
DIS,2004-07-23,23.4,23.94,22.88,22.96,33697700
DIS,2004-07-16,24.57,24.73,23.41,23.45,25561400
DIS,2004-07-09,25.27,25.27,24.32,24.6,21098500
DIS,2004-07-02,25.19,25.6,25.11,25.27,27337800
DIS,2004-06-25,24.9,25.43,24.3,25.18,47338000
DIS,2004-06-18,24.55,25.02,24.53,25.02,31915100
DIS,2004-06-10,24.25,24.87,23.98,24.72,25408900
DIS,2004-06-04,23.8,24.52,23.38,24.06,27523000
DIS,2004-05-28,22.9,23.93,22.82,23.47,26547900
DIS,2004-05-21,22.95,23.41,22.68,22.68,31299000
DIS,2004-05-14,22.11,23.58,21.39,23.24,61789500
DIS,2004-05-07,23.18,23.36,22.33,22.45,47689200
DIS,2004-04-30,24.72,24.86,22.9,23.03,81381100
DIS,2004-04-23,24.62,25.29,24.56,24.65,38301500
DIS,2004-04-16,25.85,25.9,24.43,24.9,45668200
DIS,2004-04-08,25.82,26.65,25.71,26.25,25530200
DIS,2004-04-02,25.15,25.99,24.29,25.95,35204200
DIS,2004-03-26,25.1,25.35,24.55,25.1,37379300
DIS,2004-03-19,25.4,26.06,25.1,25.39,42955900
DIS,2004-03-12,26.55,26.65,24.75,26.1,58134000
DIS,2004-03-05,26.8,27.05,26.41,26.48,45999700
DIS,2004-02-27,26.55,26.98,25.8,26.53,62958500
DIS,2004-02-20,27.4,27.51,26.39,26.55,63533500
DIS,2004-02-13,23.35,28.41,23.28,26.92,236437400
DIS,2004-02-06,23.8,24.03,22.9,23.35,46195200
DIS,2004-01-30,23.92,24.65,22.98,24.0,51155100
DIS,2004-01-23,24.8,24.84,23.75,24.05,31289700
DIS,2004-01-16,24.78,25.08,24.6,24.85,48730400
DIS,2004-01-09,23.67,24.99,23.61,24.87,47207200
DIS,2004-01-02,23.16,23.92,23.16,23.67,20266600
DIS,2003-12-26,23.07,23.49,22.95,23.21,20398400
DIS,2003-12-19,22.98,23.26,22.66,23.23,31935000
DIS,2003-12-12,21.6,22.91,21.6,22.82,47336400
DIS,2003-12-05,23.09,23.34,21.56,21.67,64547600
DIS,2003-11-28,22.62,23.24,22.55,23.09,19694300
DIS,2003-11-21,22.81,23.15,22.38,22.58,40071300
DIS,2003-11-14,23.3,23.43,22.92,23.07,25470900
DIS,2003-11-07,22.85,23.76,22.5,23.4,33706700
DIS,2003-10-31,21.84,22.95,21.82,22.64,35903300
DIS,2003-10-24,21.7,21.9,21.38,21.8,26455000
DIS,2003-10-17,21.75,22.06,21.38,21.58,31383500
DIS,2003-10-10,21.25,22.09,21.01,21.66,34988300
DIS,2003-10-03,20.02,21.65,19.84,21.28,49095000
DIS,2003-09-26,20.15,20.65,19.78,20.08,50975800
DIS,2003-09-19,20.0,20.55,20.0,20.48,47762700
DIS,2003-09-12,21.12,21.4,20.07,20.24,39209400
DIS,2003-09-05,20.73,21.54,20.56,21.19,39736100
DIS,2003-08-29,21.2,21.33,20.15,20.5,53345700
DIS,2003-08-22,22.48,22.53,21.31,21.41,46067100
DIS,2003-08-15,21.84,22.69,21.8,22.45,28859300
DIS,2003-08-08,22.39,22.55,21.32,21.84,34930900
DIS,2003-08-01,21.7,23.8,21.63,22.52,54503300
DIS,2003-07-25,20.8,21.33,20.26,21.29,35509900
DIS,2003-07-18,20.95,21.62,20.71,21.01,39703300
DIS,2003-07-11,20.25,21.13,20.2,20.84,42342200
DIS,2003-07-03,20.0,20.57,19.4,20.07,37837500
DIS,2003-06-27,20.18,20.33,18.85,19.34,45156900
DIS,2003-06-20,20.34,21.23,20.02,20.33,44371300
DIS,2003-06-13,21.25,21.28,19.85,20.35,39979900
DIS,2003-06-06,19.9,21.55,19.66,21.28,65166000
DIS,2003-05-30,18.16,19.85,18.15,19.65,47544500
DIS,2003-05-23,18.25,18.38,17.45,18.24,41151000
DIS,2003-05-16,18.66,19.08,18.15,18.44,39367400
DIS,2003-05-09,18.89,18.89,18.05,18.66,37629000
DIS,2003-05-02,18.27,18.99,17.7,18.89,43004800
DIS,2003-04-25,18.4,19.28,18.0,18.16,38830300
DIS,2003-04-17,17.6,18.41,17.57,18.4,32383000
DIS,2003-04-11,18.0,18.3,16.92,17.84,72573100
DIS,2003-04-04,17.3,18.07,16.89,17.44,41925700
DIS,2003-03-28,17.91,18.01,16.95,17.69,49048700
DIS,2003-03-21,16.19,18.74,16.03,18.74,55575900
DIS,2003-03-14,15.5,16.52,14.84,16.42,38332900
DIS,2003-03-07,17.1,17.19,15.3,15.72,44400200
DIS,2003-02-28,16.88,17.1,15.98,17.06,37970700
DIS,2003-02-21,16.85,17.3,16.53,17.02,21620200
DIS,2003-02-14,16.33,16.8,15.88,16.73,31527900
DIS,2003-02-07,17.66,17.8,16.28,16.35,29786800
DIS,2003-01-31,16.9,17.68,16.25,17.5,41058300
DIS,2003-01-24,18.0,18.09,16.67,17.1,25384700
DIS,2003-01-17,18.4,18.54,17.71,17.8,31639200
DIS,2003-01-10,17.47,18.46,17.45,18.15,34655100
DIS,2003-01-03,15.66,17.45,15.5,17.36,28908000
DIS,2002-12-27,16.5,16.97,15.94,16.01,17926200
DIS,2002-12-20,16.65,17.24,15.99,16.46,33611800
DIS,2002-12-13,17.13,17.23,16.4,16.52,33224700
DIS,2002-12-06,19.9,20.24,16.85,17.17,49336000
DIS,2002-11-29,19.55,20.2,18.87,19.82,25363400
DIS,2002-11-22,18.65,19.8,17.93,19.53,32900200
DIS,2002-11-15,17.6,18.69,17.06,18.53,28620600
DIS,2002-11-08,18.15,18.99,17.06,17.68,51144500
DIS,2002-11-01,18.0,18.15,16.52,17.03,36271400
DIS,2002-10-25,16.75,18.11,16.52,17.98,49121100
DIS,2002-10-18,15.35,16.9,15.34,16.75,44133000
DIS,2002-10-11,15.05,16.15,13.9,16.0,50684300
DIS,2002-10-04,15.05,16.7,14.6,15.05,66162300
DIS,2002-09-27,14.9,15.98,14.59,15.24,48076600
DIS,2002-09-20,15.5,16.25,14.81,15.24,38718400
DIS,2002-09-13,15.33,16.64,15.05,15.5,30212000
DIS,2002-09-06,15.58,15.58,14.54,15.36,27739600
DIS,2002-08-30,16.83,16.88,14.86,15.68,37051000
DIS,2002-08-23,16.2,17.45,16.0,16.83,43673200
DIS,2002-08-16,14.6,16.22,13.52,15.86,69880100
DIS,2002-08-09,15.06,15.15,13.48,14.65,72633700
DIS,2002-08-02,16.5,17.74,14.9,15.31,66759500
DIS,2002-07-26,16.55,17.0,14.9,16.0,58820400
DIS,2002-07-19,18.05,18.26,16.37,16.64,42906000
DIS,2002-07-12,19.6,19.79,17.81,18.45,33822500
DIS,2002-07-05,18.9,20.0,17.6,19.79,29468200
DIS,2002-06-28,19.25,19.65,18.45,18.9,60164000
DIS,2002-06-21,21.0,22.19,19.15,19.25,44583500
DIS,2002-06-14,21.75,22.37,19.7,21.03,37338900
DIS,2002-06-07,23.0,23.36,21.1,21.65,36824100
DIS,2002-05-31,23.8,23.9,22.6,22.91,22037400
DIS,2002-05-24,24.6,24.65,23.07,23.56,25852900
DIS,2002-05-17,23.45,24.98,23.26,24.85,24997400
DIS,2002-05-10,23.37,23.9,22.78,23.15,25145200
DIS,2002-05-03,23.9,24.7,22.75,23.6,33205600
DIS,2002-04-26,25.0,25.15,23.68,24.1,38159600
DIS,2002-04-19,24.0,25.17,23.25,24.95,44107400
DIS,2002-04-12,22.75,24.24,22.73,24.0,32531000
DIS,2002-04-05,22.99,23.62,22.1,23.24,29721200
DIS,2002-03-28,23.7,23.7,22.65,23.08,23781800
DIS,2002-03-22,24.48,25.0,23.18,23.45,28939600
DIS,2002-03-15,23.6,24.4,23.18,24.32,31133600
DIS,2002-03-08,24.0,24.26,23.25,23.75,48736200
DIS,2002-03-01,23.92,24.6,22.8,23.99,46041400
DIS,2002-02-22,23.7,24.44,22.85,23.67,29178400
DIS,2002-02-15,23.26,24.39,23.07,23.9,38424700
DIS,2002-02-08,22.46,23.59,21.2,23.42,41811100
DIS,2002-02-01,22.6,22.6,20.02,22.45,50202100
DIS,2002-01-25,21.4,21.91,20.8,21.78,26546500
DIS,2002-01-18,21.56,21.8,20.76,21.2,32740600
DIS,2002-01-11,22.95,23.6,21.6,21.87,41342600
DIS,2002-01-04,20.95,22.75,20.55,22.7,38454600
DIS,2001-12-28,20.95,21.15,20.44,20.95,20690300
DIS,2001-12-21,21.25,21.29,20.41,20.68,47643500
DIS,2001-12-14,22.0,22.65,20.37,20.97,42551200
DIS,2001-12-07,20.47,22.9,19.5,22.35,49138000
DIS,2001-11-30,21.15,21.5,19.75,20.47,33230700
DIS,2001-11-23,21.25,21.91,20.41,21.0,38680100
DIS,2001-11-16,19.0,21.35,18.2,20.76,71651400
DIS,2001-11-09,19.25,19.55,18.05,18.95,48336900
DIS,2001-11-02,18.7,19.1,18.01,18.87,32233900
DIS,2001-10-26,18.26,19.39,18.0,18.71,35912600
DIS,2001-10-19,19.07,19.9,17.81,18.49,34828900
DIS,2001-10-12,19.31,20.49,18.41,19.61,41507500
DIS,2001-10-05,18.62,20.23,18.1,19.2,53199500
DIS,2001-09-28,18.0,18.8,17.13,18.62,76038100
DIS,2001-09-21,19.0,21.0,15.5,17.87,202012000
DIS,2001-09-10,23.5,23.99,23.25,23.58,7359900
DIS,2001-09-07,25.1,26.05,23.15,24.11,25458300
DIS,2001-08-31,26.8,26.93,24.56,25.43,19279100
DIS,2001-08-24,25.7,26.85,25.5,26.65,18719900
DIS,2001-08-17,27.4,27.59,25.1,25.65,26553600
DIS,2001-08-10,26.7,27.98,26.62,27.4,26987500
DIS,2001-08-03,27.27,27.5,26.18,26.6,38704100
DIS,2001-07-27,27.0,27.35,26.03,27.03,29639300
DIS,2001-07-20,28.6,28.62,26.77,27.0,27579000
DIS,2001-07-13,27.71,28.3,26.81,28.19,31311400
DIS,2001-07-06,28.55,29.02,27.27,27.71,15250300
DIS,2001-06-29,29.19,29.19,27.35,28.89,31085900
DIS,2001-06-22,29.3,30.29,28.3,29.19,28271500
DIS,2001-06-15,31.6,31.75,29.26,29.7,21245000
DIS,2001-06-08,31.6,32.41,31.13,31.85,18576200
DIS,2001-06-01,32.1,32.85,31.19,31.72,18725100
DIS,2001-05-25,33.73,34.8,32.16,32.64,36257300
DIS,2001-05-18,31.16,33.25,30.3,32.6,33071100
DIS,2001-05-11,30.91,31.7,29.85,31.27,18789300
DIS,2001-05-04,30.8,31.85,30.25,30.91,18935500
DIS,2001-04-27,31.36,31.97,28.58,30.93,32670800
DIS,2001-04-20,28.95,32.0,28.83,31.36,26700000
DIS,2001-04-12,28.49,29.64,28.05,29.09,15709900
DIS,2001-04-06,28.3,28.97,26.47,28.49,27105800
DIS,2001-03-30,28.0,29.76,27.25,28.6,30046700
DIS,2001-03-23,27.75,28.23,26.06,27.82,32359000
DIS,2001-03-16,29.3,29.39,26.3,27.52,35311500
DIS,2001-03-09,29.78,30.4,29.1,29.72,26423400
DIS,2001-03-02,30.15,31.4,28.68,29.99,25072200
DIS,2001-02-23,32.0,32.1,29.6,30.3,20558700
DIS,2001-02-16,31.95,32.98,30.75,32.01,26527200
DIS,2001-02-09,30.31,32.85,29.81,31.95,35614000
DIS,2001-02-02,29.87,31.7,29.57,30.75,26366300
DIS,2001-01-26,31.13,31.31,29.31,29.81,37740900
DIS,2001-01-19,31.94,34.0,31.81,32.69,22761500
DIS,2001-01-12,31.5,31.88,29.31,31.56,27518500
DIS,2001-01-05,28.13,33.44,27.63,31.5,33832200
DIS,2000-12-29,26.75,29.13,26.75,28.94,22819800
DIS,2000-12-22,29.13,29.94,26.0,26.44,34398200
DIS,2000-12-15,31.06,31.06,28.25,29.38,30582900
DIS,2000-12-08,29.56,32.0,29.06,30.94,21559800
DIS,2000-12-01,30.38,30.75,27.88,30.0,26557600
DIS,2000-11-24,30.5,30.5,28.5,29.75,18987200
DIS,2000-11-17,31.0,32.5,29.69,30.19,35332600
DIS,2000-11-10,37.88,38.13,30.81,31.69,48688200
DIS,2000-11-03,35.5,38.25,33.81,38.06,23576300
DIS,2000-10-27,36.69,36.81,33.88,34.31,21557600
DIS,2000-10-20,39.06,39.13,33.5,36.38,34602500
DIS,2000-10-13,40.56,41.94,38.06,39.75,24307400
DIS,2000-10-06,38.75,41.5,38.5,40.69,22321300
DIS,2000-09-29,37.88,39.44,37.31,38.25,17422600
DIS,2000-09-22,39.0,39.06,36.81,37.44,17023700
DIS,2000-09-15,39.81,40.19,38.5,39.19,17479000
DIS,2000-09-08,39.31,41.5,38.56,40.25,15191400
DIS,2000-09-01,37.75,39.81,37.63,39.0,16383800
DIS,2000-08-25,38.88,39.25,37.44,38.13,17816200
DIS,2000-08-18,41.0,41.13,38.75,39.13,15307900
DIS,2000-08-11,42.0,42.13,39.56,40.63,23429700
DIS,2000-08-04,38.0,43.0,38.0,42.44,36578200
DIS,2000-07-28,37.06,38.5,36.31,37.88,16683200
DIS,2000-07-21,37.44,39.31,35.38,37.44,24412600
DIS,2000-07-14,37.5,38.44,36.0,37.44,21321500
DIS,2000-07-07,38.13,39.19,36.5,38.0,19737800
DIS,2000-06-30,39.81,40.5,37.75,38.81,21782900
DIS,2000-06-23,41.31,42.06,39.38,39.63,17328800
DIS,2000-06-16,41.31,42.25,40.19,41.19,20617900
DIS,2000-06-09,40.5,42.0,40.0,41.56,18530900
DIS,2000-06-02,40.88,43.19,40.25,40.44,22269900
DIS,2000-05-26,41.19,41.5,38.19,39.88,20124100
DIS,2000-05-19,40.69,42.88,39.75,41.06,22782400
DIS,2000-05-12,39.63,41.75,39.56,40.81,19804200
DIS,2000-05-05,43.56,43.88,39.25,39.56,35339000
DIS,2000-04-28,41.13,43.63,39.69,43.63,30011400
DIS,2000-04-20,37.5,42.5,37.06,42.25,24838300
DIS,2000-04-14,40.75,43.63,37.69,38.88,32339900
DIS,2000-04-07,41.44,41.94,38.38,41.0,23981500
DIS,2000-03-31,41.5,42.5,39.75,41.25,29338500
DIS,2000-03-24,37.81,41.94,37.69,41.44,58885800
DIS,2000-03-17,33.13,36.94,33.0,36.81,34579200
DIS,2000-03-10,35.88,36.75,34.63,35.13,33918900
DIS,2000-03-03,32.31,36.5,32.0,36.5,41861200
DIS,2000-02-25,35.31,35.44,31.0,31.0,37906800
DIS,2000-02-18,37.0,37.38,35.31,35.5,28018200
DIS,2000-02-11,38.0,39.0,36.81,37.88,31024400
DIS,2000-02-04,36.06,38.5,35.81,38.13,41751500
DIS,2000-01-28,33.0,38.0,32.38,36.75,65994700
DIS,2000-01-21,33.75,35.44,32.69,32.75,30158500
DIS,2000-01-14,35.0,36.75,33.31,33.56,84111500
DIS,2000-01-07,29.13,33.13,29.06,31.13,58972000
DIS,1999-12-31,29.31,30.0,28.56,29.25,23814700
DIS,1999-12-23,28.19,29.38,27.88,29.13,24122900
DIS,1999-12-17,27.81,29.38,27.31,28.25,46106700
DIS,1999-12-10,27.88,28.44,27.13,28.04,47158800
DIS,1999-12-03,28.06,28.94,27.5,28.25,44339000
DIS,1999-11-26,26.5,28.69,26.5,27.56,29478900
DIS,1999-11-19,25.56,27.19,25.5,26.75,55034800
DIS,1999-11-12,23.94,26.06,23.38,25.06,60316400
DIS,1999-11-05,25.31,29.0,24.06,24.31,61680800
DIS,1999-10-29,25.63,27.88,25.0,26.5,31178900
DIS,1999-10-22,24.13,26.06,23.38,26.06,31423400
DIS,1999-10-15,25.19,25.69,24.06,24.13,26642100
DIS,1999-10-08,25.69,26.13,24.88,25.31,27517800
DIS,1999-10-01,26.38,27.25,25.13,25.38,33776400
DIS,1999-09-24,28.25,28.5,26.0,26.31,21765200
DIS,1999-09-17,27.88,28.38,27.38,28.25,20426000
DIS,1999-09-10,27.81,29.63,27.75,27.88,20996500
DIS,1999-09-03,29.19,29.31,27.19,27.94,20641300
DIS,1999-08-27,29.88,30.19,28.94,29.13,27182200
DIS,1999-08-20,27.69,30.0,27.56,29.88,48834600
DIS,1999-08-13,25.56,27.25,25.19,27.19,25123500
DIS,1999-08-06,27.75,27.88,25.5,25.5,29157500
DIS,1999-07-30,27.0,28.75,26.94,27.56,40654100
DIS,1999-07-23,28.0,28.19,26.69,26.81,39406700
DIS,1999-07-16,28.25,28.38,27.31,28.0,53623000
DIS,1999-07-09,28.25,28.75,27.31,27.63,44457000
DIS,1999-07-02,29.63,30.88,28.13,28.31,43042700
DIS,1999-06-25,30.94,30.94,29.38,29.69,22568400
DIS,1999-06-18,29.19,30.63,28.63,30.5,23669800
DIS,1999-06-11,30.75,31.25,28.56,28.69,27858200
DIS,1999-06-04,28.88,30.88,28.63,30.63,25608700
DIS,1999-05-28,29.56,30.44,28.94,29.13,28935300
DIS,1999-05-21,29.19,30.19,28.81,29.5,34498900
DIS,1999-05-14,30.13,30.56,28.5,29.38,44075700
DIS,1999-05-07,30.75,31.63,29.56,30.0,35215200
DIS,1999-04-30,34.94,35.25,30.13,31.75,46752700
DIS,1999-04-23,32.56,35.0,32.06,34.5,26443100
DIS,1999-04-16,34.88,36.0,33.25,33.38,32629500
DIS,1999-04-09,31.94,34.81,30.5,34.5,46630200
DIS,1999-04-01,33.06,33.19,31.0,31.5,29022100
DIS,1999-03-26,34.94,35.0,32.63,32.94,34116100
DIS,1999-03-19,36.13,36.56,34.5,35.06,25202300
DIS,1999-03-12,35.94,36.69,34.13,36.06,34490600
DIS,1999-03-05,35.25,36.0,34.06,35.81,24564100
DIS,1999-02-26,34.13,36.0,34.06,35.19,28052900
DIS,1999-02-19,35.94,36.0,34.0,34.13,17711200
DIS,1999-02-12,34.25,35.56,33.31,35.44,30255500
DIS,1999-02-05,33.81,34.69,32.81,34.25,32393400
DIS,1999-01-29,34.19,35.38,32.69,33.0,42986200
DIS,1999-01-22,36.0,36.94,34.0,34.13,27337800
DIS,1999-01-15,33.13,38.5,33.06,36.0,69143700
DIS,1999-01-08,30.19,32.81,29.25,32.56,46074300
DIS,1998-12-31,30.88,31.0,29.56,30.0,20028200
DIS,1998-12-24,30.75,32.69,29.94,30.56,20456200
DIS,1998-12-18,31.31,31.5,30.06,30.81,25111700
DIS,1998-12-11,31.38,33.75,30.88,32.0,28026700
DIS,1998-12-04,32.44,33.13,30.69,31.38,28963400
DIS,1998-11-27,28.69,32.13,28.63,31.88,28083200
DIS,1998-11-20,29.31,29.81,28.13,28.5,28785800
DIS,1998-11-13,30.5,30.63,28.13,29.13,24417300
DIS,1998-11-06,27.5,30.63,27.44,30.25,37982100
DIS,1998-10-30,27.94,27.94,25.75,26.94,23962000
DIS,1998-10-23,25.13,28.0,25.13,27.75,25850300
DIS,1998-10-16,24.75,26.0,24.19,25.5,26588500
DIS,1998-10-09,25.25,26.0,22.5,23.69,29771400
DIS,1998-10-02,26.19,26.56,24.5,25.25,26323100
DIS,1998-09-25,25.0,27.13,24.88,25.63,30596700
DIS,1998-09-18,25.25,26.0,23.88,25.56,59241800
DIS,1998-09-11,29.75,30.19,25.75,25.81,33096500
DIS,1998-09-04,30.88,31.88,26.25,28.25,50307700
DIS,1998-08-28,33.94,34.69,30.06,30.63,27745200
DIS,1998-08-21,31.56,33.88,31.13,33.25,24126600
DIS,1998-08-14,33.44,33.63,31.25,31.75,29613900
DIS,1998-08-07,34.56,35.19,32.25,33.38,30274400
DIS,1998-07-31,36.63,36.69,34.0,34.44,23837600
DIS,1998-07-24,39.38,39.75,36.0,36.81,30442200
DIS,1998-07-17,39.0,40.31,38.06,39.38,52802100
DIS,1998-07-10,106.3,111.4,36.5,38.13,18459768
DIS,1998-07-02,112.3,113.8,105.1,106.4,16790967
DIS,1998-06-26,105.6,113.9,104.5,110.5,12914534
DIS,1998-06-19,113.7,116.3,106.9,107.6,15282100
DIS,1998-06-12,114.7,119.69,113.3,115.1,9292934
DIS,1998-06-05,113.9,114.9,108.1,114.7,9070501
DIS,1998-05-29,116.7,116.8,110.7,113.3,6654300
DIS,1998-05-22,111.0,116.8,109.1,116.3,10925667
DIS,1998-05-15,119.9,121.3,110.6,110.6,11470566
DIS,1998-05-08,126.7,128.4,118.9,119.5,9608700
DIS,1998-05-01,120.6,125.7,119.3,125.7,9449800
DIS,1998-04-24,113.5,127.6,113.4,122.1,19067166
DIS,1998-04-17,109.1,114.8,108.9,113.4,7578267
DIS,1998-04-09,111.2,111.2,105.7,109.1,4194334
DIS,1998-04-03,107.0,110.9,104.9,110.9,6710600
DIS,1998-03-27,104.5,108.2,102.8,107.3,8647132
DIS,1998-03-20,106.4,110.0,105.4,107.0,6208533
DIS,1998-03-13,105.4,107.9,104.4,106.0,5476134
DIS,1998-03-06,111.3,111.9,104.7,105.6,9736967
DIS,1998-02-27,114.6,115.8,109.0,111.9,7621067
DIS,1998-02-20,112.2,115.5,111.8,114.4,5358334
DIS,1998-02-13,109.2,111.6,106.5,111.4,5680267
DIS,1998-02-06,106.9,109.4,106.8,108.6,6350600
DIS,1998-01-30,98.88,108.4,97.0,106.9,10595833
DIS,1998-01-23,97.0,99.75,96.31,98.63,5286234
DIS,1998-01-16,94.06,97.13,93.56,96.13,7389233
DIS,1998-01-09,100.5,100.8,96.0,96.0,9642067
