HD,2019-05-09,198.74,199.93,191.59,194.52,12203728
HD,2019-05-03,203.31,203.8,198.66,200.56,18239442
HD,2019-04-26,204.11,208.295,203.34,203.61,15900194
HD,2019-04-18,204.16,207.775,203.404,205.66,12755823
HD,2019-04-12,201.37,204.26,198.02,203.85,15913631
HD,2019-04-05,192.99,203.13,192.85,202.06,19434758
HD,2019-03-29,188.75,192.19,188.39,191.89,20287772
HD,2019-03-22,182.53,192.05,182.33,188.75,23535606
HD,2019-03-15,182.0,184.27,179.57,182.23,24623984
HD,2019-03-08,186.2,186.24,179.52,181.23,21187893
HD,2019-03-01,192.75,193.4199,182.8,185.17,42133933
HD,2019-02-22,191.71,193.19,190.61,192.39,14214414
HD,2019-02-15,185.0,192.62,182.75,192.39,19248202
HD,2019-02-08,184.3,186.99,182.45,184.54,15843796
HD,2019-02-01,178.97,185.15,177.41,184.37,22627200
HD,2019-01-25,177.49,180.87,174.53,180.4,19545942
HD,2019-01-18,177.59,180.04,172.0,179.58,25833484
HD,2019-01-11,173.83,181.27,173.83,179.41,21463559
HD,2019-01-04,171.47,174.74,168.21,173.62,18022013
HD,2018-12-28,160.16,173.12,158.09,170.22,20310062
HD,2018-12-21,171.51,174.95,160.17,160.48,37800564
HD,2018-12-14,173.39,176.87,167.73,172.29,26883363
HD,2018-12-07,183.29,183.5,170.4551,172.79,28466737
HD,2018-11-30,170.2,180.37,168.82,180.32,33630005
HD,2018-11-23,176.71,178.88,167.0,168.85,23327678
HD,2018-11-16,185.23,186.95,172.85,177.02,44923517
HD,2018-11-09,181.02,188.69,179.3,185.99,20713366
HD,2018-11-02,173.74,183.01,170.95,179.93,27870841
HD,2018-10-26,180.82,182.3693,170.91,172.23,33363656
HD,2018-10-19,192.36,194.08,178.57,179.85,32952107
HD,2018-10-12,196.24,199.24,188.47,192.47,25638140
HD,2018-10-05,208.52,209.79,194.57,196.38,23273949
HD,2018-09-28,211.52,211.84,205.6713,207.15,19217905
HD,2018-09-21,209.08,212.67,208.16,212.39,23762257
HD,2018-09-14,208.13,215.43,207.55,209.07,25538049
HD,2018-09-07,200.69,207.2299,200.5,206.23,15443108
HD,2018-08-31,202.83,202.95,199.1,200.77,15374872
HD,2018-08-24,195.84,203.55,195.4,201.3,18737706
HD,2018-08-17,196.3,197.59,191.09,195.56,32407540
HD,2018-08-10,195.62,199.74,195.11,196.3,13084531
HD,2018-08-03,196.53,198.03,193.55,195.64,14066915
HD,2018-07-27,202.46,204.25,196.68,197.14,19854634
HD,2018-07-20,199.14,203.76,197.89,202.45,18240669
HD,2018-07-13,195.7,199.93,195.03,198.69,13747560
HD,2018-07-06,193.82,195.71,192.12,194.48,11024337
HD,2018-06-29,197.41,198.83,193.51,195.1,19270021
HD,2018-06-22,198.94,201.2,197.17,197.41,24058478
HD,2018-06-15,198.91,201.6,198.16,200.54,26114514
HD,2018-06-08,188.22,198.5,187.97,198.33,20854282
HD,2018-06-01,185.55,188.83,184.01,187.35,17247682
HD,2018-05-25,188.2,190.78,184.67,186.85,22792516
HD,2018-05-18,191.5,191.65,184.87,187.42,31153258
HD,2018-05-11,185.4,190.8,182.5,190.31,20347918
HD,2018-05-04,186.99,187.8,181.201,185.03,19483624
HD,2018-04-27,177.62,187.0432,174.55,186.46,26174934
HD,2018-04-20,174.23,180.25,173.32,177.01,22915503
HD,2018-04-13,175.06,175.51,171.8,172.8,21828983
HD,2018-04-06,177.15,180.04,170.42,174.45,26306778
HD,2018-03-29,174.11,178.73,173.515,178.24,20506293
HD,2018-03-23,178.65,180.14,171.56,171.8,22978416
HD,2018-03-16,182.43,183.06,175.89,178.96,27247975
HD,2018-03-09,177.86,183.0,176.73,182.16,24487293
HD,2018-03-02,189.17,189.79,176.34,178.46,27080529
HD,2018-02-23,189.9,191.44,182.86,188.35,26027713
HD,2018-02-16,186.55,187.99,180.89,186.97,30151537
HD,2018-02-09,190.07,194.515,175.42,184.12,44172511
HD,2018-02-02,207.23,207.605,191.57,193.97,22958498
HD,2018-01-26,201.6,207.3098,201.51,207.23,19256957
HD,2018-01-19,197.86,201.33,195.7,201.33,19741903
HD,2018-01-12,191.72,199.42,191.4,196.42,19660001
HD,2018-01-05,190.21,192.54,187.819,192.5,17246858
HD,2017-12-29,188.53,191.49,188.34,189.53,15952850
HD,2017-12-22,183.96,188.84,183.5,188.13,23256738
HD,2017-12-15,182.9,184.0,181.1201,182.58,27264064
HD,2017-12-08,183.19,186.31,178.68,183.41,29482153
HD,2017-12-01,172.87,180.67,172.38,180.42,29249037
HD,2017-11-24,168.14,173.1,167.8,172.33,16831244
HD,2017-11-17,164.64,168.43,163.15,167.74,31580301
HD,2017-11-10,164.8,164.88,162.28,164.11,16310268
HD,2017-11-03,166.99,166.99,160.53,164.39,19918212
HD,2017-10-27,164.04,167.94,163.75,167.34,17726452
HD,2017-10-20,164.47,164.92,161.5111,163.43,16239182
HD,2017-10-13,166.14,166.63,164.35,164.47,13746822
HD,2017-10-06,164.2,166.63,163.22,165.85,14571228
HD,2017-09-29,160.05,163.61,159.75,163.56,19766835
HD,2017-09-22,159.0,160.09,157.16,159.97,18313700
HD,2017-09-15,158.42,161.38,156.22,158.4,33420708
HD,2017-09-08,151.71,160.69,151.7,159.66,33644153
HD,2017-09-01,151.94,152.39,149.03,150.78,25141677
HD,2017-08-25,147.1,150.6,146.89,149.65,18979614
HD,2017-08-18,156.04,156.05,146.96,147.49,36942049
HD,2017-08-11,152.83,155.98,152.47,154.88,18825246
HD,2017-08-04,148.0,152.75,147.54,152.75,20640761
HD,2017-07-28,146.61,148.27,144.25,148.08,23559887
HD,2017-07-21,152.9,154.5,145.61,146.65,37910033
HD,2017-07-14,152.22,154.13,150.5,152.88,21213134
HD,2017-07-07,154.39,154.79,151.22,152.23,13053896
HD,2017-06-30,151.67,154.0,150.75,153.4,20127208
HD,2017-06-23,156.91,159.2242,150.91,151.31,27805311
HD,2017-06-16,152.8,157.28,151.73,156.64,27176379
HD,2017-06-09,155.53,155.62,152.78,152.96,17774596
HD,2017-06-02,154.0,155.86,152.74,155.35,17032899
HD,2017-05-26,156.49,157.0,153.29,154.9,20208991
HD,2017-05-19,157.28,160.86,155.24,156.3,31144423
HD,2017-05-12,155.85,158.15,155.33,156.92,15260652
HD,2017-05-05,156.22,156.27,153.76,155.73,14417566
HD,2017-04-28,151.08,156.27,150.85,156.1,25696139
HD,2017-04-21,145.9,150.146,145.76,150.0,18618160
HD,2017-04-13,146.96,148.995,145.87,145.91,14681737
HD,2017-04-07,146.94,148.44,146.05,147.13,15858645
HD,2017-03-31,147.07,147.68,145.94,146.83,17007945
HD,2017-03-24,149.38,150.15,146.06,147.71,21559817
HD,2017-03-17,147.33,149.99,146.46,149.6,22422920
HD,2017-03-10,147.13,147.51,145.83,146.85,18325531
HD,2017-03-03,145.87,148.26,144.465,147.81,22280653
HD,2017-02-24,145.6,146.33,143.25,145.95,22013156
HD,2017-02-17,140.48,143.12,139.05,143.0,21273234
HD,2017-02-10,137.43,140.57,136.33,139.85,16213772
HD,2017-02-03,137.99,138.615,136.53,137.98,13751644
HD,2017-01-27,135.31,139.37,135.0,138.33,20823260
HD,2017-01-20,135.09,136.78,134.6,135.6,17778982
HD,2017-01-13,133.22,136.385,133.14,135.04,21600178
HD,2017-01-06,135.1,135.94,133.05,133.53,17004249
HD,2016-12-30,134.76,135.86,133.83,134.08,12551159
HD,2016-12-23,135.06,137.24,134.79,135.05,16902316
HD,2016-12-16,133.13,137.325,133.13,135.11,35464743
HD,2016-12-09,130.32,133.4,128.6775,133.39,25495138
HD,2016-12-02,131.25,131.65,128.81,129.87,25095879
HD,2016-11-25,128.28,132.135,127.41,131.57,15761809
HD,2016-11-18,130.5,130.64,122.92,128.33,45892233
HD,2016-11-11,122.5,130.13,120.32,129.85,33901513
HD,2016-11-04,123.35,123.5,119.2,120.91,27730570
HD,2016-10-28,127.23,128.14,121.85,123.58,26769544
HD,2016-10-21,126.18,127.08,124.51,126.6,18189088
HD,2016-10-14,128.45,128.94,125.173,126.42,21127075
HD,2016-10-07,128.2,130.45,126.43,128.31,25587655
HD,2016-09-30,127.1,130.74,125.35,128.68,27199655
HD,2016-09-23,126.68,129.65,126.17,127.79,22032941
HD,2016-09-16,126.5,128.855,125.43,126.11,30623311
HD,2016-09-09,134.96,135.72,127.73,127.74,20226617
HD,2016-09-02,134.86,135.88,133.6,135.15,18572907
HD,2016-08-26,135.6,136.55,133.92,134.36,17184811
HD,2016-08-19,137.11,138.65,134.32,135.46,27225480
HD,2016-08-12,136.91,137.5,135.06,136.57,18073965
HD,2016-08-05,138.06,139.0,135.46,136.91,17523271
HD,2016-07-29,136.55,138.72,135.96,138.24,15850074
HD,2016-07-22,135.46,137.45,134.81,136.52,18253516
HD,2016-07-15,134.83,135.99,133.1,134.78,20869758
HD,2016-07-08,129.6,134.36,128.503,134.34,17808312
HD,2016-07-01,125.34,130.23,123.62,129.62,29128884
HD,2016-06-24,128.13,129.1,125.5,126.4,24816507
HD,2016-06-17,128.94,129.45,124.71,127.14,29245597
HD,2016-06-10,130.82,130.87,128.21,128.83,23604421
HD,2016-06-03,133.57,133.8,130.92,131.74,19125319
HD,2016-05-27,131.84,134.9,131.3,133.95,22073741
HD,2016-05-20,133.84,136.55,130.02,131.85,42302692
HD,2016-05-13,135.59,137.82,133.03,133.13,23922376
HD,2016-05-06,134.37,136.25,133.13,135.7,17715929
HD,2016-04-29,135.18,136.28,131.75,133.89,19991172
HD,2016-04-22,134.81,137.0,133.41,135.66,21097186
HD,2016-04-15,133.58,135.275,132.88,135.01,19720363
HD,2016-04-08,136.07,136.23,133.06,133.62,17859664
HD,2016-04-01,130.6,135.2,130.49,134.85,17109290
HD,2016-03-24,131.53,132.13,129.46,130.46,14837605
HD,2016-03-18,128.43,132.09,128.1,131.35,23496961
HD,2016-03-11,125.01,128.76,124.31,128.46,22462468
HD,2016-03-04,126.26,127.498,123.98,125.56,25903976
HD,2016-02-26,123.0,127.75,122.13,126.26,36233516
HD,2016-02-19,118.12,121.7,117.7,121.69,22829223
HD,2016-02-12,114.93,116.43,109.62,116.32,35971214
HD,2016-02-05,124.92,127.09,115.69,116.43,35278912
HD,2016-01-29,123.38,125.76,120.31,125.76,27247814
HD,2016-01-22,120.54,124.67,113.5865,122.76,33229135
HD,2016-01-15,124.87,128.8,116.1,119.23,45343299
HD,2016-01-08,130.11,131.94,123.5,123.9,41218841
HD,2015-12-31,132.25,134.3299,131.89,132.25,11308165
HD,2015-12-24,131.0,133.48,130.18,132.9,11578253
HD,2015-12-18,131.09,133.54,130.015,130.29,29746071
HD,2015-12-11,134.0,134.79,130.31,130.44,24717405
HD,2015-12-04,135.2,135.32,130.8,134.53,30400273
HD,2015-11-27,130.21,135.47,130.21,134.74,21638994
HD,2015-11-20,120.05,130.21,118.61,130.21,37651957
HD,2015-11-13,125.8,126.12,119.9,120.0,25120993
HD,2015-11-06,124.24,126.1092,123.38,125.98,18941773
HD,2015-10-30,124.55,125.66,122.22,123.64,24673355
HD,2015-10-23,122.61,125.75,122.2,124.61,21044924
HD,2015-10-16,121.49,122.82,119.56,122.74,18551406
HD,2015-10-09,118.75,121.5,117.91,121.33,23466242
HD,2015-10-02,116.53,117.9,111.8,117.81,28774182
HD,2015-09-25,115.96,118.165,114.8401,116.74,24568457
HD,2015-09-18,115.5,119.82,113.9,115.12,32501325
HD,2015-09-11,115.69,117.47,113.69,115.44,20823810
HD,2015-09-04,117.01,118.08,112.56,114.42,30377783
HD,2015-08-28,110.05,118.46,92.1685,117.52,46108099
HD,2015-08-21,119.1,123.8,116.15,116.16,40512290
HD,2015-08-14,117.53,120.14,115.7,119.75,23500732
HD,2015-08-07,117.62,118.53,115.78,116.93,19697426
HD,2015-07-31,113.37,118.13,112.71,117.03,21341395
HD,2015-07-24,112.25,116.11,112.17,113.59,24987734
HD,2015-07-17,114.21,116.15,113.83,114.47,21958303
HD,2015-07-10,110.27,113.48,110.17,113.1,21449617
HD,2015-07-02,111.56,112.81,110.46,111.49,19187416
HD,2015-06-26,112.93,113.71,112.23,112.6,18657700
HD,2015-06-19,110.23,113.3,109.55,112.43,29631285
HD,2015-06-12,110.14,112.33,109.03,110.6,19021281
HD,2015-06-05,111.97,113.48,110.27,110.37,26374788
HD,2015-05-29,112.0,112.7,110.69,111.42,16874139
HD,2015-05-22,113.87,116.48,111.22,112.16,32931631
HD,2015-05-15,112.24,113.4,110.83,113.35,20507325
HD,2015-05-08,109.94,113.4825,107.2401,112.47,23362778
HD,2015-05-01,114.05,114.11,106.62,109.55,34330535
HD,2015-04-24,113.0,114.51,112.19,113.7,19186862
HD,2015-04-17,114.96,115.43,111.7701,112.1,21522806
HD,2015-04-10,113.45,116.2446,113.41,115.24,18524574
HD,2015-04-02,114.96,116.05,112.43,114.54,16896059
HD,2015-03-27,117.04,117.83,111.58,113.86,22134547
HD,2015-03-20,115.33,117.99,113.3101,117.49,25301022
HD,2015-03-13,114.38,116.46,112.41,114.82,25761609
HD,2015-03-06,114.86,117.06,114.0,114.45,22814170
HD,2015-02-27,112.99,117.92,111.8,114.75,37112738
HD,2015-02-20,111.69,112.447,110.05,112.24,22941182
HD,2015-02-13,108.88,112.39,108.04,111.89,23903738
HD,2015-02-06,104.78,109.74,101.57,109.04,26442985
HD,2015-01-30,105.36,107.74,104.38,104.42,27243758
HD,2015-01-23,104.84,106.48,102.35,105.37,21114819
HD,2015-01-16,105.17,106.04,100.24,104.12,29070449
HD,2015-01-09,102.78,106.99,100.34,104.89,28053640
HD,2015-01-02,103.58,106.02,102.67,103.43,16566944
HD,2014-12-26,102.25,104.3792,102.23,103.75,13900506
HD,2014-12-19,100.01,102.0,96.99,101.93,38510269
HD,2014-12-12,99.71,101.4,98.5856,99.78,30110664
HD,2014-12-05,99.49,99.68,97.78,99.64,23306909
HD,2014-11-28,98.68,99.8,96.41,99.4,20679481
HD,2014-11-21,98.17,99.1,95.98,98.28,29224564
HD,2014-11-14,97.64,99.36,97.0,98.24,19376549
HD,2014-11-07,96.81,97.75,95.15,97.65,25411823
HD,2014-10-31,94.96,99.257,94.71,97.52,24452737
HD,2014-10-24,89.87,95.52,89.77,94.99,28889363
HD,2014-10-17,92.88,92.94,86.35,90.24,44245212
HD,2014-10-10,93.72,94.79,92.24,92.55,29626890
HD,2014-10-03,92.37,93.68,90.92,93.54,28831031
HD,2014-09-26,91.98,93.11,91.3501,92.84,26914184
HD,2014-09-19,89.18,93.75,88.53,92.34,34572800
HD,2014-09-12,91.38,91.78,88.33,88.84,28365800
HD,2014-09-05,93.04,93.31,88.98,91.61,52362200
HD,2014-08-29,91.25,93.52,90.9,93.5,32293200
HD,2014-08-22,84.21,91.808,83.293,91.03,56369200
HD,2014-08-15,82.61,84.09,82.5,83.69,22414300
HD,2014-08-08,79.7,82.46,79.66,82.43,28421100
HD,2014-08-01,81.2,81.85,79.74,79.75,28242300
HD,2014-07-25,80.01,81.54,79.525,81.03,23157800
HD,2014-07-18,79.92,80.28,79.19,80.08,27654292
HD,2014-07-11,81.73,82.09,77.95,79.61,36651800
HD,2014-07-03,81.02,82.35,80.48,82.05,17229600
HD,2014-06-27,80.16,81.47,79.83,81.13,25162200
HD,2014-06-20,77.96,80.85,77.96,80.17,43579600
HD,2014-06-13,80.63,81.32,77.75,78.07,28501300
HD,2014-06-06,80.25,81.27,80.06,80.64,27383700
HD,2014-05-30,79.38,80.27,79.27,80.23,17699700
HD,2014-05-23,76.58,79.4,76.37,79.18,40128900
HD,2014-05-16,77.82,78.675,75.32,77.36,29993800
HD,2014-05-09,79.04,79.18,76.52,77.71,25206300
HD,2014-05-02,79.53,81.15,78.73,79.4,35908700
HD,2014-04-25,78.35,80.23,77.67,79.38,38591700
HD,2014-04-17,76.3,77.68,74.61,77.09,28680400
HD,2014-04-11,78.69,78.69,75.65,75.7,41120500
HD,2014-04-04,79.21,80.76,78.49,78.72,30972900
HD,2014-03-28,80.41,80.46,78.37,78.72,30250300
HD,2014-03-21,79.57,81.9,79.25,80.42,32332500
HD,2014-03-14,82.44,82.54,78.72,79.38,30260400
HD,2014-03-07,80.73,83.2,80.62,82.55,31253100
HD,2014-02-28,77.84,83.1,77.46,82.03,48179500
HD,2014-02-21,77.92,78.08,76.4,77.74,26339200
HD,2014-02-14,76.56,78.13,75.88,77.93,31321600
HD,2014-02-07,76.64,76.73,73.96,76.45,41482000
HD,2014-01-31,78.86,79.17,75.85,76.85,43786100
HD,2014-01-24,81.3,81.5,79.16,79.16,26259700
HD,2014-01-17,81.61,82.13,80.61,81.0,28415700
HD,2014-01-10,81.65,82.04,80.975,82.01,30429000
HD,2014-01-03,81.67,82.57,81.459,81.89,16171300
HD,2013-12-27,80.07,82.24,80.04,81.64,13571800
HD,2013-12-20,79.21,80.83,78.3101,80.04,39349700
HD,2013-12-13,79.91,80.6,78.28,79.01,35645000
HD,2013-12-06,80.45,80.75,77.7,79.84,31700800
HD,2013-11-29,79.3,81.39,79.3,80.67,23679400
HD,2013-11-22,80.0,82.27,78.78,79.18,41491400
HD,2013-11-15,75.27,80.09,74.93,80.03,36726500
HD,2013-11-08,77.18,77.42,74.78,75.48,29655700
HD,2013-11-01,76.15,78.6,75.8,76.99,36983900
HD,2013-10-25,74.6,76.84,74.15,76.25,33843400
HD,2013-10-18,75.74,76.52,73.74,74.69,45153500
HD,2013-10-11,75.4,76.63,73.9,76.32,33932000
HD,2013-10-04,75.18,76.83,74.96,75.78,27641800
HD,2013-09-27,76.46,76.79,75.26,75.96,26304000
HD,2013-09-20,76.05,78.81,75.2,77.0,47326300
HD,2013-09-13,72.98,75.74,72.9,75.11,30422600
HD,2013-09-06,74.83,75.25,72.21,72.7,37081800
HD,2013-08-30,73.83,76.15,73.82,74.49,37738600
HD,2013-08-23,75.49,77.5,73.11,73.89,51410100
HD,2013-08-16,78.62,79.64,74.86,75.38,42289100
HD,2013-08-09,79.95,80.33,78.53,78.97,24979000
HD,2013-08-02,78.64,80.5,78.37,80.23,28599200
HD,2013-07-26,79.98,80.47,77.89,78.74,31302200
HD,2013-07-19,80.63,81.23,79.42,79.89,26957100
HD,2013-07-12,78.56,80.75,78.54,80.54,28521000
HD,2013-07-05,77.63,78.56,76.63,78.29,22374400
HD,2013-06-28,72.9,77.79,72.41,77.47,45274800
HD,2013-06-21,77.08,77.48,73.02,73.82,51690600
HD,2013-06-14,78.94,79.68,76.07,76.59,38775400
HD,2013-06-07,78.65,79.08,74.905,78.74,41816200
HD,2013-05-31,79.94,80.63,78.66,78.66,27197500
HD,2013-05-24,76.7701,81.56,76.5,78.99,53631700
HD,2013-05-17,76.01,78.54,75.95,76.86,34278200
HD,2013-05-10,73.88,76.2,73.88,76.01,29358100
HD,2013-05-03,73.44,74.41,72.53,73.96,25351300
HD,2013-04-26,73.92,74.59,72.63,73.35,31998800
HD,2013-04-19,73.35,74.275,71.94,74.0,42448000
HD,2013-04-12,69.78,73.66,69.78,73.62,35636000
HD,2013-04-05,69.51,71.05,69.51,70.06,34045100
HD,2013-03-28,69.8,70.4,69.0,69.78,22596700
HD,2013-03-22,68.45,69.91,68.42,69.56,33118200
HD,2013-03-15,71.32,71.38,69.05,69.05,32763600
HD,2013-03-08,68.95,71.45,68.93,71.37,33444900
HD,2013-03-01,65.96,69.1876,63.82,69.03,62189000
HD,2013-02-22,67.63,67.92,64.29,65.58,29177000
HD,2013-02-15,66.87,67.989,66.225,67.52,26125800
HD,2013-02-08,66.86,67.22,65.83,67.01,27242500
HD,2013-02-01,68.15,68.15,66.92,67.3,28766900
HD,2013-01-25,65.39,68.13,65.22,67.82,29348800
HD,2013-01-18,63.66,65.48,63.39,65.47,27897400
HD,2013-01-11,62.6,63.76,62.38,63.7,26893100
HD,2013-01-04,60.41,63.93,60.33,63.18,27783900
HD,2012-12-28,61.01,61.97,60.21,60.65,21169700
HD,2012-12-21,62.15,63.39,60.55,61.32,47904600
HD,2012-12-14,64.3399,64.3399,61.79,62.06,33906100
HD,2012-12-07,65.0,65.92,63.45,64.45,32464500
HD,2012-11-30,64.6,65.23,63.37,65.07,39614100
HD,2012-11-23,62.49,64.83,62.3,64.82,27892400
HD,2012-11-16,61.24,64.44,60.5,62.12,60438200
HD,2012-11-09,62.02,62.9,60.31,60.96,34513700
HD,2012-11-02,62.76,63.0,60.89,62.02,29603400
HD,2012-10-26,61.75,62.23,59.44,60.04,43309500
HD,2012-10-19,59.88,62.12,59.75,61.89,46826100
HD,2012-10-12,62.98,63.1,58.75,59.56,51726100
HD,2012-10-05,60.77,63.2,60.15,63.2,41973500
HD,2012-09-28,59.35,60.58,58.88,60.37,37460600
HD,2012-09-21,59.2,60.0,58.51,59.42,35224200
HD,2012-09-14,57.48,59.71,56.43,59.46,45416900
HD,2012-09-07,56.79,57.89,56.37,57.26,26498200
HD,2012-08-31,57.08,57.08,56.2,56.75,29809100
HD,2012-08-24,56.57,57.0,55.98,56.96,35892900
HD,2012-08-17,53.15,57.176,52.65,56.73,60554700
HD,2012-08-10,52.41,53.42,51.78,53.06,36800500
HD,2012-08-03,53.46,53.76,51.21,52.29,45978700
HD,2012-07-27,50.11,54.28,49.77,53.71,49477200
HD,2012-07-20,51.81,51.81,50.28,50.7,53782800
HD,2012-07-13,52.2,52.75,50.86,52.09,42082100
HD,2012-07-06,52.96,53.24,50.87,52.15,39173300
HD,2012-06-29,51.59,52.99,50.89,52.99,52236300
HD,2012-06-22,51.93,53.28,51.24,52.02,74426400
HD,2012-06-15,52.59,52.69,50.81,51.87,69253800
HD,2012-06-08,47.91,52.36,47.75,52.35,78792400
HD,2012-06-01,49.62,49.92,47.92,47.96,47434600
HD,2012-05-25,46.49,50.09,46.37,49.44,60752400
HD,2012-05-18,50.14,50.586,46.72,47.05,84573800
HD,2012-05-11,51.6,51.83,49.81,50.34,68486600
HD,2012-05-04,51.9,52.88,51.58,51.96,44419600
HD,2012-04-27,51.15,52.39,50.66,51.95,38151100
HD,2012-04-20,51.44,52.15,50.94,51.46,48267400
HD,2012-04-13,49.87,51.28,49.36,50.96,50081700
HD,2012-04-05,50.1,50.67,49.56,50.62,32943900
HD,2012-03-30,49.71,50.42,49.4,50.31,40712900
HD,2012-03-23,48.91,49.93,48.48,49.54,42856700
HD,2012-03-16,48.07,49.71,48.0,49.05,52524700
HD,2012-03-09,47.28,48.18,46.12,48.1,48012700
HD,2012-03-02,46.7,47.89,46.59,47.41,42958500
HD,2012-02-24,48.06,48.07,46.4482,46.98,51078000
HD,2012-02-17,45.52,46.72,45.45,46.71,43397600
HD,2012-02-10,45.05,45.58,44.83,45.33,35778400
HD,2012-02-03,44.58,45.27,44.22,45.17,47360700
HD,2012-01-27,44.32,45.41,43.98,44.87,53761400
HD,2012-01-20,43.61,45.5,43.52,44.51,49168200
HD,2012-01-13,43.18,43.66,42.75,43.51,39592300
HD,2012-01-06,42.41,43.3,41.92,43.2,37069700
HD,2011-12-30,41.99,42.47,41.52,42.04,20970700
HD,2011-12-23,40.31,42.14,40.11,42.09,55605700
HD,2011-12-16,39.85,40.54,38.84,40.42,65523100
HD,2011-12-09,40.13,40.93,39.79,40.23,60980500
HD,2011-12-02,37.19,40.46,37.07,39.94,76041100
HD,2011-11-25,37.5,37.85,36.41,36.47,30165100
HD,2011-11-18,38.15,38.75,37.24,37.88,64199300
HD,2011-11-11,36.71,38.38,36.57,38.06,50837500
HD,2011-11-04,35.84,36.5,34.58,36.39,48543500
HD,2011-10-28,37.12,37.65,35.655,36.12,59044600
HD,2011-10-21,34.85,36.86,34.43,36.86,57426800
HD,2011-10-14,34.29,35.09,34.05,35.05,44031200
HD,2011-10-07,32.8,34.34,31.03,33.92,71216600
HD,2011-09-30,33.74,34.66,32.84,32.87,65373600
HD,2011-09-23,34.06,35.33,32.575,33.72,67661000
HD,2011-09-16,31.45,35.0,31.17,34.61,72926600
HD,2011-09-09,31.15,32.89,31.08,31.87,47006600
HD,2011-09-02,34.48,34.48,31.92,32.18,75980000
HD,2011-08-26,32.4,34.76,32.03,34.0,79026400
HD,2011-08-19,30.66,33.99,30.47,31.88,95141300
HD,2011-08-12,30.12,30.65,28.13,30.58,126501200
HD,2011-08-05,35.07,35.07,30.62,30.74,102088900
HD,2011-07-29,36.37,36.97,34.63,34.93,56719900
HD,2011-07-22,35.82,37.21,35.34,36.52,48361700
HD,2011-07-15,36.26,36.75,35.49,35.91,48563500
HD,2011-07-08,36.63,37.25,36.31,36.62,36643500
HD,2011-07-01,35.03,36.96,34.68,36.73,59450400
HD,2011-06-24,34.29,35.69,34.28,35.08,65409600
HD,2011-06-17,33.46,34.93,33.41,34.53,76293900
HD,2011-06-10,34.53,35.02,33.42,33.47,45575100
HD,2011-06-03,36.18,36.28,34.43,34.63,39298000
HD,2011-05-27,36.69,37.0,35.91,36.0,50239900
HD,2011-05-20,36.69,37.94,36.55,37.05,53270400
HD,2011-05-13,36.93,37.43,36.7,37.01,41379300
HD,2011-05-06,37.44,37.67,36.77,36.99,52410900
HD,2011-04-29,37.61,37.71,36.94,37.15,60984800
HD,2011-04-21,37.78,38.51,37.21,37.8,32568100
HD,2011-04-15,37.45,38.4,37.17,38.17,42962200
HD,2011-04-08,37.48,37.96,37.21,37.46,46992100
HD,2011-04-01,37.46,37.87,36.62,37.56,52842900
HD,2011-03-25,36.29,37.82,36.03,37.42,40318300
HD,2011-03-18,36.92,36.94,35.43,36.0,52719600
HD,2011-03-11,37.26,37.78,36.54,37.14,49108900
HD,2011-03-04,37.15,37.86,36.33,37.22,49759400
HD,2011-02-25,39.3,39.38,36.78,37.08,54798800
HD,2011-02-18,37.47,38.5,37.27,38.48,43502000
HD,2011-02-11,36.8,37.48,36.41,37.48,36059100
HD,2011-02-04,37.13,37.18,36.38,36.8,41820000
HD,2011-01-28,36.46,38.12,36.3,36.7,60650900
HD,2011-01-21,35.97,36.99,35.48,36.51,45244500
HD,2011-01-14,34.16,36.0,34.07,35.89,55754800
HD,2011-01-07,35.2,35.57,34.18,34.38,56565900
HD,2010-12-31,34.94,35.41,34.63,35.06,27294200
HD,2010-12-23,35.25,35.49,35.01,35.09,28646000
HD,2010-12-17,34.4,35.27,34.34,35.1,66853100
HD,2010-12-10,33.45,34.75,33.3,34.4,60013500
HD,2010-12-03,31.0,33.56,29.98,33.48,84027600
HD,2010-11-26,31.05,31.35,30.83,31.0,48834900
HD,2010-11-19,31.43,32.82,30.67,31.22,106248900
HD,2010-11-12,31.63,31.93,31.18,31.44,50961300
HD,2010-11-05,31.0,32.29,30.56,31.92,54241900
HD,2010-10-29,31.42,31.83,30.45,30.9,46845900
HD,2010-10-22,30.66,32.04,30.18,31.48,72554500
HD,2010-10-15,31.89,31.89,30.42,30.7,60353100
HD,2010-10-08,31.71,32.14,31.25,31.89,59995300
HD,2010-10-01,31.71,32.23,31.36,31.82,49724500
HD,2010-09-24,30.04,31.69,29.9,31.64,64506800
HD,2010-09-17,29.94,30.23,29.65,29.89,56207000
HD,2010-09-10,29.66,29.89,29.275,29.68,33375900
HD,2010-09-03,28.74,30.32,27.55,29.85,61904700
HD,2010-08-27,28.56,28.84,27.1,28.74,67883600
HD,2010-08-20,27.5,29.0,27.28,28.17,75002900
HD,2010-08-13,28.77,28.97,27.27,27.31,53096700
HD,2010-08-06,28.82,29.24,28.21,28.68,61068600
HD,2010-07-30,28.24,29.37,27.63,28.51,75260800
HD,2010-07-23,27.16,28.47,26.62,28.25,102624200
HD,2010-07-16,28.23,28.94,27.05,27.11,85362800
HD,2010-07-09,27.99,28.38,27.1,28.26,69579600
HD,2010-07-02,30.15,30.23,27.49,27.76,101733800
HD,2010-06-25,32.17,32.2,29.57,30.2,136728200
HD,2010-06-18,32.48,32.64,31.45,31.94,100069700
HD,2010-06-11,32.26,32.76,31.25,32.22,81831000
HD,2010-06-04,33.42,34.17,31.94,32.15,67249400
HD,2010-05-28,32.85,34.95,32.42,33.86,114092500
HD,2010-05-21,34.97,36.3,32.25,33.02,175327500
HD,2010-05-14,34.64,36.0,34.58,35.2,110290500
HD,2010-05-07,35.39,36.06,32.07,33.43,122353200
HD,2010-04-30,36.52,37.03,35.03,35.23,94081800
HD,2010-04-23,34.92,36.44,34.74,36.39,95002900
HD,2010-04-16,33.22,35.15,33.14,35.01,113782600
HD,2010-04-09,32.35,33.4,32.16,33.25,58736600
HD,2010-04-01,32.78,32.89,32.16,32.38,37370400
HD,2010-03-26,32.14,32.98,32.14,32.75,60356000
HD,2010-03-19,32.49,32.81,32.1,32.36,80664300
HD,2010-03-12,31.68,32.6,31.45,32.45,66978500
HD,2010-03-05,31.24,31.91,31.09,31.8,75818700
HD,2010-02-26,30.4,31.45,30.2,31.2,82756500
HD,2010-02-19,29.12,30.45,28.93,30.15,69982900
HD,2010-02-12,28.53,29.085,28.4,29.0,88186500
HD,2010-02-05,28.01,29.05,27.53,27.98,96293200
HD,2010-01-29,27.95,28.09,27.19,28.01,79080200
HD,2010-01-22,28.46,29.06,27.68,27.72,63023700
HD,2010-01-15,29.0,29.02,27.89,28.57,98607100
HD,2010-01-08,29.15,29.24,28.29,28.98,65216400
HD,2009-12-31,29.22,29.44,28.79,28.93,27431500
HD,2009-12-24,28.71,29.42,28.71,29.17,35379600
HD,2009-12-18,28.82,29.37,28.42,28.65,71023600
HD,2009-12-11,28.04,28.53,27.43,28.49,68458900
HD,2009-12-04,27.59,28.5,26.96,28.08,86852000
HD,2009-11-27,27.37,27.89,27.11,27.61,48899100
HD,2009-11-20,27.63,27.95,26.35,27.18,96566000
HD,2009-11-13,26.31,27.79,26.2,27.34,79792500
HD,2009-11-06,25.14,26.29,24.47,26.08,82134500
HD,2009-10-30,26.3,26.54,24.96,25.09,88773500
HD,2009-10-23,27.28,27.69,26.05,26.27,75904600
HD,2009-10-16,27.1,28.02,26.84,27.26,67844800
HD,2009-10-09,26.16,27.06,26.0,26.96,65222300
HD,2009-10-02,26.95,27.44,25.87,26.03,67303100
HD,2009-09-25,27.96,28.4,26.55,26.85,61232300
HD,2009-09-18,27.16,28.44,27.09,28.23,65296900
HD,2009-09-11,27.23,27.59,26.99,27.34,47047100
HD,2009-09-04,27.69,27.69,26.35,27.03,57397400
HD,2009-08-28,27.73,27.94,26.94,27.69,79983300
HD,2009-08-21,25.92,27.53,25.43,27.5,118379300
HD,2009-08-14,27.18,27.81,26.73,27.14,69103000
HD,2009-08-07,26.18,27.48,25.67,27.26,62601000
HD,2009-07-31,25.25,26.19,24.78,25.94,62358100
HD,2009-07-24,24.66,25.51,24.13,25.32,67257800
HD,2009-07-17,22.51,24.75,22.27,24.67,76232000
HD,2009-07-10,22.76,23.14,22.29,22.52,66493900
HD,2009-07-02,23.66,24.16,22.75,22.83,51810000
HD,2009-06-26,23.37,24.06,22.53,23.61,80515700
HD,2009-06-19,23.94,24.04,23.01,23.52,76560700
HD,2009-06-12,24.24,25.12,23.8298,24.15,86764800
HD,2009-06-05,23.59,24.89,23.39,24.17,81438600
HD,2009-05-29,22.67,24.21,22.33,23.16,84656400
HD,2009-05-22,25.66,26.15,22.6,22.86,138130100
HD,2009-05-15,24.81,25.25,24.22,24.4,105508100
HD,2009-05-08,26.14,26.77,24.75,25.5,82367000
HD,2009-05-01,25.9,27.07,25.3536,25.77,84464300
HD,2009-04-24,25.72,26.92,24.78,26.31,101788300
HD,2009-04-17,25.63,26.47,24.35,26.1,82364200
HD,2009-04-09,24.78,25.96,24.13,25.9,72841400
HD,2009-04-03,23.24,25.24,22.64,25.0,120967100
HD,2009-03-27,22.43,24.36,22.17,23.63,123633300
HD,2009-03-20,20.73,22.84,20.06,22.16,119497300
HD,2009-03-13,17.72,21.0,17.49,20.71,115296500
HD,2009-03-06,20.35,20.95,17.54,18.0,126492800
HD,2009-02-27,19.43,21.28,18.24,20.89,137722100
HD,2009-02-20,20.7,20.75,19.17,19.46,109020500
HD,2009-02-13,23.47,23.63,21.15,21.22,98161400
HD,2009-02-06,21.21,23.85,20.83,23.53,109682800
HD,2009-01-30,22.1,23.23,21.35,21.53,121636500
HD,2009-01-23,22.9,23.2,21.3,21.72,83599400
HD,2009-01-16,23.85,23.96,21.66,23.2,111473700
HD,2009-01-09,24.02,25.49,23.54,23.86,99532000
HD,2009-01-02,23.54,24.19,22.69,24.13,53404400
HD,2008-12-26,24.09,24.13,23.16,23.56,35241200
HD,2008-12-19,23.62,25.11,22.88,24.22,106194200
HD,2008-12-12,24.97,25.19,22.16,23.47,113078400
HD,2008-12-05,22.55,24.54,20.65,24.4,146660700
HD,2008-11-28,19.62,23.79,18.86,23.11,99113100
HD,2008-11-21,19.92,21.42,17.46,19.29,148438400
HD,2008-11-14,21.53,22.64,19.15,20.54,102685200
HD,2008-11-07,23.59,23.59,20.68,21.06,109457100
HD,2008-10-31,18.01,24.03,18.01,23.59,125022600
HD,2008-10-24,20.47,21.46,17.58,18.51,109393900
HD,2008-10-17,20.51,22.8,18.02,20.21,143037100
HD,2008-10-10,23.14,23.72,17.05,19.75,184665800
HD,2008-10-03,25.99,26.62,23.72,23.81,117739300
HD,2008-09-26,27.41,27.72,24.58,26.46,107686700
HD,2008-09-19,27.52,29.7,24.45,27.37,188271200
HD,2008-09-12,29.8,30.74,28.36,28.8,150540300
HD,2008-09-05,27.65,29.4,27.65,28.59,123372700
HD,2008-08-29,26.98,27.64,26.15,27.12,69123900
HD,2008-08-22,27.76,28.1,25.51,27.11,103953500
HD,2008-08-15,26.26,28.75,26.05,27.53,143659800
HD,2008-08-08,23.82,26.52,23.51,26.37,79113100
HD,2008-08-01,23.44,25.0,22.8218,23.9,76639700
HD,2008-07-25,23.62,25.85,22.86,23.8,88810200
HD,2008-07-18,21.58,23.82,20.76,23.44,91253600
HD,2008-07-11,22.65,23.19,21.0,21.58,97053000
HD,2008-07-03,24.02,24.36,22.35,22.54,75651300
HD,2008-06-27,26.4,26.4,23.91,24.02,102645100
HD,2008-06-20,27.31,27.73,26.12,26.25,71873500
HD,2008-06-13,27.22,27.65,25.85,27.53,85889100
HD,2008-06-06,27.41,28.13,26.71,27.18,87900300
HD,2008-05-30,26.9,27.87,26.71,27.36,60225100
HD,2008-05-23,28.65,29.38,26.28,26.77,116196700
HD,2008-05-16,28.01,29.85,28.01,29.1,59091400
HD,2008-05-09,29.89,30.04,27.63,27.98,77449500
HD,2008-05-02,29.61,30.5,28.74,30.12,85487400
HD,2008-04-25,28.5,29.81,28.02,29.78,93888200
HD,2008-04-18,28.11,28.88,27.5,28.68,52025600
HD,2008-04-11,28.93,29.09,27.4,28.17,68441500
HD,2008-04-04,27.38,30.0,27.13,28.79,77116000
HD,2008-03-28,28.13,30.0,27.28,27.38,87534200
HD,2008-03-20,25.11,28.17,24.87,28.06,88853600
HD,2008-03-14,25.75,27.1333,24.96,25.75,101034000
HD,2008-03-07,26.93,27.57,25.18,25.88,82930700
HD,2008-02-29,27.28,29.49,26.41,26.55,108864800
HD,2008-02-22,27.9,28.22,26.94,27.77,55306000
HD,2008-02-15,28.02,29.13,26.96,27.52,76271000
HD,2008-02-08,30.5,30.55,27.52,27.97,98793800
HD,2008-02-01,28.51,31.08,28.03,30.45,108256300
HD,2008-01-25,25.37,30.12,24.96,28.53,135754500
HD,2008-01-18,25.1,27.49,24.54,26.28,109626900
HD,2008-01-11,25.0,25.81,23.77,24.71,95365100
HD,2008-01-04,26.32,27.27,24.76,24.96,67658100
HD,2007-12-28,26.61,27.09,26.35,26.68,49385000
HD,2007-12-21,26.53,26.94,25.57,26.66,106073600
HD,2007-12-14,29.13,29.8,26.63,26.63,93396500
HD,2007-12-07,28.62,29.75,28.0,29.49,64630300
HD,2007-11-30,28.89,29.1,26.78,28.56,105443700
HD,2007-11-23,28.83,29.01,27.81,28.95,70941300
HD,2007-11-16,28.05,29.75,27.77,29.07,101394700
HD,2007-11-09,30.15,30.15,27.99,28.05,97011000
HD,2007-11-02,31.55,31.85,30.12,30.4,81176500
HD,2007-10-26,30.58,31.55,30.28,31.35,89444500
HD,2007-10-19,33.45,33.65,30.56,30.76,99021400
HD,2007-10-12,34.27,34.32,33.2,33.44,71339300
HD,2007-10-05,32.58,34.55,32.57,34.22,91116800
HD,2007-09-28,34.52,34.79,32.37,32.44,105009900
HD,2007-09-21,35.35,37.15,34.47,34.47,99869800
HD,2007-09-14,34.45,35.85,33.4,35.68,104098900
HD,2007-09-07,37.21,37.37,33.01,34.21,206291600
HD,2007-08-31,35.42,38.54,35.01,38.31,248404600
HD,2007-08-24,33.67,34.95,33.31,34.68,102998600
HD,2007-08-17,36.02,36.02,31.85,33.31,158515900
HD,2007-08-10,36.34,37.8,35.12,35.92,156828000
HD,2007-08-03,36.96,38.42,35.91,36.19,161949200
HD,2007-07-27,39.49,39.5,36.72,36.75,130409200
HD,2007-07-20,40.65,40.75,39.34,39.39,76060800
HD,2007-07-13,40.78,41.01,40.14,40.87,105098100
HD,2007-07-06,39.55,40.51,38.95,40.3,46587300
HD,2007-06-29,39.45,40.14,38.81,39.35,78932600
HD,2007-06-22,38.0,41.19,37.81,39.36,135982700
HD,2007-06-15,37.78,38.49,37.35,37.95,75672500
HD,2007-06-08,39.0,39.869,37.57,37.95,67240400
HD,2007-06-01,38.38,39.57,38.28,39.21,40835900
HD,2007-05-25,38.9,39.4,38.25,38.38,61722200
HD,2007-05-18,39.04,39.52,37.97,38.88,84272200
HD,2007-05-11,38.9,39.62,38.35,38.86,55673800
HD,2007-05-04,38.5,39.25,37.83,38.9,67138600
HD,2007-04-27,39.19,39.69,38.41,38.47,55244500
HD,2007-04-20,38.0,39.5,37.91,39.21,63155100
HD,2007-04-13,37.97,38.55,37.6,37.89,56342600
HD,2007-04-05,36.67,38.26,36.6,38.02,55684100
HD,2007-03-30,38.15,38.28,36.35,36.74,65703600
HD,2007-03-23,37.63,38.92,37.36,38.22,56837000
HD,2007-03-16,38.4,38.77,36.5,37.51,86869800
HD,2007-03-09,38.75,39.2,38.43,38.67,76324700
HD,2007-03-02,41.0,41.0,38.66,39.01,102455600
HD,2007-02-23,40.75,41.8,40.65,40.96,53034600
HD,2007-02-16,41.65,42.01,41.18,41.44,74033100
HD,2007-02-09,40.67,41.46,40.54,41.0,46757800
HD,2007-02-02,40.2,41.18,39.84,40.83,54921900
HD,2007-01-26,40.41,40.79,39.64,39.94,56265500
HD,2007-01-19,40.0,40.98,39.92,40.55,56304800
HD,2007-01-12,39.94,40.37,39.06,40.11,76498700
HD,2007-01-05,41.3,41.84,39.72,39.79,94849500
HD,2006-12-29,38.62,40.29,38.59,40.16,36493800
HD,2006-12-22,40.07,40.3,38.65,38.89,65162800
HD,2006-12-15,38.8,40.37,38.18,39.89,102310800
HD,2006-12-08,38.7,40.11,38.41,38.8,72024800
HD,2006-12-01,38.1,39.96,36.99,38.97,100788000
HD,2006-11-24,38.13,38.85,37.71,37.72,41920700
HD,2006-11-17,36.44,38.29,35.77,38.28,134231500
HD,2006-11-10,36.7,37.49,36.48,36.64,81021300
HD,2006-11-03,36.88,37.64,36.8,37.2,69539600
HD,2006-10-27,35.81,37.54,35.8,37.07,66399300
HD,2006-10-20,36.45,36.63,35.55,35.99,61752600
HD,2006-10-13,36.81,38.24,36.55,36.9,62730500
HD,2006-10-06,36.18,37.64,35.98,37.14,52821100
HD,2006-09-29,35.96,37.15,35.67,36.27,51920700
HD,2006-09-22,36.49,36.83,35.4,35.96,57875700
HD,2006-09-15,34.28,37.65,34.2,37.22,87900600
HD,2006-09-08,34.65,34.92,33.75,34.28,39063100
HD,2006-09-01,33.5,34.87,33.5,34.49,53304900
HD,2006-08-25,34.2,34.4,33.08,33.48,65438600
HD,2006-08-18,33.37,35.1,33.11,34.77,76865600
HD,2006-08-11,34.71,34.89,33.07,33.27,54207300
HD,2006-08-04,34.59,35.22,33.52,34.71,52550600
HD,2006-07-28,34.14,35.34,33.89,34.59,51016800
HD,2006-07-21,33.93,35.15,32.85,33.85,90344900
HD,2006-07-14,35.47,35.5699,33.25,33.84,97331800
HD,2006-07-07,35.86,35.98,35.28,35.37,47254100
HD,2006-06-30,36.26,36.8,35.63,35.79,88746100
HD,2006-06-23,36.91,38.8,36.24,36.41,49774500
HD,2006-06-16,36.9,37.68,36.04,36.91,70213700
HD,2006-06-09,37.75,38.1,36.53,36.95,64995800
HD,2006-06-02,38.26,38.75,37.61,38.0,47720700
HD,2006-05-26,38.5,39.09,37.58,38.67,55167700
HD,2006-05-19,39.8,40.79,37.3,38.94,97686300
HD,2006-05-12,41.35,41.61,39.66,40.0,43615900
HD,2006-05-05,40.16,41.48,40.05,41.29,44956500
HD,2006-04-28,40.2,40.66,39.5,39.93,42927400
HD,2006-04-21,41.03,41.45,40.0,40.28,37311400
HD,2006-04-13,42.08,42.21,40.62,41.12,26459100
HD,2006-04-07,42.38,42.93,41.84,42.1,35938400
HD,2006-03-31,42.95,43.55,42.22,42.3,37919700
HD,2006-03-24,42.72,43.95,42.7,43.12,45835000
HD,2006-03-17,41.08,43.01,40.85,42.9,42288900
HD,2006-03-10,42.16,42.18,40.28,41.25,39014100
HD,2006-03-03,41.82,42.8,41.5,42.2,49307600
HD,2006-02-24,42.65,43.0,41.06,41.63,40835800
HD,2006-02-17,39.2,41.95,39.02,41.86,45877300
HD,2006-02-10,39.77,40.02,38.5,39.22,39223500
HD,2006-02-03,40.0,40.86,39.4,39.82,38308600
HD,2006-01-27,40.4,40.72,39.65,40.0,43764300
HD,2006-01-20,41.5,42.11,40.12,40.17,40733700
HD,2006-01-13,40.8,43.2,40.25,41.91,52331200
HD,2006-01-06,40.39,41.4458,39.77,40.38,37071600
HD,2005-12-30,41.7,41.96,40.42,40.48,18495200
HD,2005-12-23,42.3,42.45,41.14,41.59,24791700
HD,2005-12-16,41.15,42.79,41.03,42.5,35134300
HD,2005-12-09,41.4,41.75,40.92,41.02,31471400
HD,2005-12-02,42.43,42.44,41.09,41.67,40115200
HD,2005-11-25,42.12,43.3,41.89,42.42,22709800
HD,2005-11-18,42.4,43.27,41.51,42.44,51593400
HD,2005-11-11,41.34,42.0,40.45,41.91,43564400
HD,2005-11-04,40.6,41.47,40.35,41.36,56747400
HD,2005-10-28,40.0,40.66,39.21,40.52,53728800
HD,2005-10-21,38.5,40.25,37.55,39.65,61754900
HD,2005-10-14,38.1,38.91,37.58,38.41,41467300
HD,2005-10-07,38.15,38.75,37.48,37.8,42351600
HD,2005-09-30,38.89,38.97,37.144,38.14,48488400
HD,2005-09-23,39.94,39.95,38.0,38.53,56362600
HD,2005-09-16,41.21,41.36,39.82,39.9,42960400
HD,2005-09-09,40.7,42.04,40.7,41.22,35711700
HD,2005-09-02,39.85,41.03,39.14,40.33,54637600
HD,2005-08-26,40.49,40.95,39.55,39.81,35517500
HD,2005-08-19,42.0,42.26,40.1,40.37,44273000
HD,2005-08-12,41.05,42.52,40.33,41.28,34097400
HD,2005-08-05,43.21,43.39,40.7,40.95,38156000
HD,2005-07-29,43.33,43.9,43.0,43.51,28596300
HD,2005-07-22,41.46,43.98,41.46,43.47,45460100
HD,2005-07-15,39.8,42.0,39.75,41.61,39243200
HD,2005-07-08,39.57,40.21,38.61,40.08,27554600
HD,2005-07-01,38.35,40.01,38.35,39.49,30929600
HD,2005-06-24,40.0,40.32,38.15,38.24,35324400
HD,2005-06-17,39.27,40.93,39.27,40.2,33145400
HD,2005-06-10,39.72,40.8,37.58,39.5,31759100
HD,2005-06-03,39.8,40.486,39.33,39.72,24362000
HD,2005-05-27,39.98,40.34,39.13,39.97,29387700
HD,2005-05-20,36.44,40.25,36.43,39.63,55972300
HD,2005-05-13,37.0,37.34,35.85,36.29,34368600
HD,2005-05-06,35.67,37.48,35.54,37.16,38300300
HD,2005-04-29,36.02,36.77,34.56,35.37,40356800
HD,2005-04-22,36.11,36.83,35.28,36.02,41412000
HD,2005-04-15,37.55,38.74,35.75,36.11,42304400
HD,2005-04-08,37.55,38.35,37.23,37.48,39225900
HD,2005-04-01,38.3,38.79,36.955,37.6,39648400
HD,2005-03-24,38.64,38.67,37.44,38.03,39870800
HD,2005-03-18,39.6,39.99,38.52,38.88,43275700
HD,2005-03-11,40.01,40.27,39.36,39.42,31749400
HD,2005-03-04,40.25,40.65,39.7,40.09,37374500
HD,2005-02-25,41.35,41.45,38.88,40.58,51687300
HD,2005-02-18,42.78,42.9,41.51,42.02,27283400
HD,2005-02-11,42.27,42.99,41.68,42.81,25930500
HD,2005-02-04,40.6,42.43,40.6,42.42,27497100
HD,2005-01-28,41.1,41.11,40.28,40.41,28386800
HD,2005-01-21,41.51,42.24,40.86,40.9,24084700
HD,2005-01-14,41.25,42.25,41.25,41.9,29596400
HD,2005-01-07,42.99,43.27,41.01,41.42,36990200
HD,2004-12-31,42.52,43.09,42.13,42.74,20820300
HD,2004-12-23,42.55,42.84,41.52,42.52,19831600
HD,2004-12-17,41.52,42.87,41.52,42.01,30892300
HD,2004-12-10,41.59,43.03,41.586,42.64,27738800
HD,2004-12-03,43.31,43.48,41.49,41.79,40441800
HD,2004-11-26,42.73,43.8,42.55,43.37,19861700
HD,2004-11-19,43.12,44.3,42.06,42.7,56596400
HD,2004-11-12,42.2,43.25,41.84,43.22,28369700
HD,2004-11-05,41.02,42.7,40.8,42.29,34772500
HD,2004-10-29,38.9,41.5,38.31,41.08,36494000
HD,2004-10-22,39.81,40.46,39.12,39.17,27403300
HD,2004-10-15,39.32,40.21,39.1,39.81,31229000
HD,2004-10-08,39.26,39.95,38.71,39.02,28467600
HD,2004-10-01,38.4,39.73,37.87,39.25,33753400
HD,2004-09-24,38.3,39.09,38.06,38.43,25533900
HD,2004-09-17,37.7,39.09,37.35,38.31,40169400
HD,2004-09-10,37.73,37.99,36.69,37.54,24747300
HD,2004-09-03,36.55,38.0,36.18,37.48,32051600
HD,2004-08-27,36.27,36.87,35.65,36.59,25840200
HD,2004-08-20,33.45,36.79,33.4,36.36,52967900
HD,2004-08-13,32.9,33.47,32.7,33.14,26379300
HD,2004-08-06,33.72,34.22,32.39,32.9,29573400
HD,2004-07-30,33.05,34.01,32.57,33.72,28195300
HD,2004-07-23,33.95,34.27,32.91,33.0,34242500
HD,2004-07-16,34.37,34.97,33.86,33.92,28362000
HD,2004-07-09,34.4,35.12,34.13,34.37,24585300
HD,2004-07-02,35.5,35.75,34.49,34.69,34773800
HD,2004-06-25,35.25,36.13,34.75,35.25,47213100
HD,2004-06-18,35.5,36.07,35.08,35.37,38322700
HD,2004-06-10,35.58,35.95,35.26,35.75,31889900
HD,2004-06-04,35.77,35.99,34.85,35.33,32724600
HD,2004-05-28,34.6,36.3,34.31,35.92,36056800
HD,2004-05-21,33.25,34.95,33.07,34.47,45276000
HD,2004-05-14,32.6,34.1,32.34,33.8,44200100
HD,2004-05-07,35.25,35.75,32.88,33.0,44969000
HD,2004-04-30,36.6,36.87,35.19,35.19,27357200
HD,2004-04-23,36.05,36.75,35.4,36.49,27217900
HD,2004-04-16,36.26,36.52,35.45,36.2,31999900
HD,2004-04-08,36.53,37.84,36.06,36.2,28974500
HD,2004-04-02,36.93,37.51,36.45,36.68,34595700
HD,2004-03-26,36.3,37.26,35.78,36.93,35129900
HD,2004-03-19,35.95,37.17,35.12,36.68,34656300
HD,2004-03-12,37.45,37.65,35.56,36.09,36020900
HD,2004-03-05,36.58,37.56,36.4,37.45,36385000
HD,2004-02-27,35.79,37.08,35.16,36.31,47911300
HD,2004-02-20,36.26,36.55,35.16,35.7,27628400
HD,2004-02-13,36.33,37.01,35.83,36.17,33510400
HD,2004-02-06,35.47,36.41,35.01,36.33,35903500
HD,2004-01-30,35.89,36.4,34.7,35.47,38197300
HD,2004-01-23,34.96,36.21,34.8,35.92,33637500
HD,2004-01-16,35.63,35.86,34.75,34.94,56020600
HD,2004-01-09,35.07,36.09,34.81,35.69,48685600
HD,2004-01-02,35.0,35.94,34.81,35.02,25359200
HD,2003-12-26,35.28,35.46,34.399,34.88,23089400
HD,2003-12-19,35.44,35.52,33.8,35.5,59183900
HD,2003-12-12,34.48,35.1,31.93,34.65,49204200
HD,2003-12-05,36.88,36.98,33.57,34.72,43378600
HD,2003-11-28,35.8,36.89,35.79,36.76,21747700
HD,2003-11-21,35.22,36.75,34.83,35.66,50390600
HD,2003-11-14,37.37,37.48,35.75,36.19,29745300
HD,2003-11-07,37.43,37.89,36.56,37.37,27648300
HD,2003-10-31,35.74,37.84,35.68,37.07,36533800
HD,2003-10-24,36.28,36.5,35.11,35.6,31053000
HD,2003-10-17,35.1,36.64,35.1,36.15,40785300
HD,2003-10-10,33.62,35.49,33.53,34.92,37341100
HD,2003-10-03,31.88,33.9,31.65,33.63,44857900
HD,2003-09-26,32.86,33.17,31.9,31.98,30934700
HD,2003-09-19,31.99,33.32,31.95,33.1,54077900
HD,2003-09-12,33.75,33.76,31.11,31.59,62231700
HD,2003-09-05,31.93,34.25,31.9,33.76,50996000
HD,2003-08-29,32.55,33.12,31.83,32.16,38263700
HD,2003-08-22,34.04,34.99,32.02,32.8,79831700
HD,2003-08-15,32.66,33.54,32.52,33.54,29937500
HD,2003-08-08,30.8,32.77,30.1,32.72,44489400
HD,2003-08-01,32.2,32.37,30.56,30.8,48766300
HD,2003-07-25,33.2,33.245,30.91,32.0,45004600
HD,2003-07-18,33.7,34.55,32.59,33.08,41647700
HD,2003-07-11,33.65,34.7,32.0,33.17,50213800
HD,2003-07-03,32.9,34.05,32.19,33.4,31335200
HD,2003-06-27,32.36,33.31,31.58,32.47,40607000
HD,2003-06-20,33.81,34.72,32.45,32.49,51141300
HD,2003-06-13,32.86,33.66,32.2,33.56,35798900
HD,2003-06-06,32.75,33.4,32.1,32.86,44555400
HD,2003-05-30,30.15,32.57,30.12,32.49,38989600
HD,2003-05-23,28.25,31.4,27.85,30.54,85314100
HD,2003-05-16,29.5,30.25,28.62,29.19,52504800
HD,2003-05-09,28.51,29.9,28.09,29.71,53148000
HD,2003-05-02,27.5,28.76,27.35,28.51,50680000
HD,2003-04-25,27.37,28.0,27.08,27.47,40778700
HD,2003-04-17,25.85,27.49,25.75,27.37,39840500
HD,2003-04-11,27.25,27.5,25.48,25.9,64176400
HD,2003-04-04,24.0,26.58,23.83,26.43,57334900
HD,2003-03-28,25.5,25.7,24.1,24.63,52023800
HD,2003-03-21,22.92,25.8,22.59,25.78,66546500
HD,2003-03-14,22.35,23.48,21.66,22.99,45788400
HD,2003-03-07,23.49,23.77,21.51,22.52,53019900
HD,2003-02-28,22.86,23.59,21.62,23.45,74679000
HD,2003-02-21,21.5,22.49,21.45,22.41,41640200
HD,2003-02-14,21.45,22.8,20.18,21.35,50475100
HD,2003-02-07,21.0,22.04,20.8,21.31,64334400
HD,2003-01-31,21.02,21.4,20.38,20.9,75369600
HD,2003-01-24,22.48,22.66,21.01,21.26,53756100
HD,2003-01-17,21.92,22.7,21.25,22.43,84076600
HD,2003-01-10,21.59,22.0,21.06,21.58,101975000
HD,2003-01-03,23.77,24.91,21.25,21.38,108047000
HD,2002-12-27,24.35,24.75,23.74,23.77,35975200
HD,2002-12-20,26.4,27.04,24.4,24.55,76318600
HD,2002-12-13,25.95,27.63,25.75,26.39,71049100
HD,2002-12-06,27.48,27.5,25.3,26.1,70786500
HD,2002-11-29,25.25,26.65,24.93,26.4,55030900
HD,2002-11-22,29.2,29.25,23.8,25.15,176067500
HD,2002-11-15,26.65,28.8,26.15,28.32,50010100
HD,2002-11-08,28.4,28.6,26.44,26.65,63264500
HD,2002-11-01,31.1,31.19,28.0,28.4,50023100
HD,2002-10-25,30.38,31.32,29.16,30.58,50562400
HD,2002-10-18,26.0,30.61,25.75,30.41,67222400
HD,2002-10-11,25.4,26.39,23.18,26.21,84336400
HD,2002-10-04,26.25,26.6,24.45,25.8,96729300
HD,2002-09-27,31.0,31.0,26.76,26.76,78179000
HD,2002-09-20,33.36,34.9,30.9,31.23,46627400
HD,2002-09-13,32.8,33.91,32.38,33.45,36179400
HD,2002-09-06,32.63,33.8,31.7,33.25,40729400
HD,2002-08-30,33.65,34.4,32.1,32.93,50222900
HD,2002-08-23,28.99,34.48,28.41,33.53,105127800
HD,2002-08-16,27.5,29.15,26.41,28.1,85583600
HD,2002-08-09,28.43,28.87,26.1,28.29,92716300
HD,2002-08-02,29.96,31.55,27.96,28.43,59783300
HD,2002-07-26,28.9,31.0,27.25,29.3,85676000
HD,2002-07-19,29.6,32.24,28.0,28.7,88900000
HD,2002-07-12,37.74,38.13,28.4,29.09,108678000
HD,2002-07-05,36.75,38.5,33.75,37.99,37420000
HD,2002-06-28,35.7,38.15,34.9,36.73,53406600
HD,2002-06-21,37.2,38.9,35.5,35.67,50781700
HD,2002-06-14,38.83,40.9,36.5,36.98,49825800
HD,2002-06-07,41.15,42.05,38.26,38.83,50557200
HD,2002-05-31,42.75,43.42,39.85,41.69,68164400
HD,2002-05-24,48.99,49.5,42.51,43.42,78846200
HD,2002-05-17,45.5,48.7,44.9,48.09,33308000
HD,2002-05-10,46.5,46.9,44.56,45.5,33170300
HD,2002-05-03,47.7,48.21,45.4,46.5,37741200
HD,2002-04-26,49.01,49.51,47.9,48.09,29984100
HD,2002-04-19,50.15,50.24,48.6,49.15,26889400
HD,2002-04-12,48.3,50.46,48.3,50.36,26893000
HD,2002-04-05,48.8,49.09,46.0,48.77,31291000
HD,2002-03-28,49.15,49.5,48.0,48.61,25495100
HD,2002-03-22,49.43,50.25,48.25,49.36,32072900
HD,2002-03-15,48.91,48.99,47.55,48.92,35510000
HD,2002-03-08,49.0,50.15,47.1,48.94,52487600
HD,2002-03-01,51.25,52.6,49.7,50.29,47727800
HD,2002-02-22,50.74,52.1,49.8,51.0,29847700
HD,2002-02-15,49.52,51.9,49.5,50.52,27977000
HD,2002-02-08,49.5,50.14,48.35,49.7,27470300
HD,2002-02-01,47.88,50.2,46.9,49.4,30756500
HD,2002-01-25,48.95,49.49,46.91,47.0,23254000
HD,2002-01-18,50.46,50.55,47.75,48.5,32261500
HD,2002-01-11,51.55,51.65,49.75,50.46,30717600
HD,2002-01-04,51.02,51.36,49.4,50.95,21973300
HD,2001-12-28,51.35,52.04,50.81,51.5,14315900
HD,2001-12-21,49.81,51.5,49.16,51.5,36242400
HD,2001-12-14,49.3,50.1,47.15,49.81,32564400
HD,2001-12-07,46.9,50.4,46.25,49.41,46974400
HD,2001-11-30,46.0,47.0,42.65,46.65,53202600
HD,2001-11-23,46.0,47.23,45.6,46.58,21248200
HD,2001-11-16,40.5,46.74,40.0,45.8,46751000
HD,2001-11-09,41.15,43.6,41.01,42.11,32954300
HD,2001-11-02,39.75,40.92,37.15,40.32,42404100
HD,2001-10-26,40.16,41.03,38.75,40.29,35624700
HD,2001-10-19,40.75,42.5,39.8,40.41,32293700
HD,2001-10-12,39.41,43.12,37.55,41.68,43227000
HD,2001-10-05,38.12,41.08,37.1,39.41,38543400
HD,2001-09-28,33.12,38.8,33.1,38.37,49763500
HD,2001-09-21,35.5,38.18,30.3,33.11,92060400
HD,2001-09-10,40.08,41.3,40.06,40.55,11048500
HD,2001-09-07,45.82,48.0,40.0,40.95,40302300
HD,2001-08-31,49.44,49.58,45.27,45.95,32021100
HD,2001-08-24,49.02,50.0,47.55,49.94,26226700
HD,2001-08-17,48.46,49.97,47.4,49.23,28535100
HD,2001-08-10,49.45,49.65,47.32,48.46,24985900
HD,2001-08-03,49.65,50.9,48.6,49.13,24101200
HD,2001-07-27,49.65,49.88,46.56,49.65,23161900
HD,2001-07-20,48.9,50.1,48.13,49.4,22658500
HD,2001-07-13,45.45,49.0,44.6,48.7,29482400
HD,2001-07-06,46.99,48.25,44.86,45.36,19616800
HD,2001-06-29,49.75,49.95,46.55,47.24,38084000
HD,2001-06-22,49.4,51.11,48.12,50.71,27321400
HD,2001-06-15,50.8,51.45,48.1,48.9,23255400
HD,2001-06-08,49.5,51.19,48.86,50.8,25175800
HD,2001-06-01,52.15,52.36,48.4,49.26,29046400
HD,2001-05-25,52.7,53.73,51.7,52.28,25462900
HD,2001-05-18,49.88,52.7,48.4,52.7,39162600
HD,2001-05-11,49.59,50.25,48.02,49.88,29341900
HD,2001-05-04,48.1,49.75,46.75,49.59,31939000
HD,2001-04-27,46.21,48.4,44.9,48.1,29835800
HD,2001-04-20,40.8,46.25,40.5,46.21,37828700
HD,2001-04-12,43.3,43.39,40.05,41.65,30504700
HD,2001-04-06,43.1,44.09,41.3,43.78,35146100
HD,2001-03-30,41.6,44.12,41.0,43.1,38849100
HD,2001-03-23,42.01,44.14,38.11,39.67,48493300
HD,2001-03-16,43.55,43.98,40.5,42.26,43013200
HD,2001-03-09,41.8,45.5,41.05,44.52,34677500
HD,2001-03-02,41.0,44.96,40.32,41.55,41563200
HD,2001-02-23,44.48,45.6,39.62,40.01,39976300
HD,2001-02-16,44.57,46.87,42.5,43.0,31457300
HD,2001-02-09,46.87,47.4,43.58,44.43,27930100
HD,2001-02-02,45.3,49.0,44.5,46.89,44511800
HD,2001-01-26,42.0,46.06,40.94,44.75,47684100
HD,2001-01-19,48.75,49.13,41.0,41.0,61369400
HD,2001-01-12,49.5,50.25,44.94,49.13,37103200
HD,2001-01-05,45.69,52.5,44.63,49.75,48455400
HD,2000-12-29,41.25,46.94,40.0,45.69,26641400
HD,2000-12-22,43.31,44.69,40.0,41.63,43313100
HD,2000-12-15,45.94,47.06,41.38,41.94,39210100
HD,2000-12-08,39.0,47.44,38.75,47.25,60890600
HD,2000-12-01,39.44,40.5,38.25,38.94,35620300
HD,2000-11-24,38.81,39.75,36.69,37.5,22433000
HD,2000-11-17,35.5,40.75,35.44,38.81,50448900
HD,2000-11-10,41.69,42.56,36.19,36.25,35803900
HD,2000-11-03,39.75,44.31,39.75,41.25,36956100
HD,2000-10-27,40.63,41.63,38.25,39.38,37043400
HD,2000-10-20,36.94,40.63,34.75,39.44,65649100
HD,2000-10-13,51.06,51.81,34.69,36.31,121285600
HD,2000-10-06,53.94,56.81,50.13,51.06,29610300
HD,2000-09-29,55.94,55.94,52.19,52.94,23167900
HD,2000-09-22,54.63,56.0,52.56,55.94,22800000
HD,2000-09-15,53.0,56.19,52.94,54.25,30530700
HD,2000-09-08,48.94,53.44,48.63,52.94,23679600
HD,2000-09-01,50.63,50.81,48.0,48.56,32771200
HD,2000-08-25,51.13,52.0,49.88,50.5,24734700
HD,2000-08-18,56.81,60.0,49.75,51.38,55576000
HD,2000-08-11,52.63,58.44,52.63,55.94,22722300
HD,2000-08-04,52.88,54.0,51.0,54.0,18992500
HD,2000-07-28,56.5,56.69,52.25,52.69,19945700
HD,2000-07-21,56.88,58.75,55.63,57.13,18777500
HD,2000-07-14,55.31,58.56,54.75,56.44,29322400
HD,2000-07-07,49.69,55.88,48.63,55.5,20850400
HD,2000-06-30,47.63,50.13,47.06,49.94,25932700
HD,2000-06-23,49.38,50.0,46.94,48.0,23082600
HD,2000-06-16,47.56,51.25,45.0,49.81,42795900
HD,2000-06-09,53.5,53.63,47.63,48.19,25695300
HD,2000-06-02,47.5,54.0,46.63,53.63,25789100
HD,2000-05-26,51.69,52.0,44.13,46.88,42708400
HD,2000-05-19,53.5,56.88,51.06,51.56,38325300
HD,2000-05-12,53.13,55.25,51.69,54.0,24599500
HD,2000-05-05,56.5,57.94,51.19,53.31,28197200
HD,2000-04-28,58.0,61.75,55.5,56.5,25962600
HD,2000-04-20,56.38,60.0,55.31,58.63,25090200
HD,2000-04-14,65.13,70.0,56.94,60.25,30437200
HD,2000-04-07,65.5,68.63,63.0,64.13,27095200
HD,2000-03-31,64.38,69.56,63.0,64.5,28724700
HD,2000-03-24,63.44,65.31,61.13,64.38,27093000
HD,2000-03-17,52.63,64.56,51.81,63.19,43356700
HD,2000-03-10,54.38,55.81,51.0,53.5,30137500
HD,2000-03-03,53.75,58.44,52.94,54.5,32928800
HD,2000-02-25,54.13,55.56,52.63,53.0,28472100
HD,2000-02-18,59.5,60.5,52.81,53.75,34723200
HD,2000-02-11,61.0,61.44,58.38,60.06,21880000
HD,2000-02-04,56.5,62.0,55.06,61.12,30843900
HD,2000-01-28,60.94,60.94,54.88,55.63,40401400
HD,2000-01-21,61.25,62.44,59.44,60.0,24394700
HD,2000-01-14,62.0,63.63,60.69,61.94,23540800
HD,2000-01-07,68.62,69.19,57.0,63.5,40541700
HD,1999-12-31,98.0,103.1,67.25,68.75,14700734
HD,1999-12-23,98.5,98.81,94.88,97.13,12718601
HD,1999-12-17,89.94,98.75,89.63,98.75,32716667
HD,1999-12-10,84.19,89.44,82.63,89.0,20770334
HD,1999-12-03,80.31,84.38,79.0,84.25,17556534
HD,1999-11-26,82.88,82.88,79.06,80.5,11291534
HD,1999-11-19,80.81,83.5,77.88,82.25,23929201
HD,1999-11-12,78.0,80.63,76.31,80.44,20302668
HD,1999-11-05,75.63,78.75,74.88,78.0,16400267
HD,1999-10-29,71.5,78.5,69.06,75.75,28064868
HD,1999-10-22,68.75,72.81,67.5,72.31,15007001
HD,1999-10-15,74.25,75.06,68.44,68.5,17332401
HD,1999-10-08,69.31,74.56,69.31,74.5,20385734
HD,1999-10-01,67.0,69.75,65.13,69.56,16933201
HD,1999-09-24,67.25,68.38,64.19,66.5,17572001
HD,1999-09-17,67.19,68.75,65.56,67.19,14164801
HD,1999-09-10,63.5,68.25,62.56,67.75,14131067
HD,1999-09-03,63.5,63.88,59.06,63.56,13119801
HD,1999-08-27,63.13,66.38,62.38,64.0,15722734
HD,1999-08-20,63.44,64.63,60.5,62.56,13513801
HD,1999-08-13,57.5,63.5,53.63,63.38,24142468
HD,1999-08-06,63.13,64.19,55.75,57.31,21608267
HD,1999-07-30,63.5,65.63,62.44,63.81,14427934
HD,1999-07-23,69.5,69.81,63.38,64.63,14158800
HD,1999-07-16,65.13,69.94,64.75,69.63,13913401
HD,1999-07-09,64.0,66.0,63.69,65.81,10688800
HD,1999-07-02,61.0,64.69,60.81,64.0,14391934
HD,1999-06-25,61.63,62.13,59.13,60.25,12784268
HD,1999-06-18,59.69,61.13,57.0,61.0,18912001
HD,1999-06-11,60.25,60.38,57.63,59.63,14396868
HD,1999-06-04,57.0,60.5,55.13,60.5,13982401
HD,1999-05-28,58.25,58.38,55.5,56.56,21304001
HD,1999-05-21,57.88,61.0,55.81,58.13,21134467
HD,1999-05-14,57.38,60.25,55.25,58.13,19490268
HD,1999-05-07,59.81,61.75,56.44,57.31,21286334
HD,1999-04-30,62.56,62.75,56.56,59.75,18502001
HD,1999-04-23,64.19,64.63,58.0,62.44,20140534
HD,1999-04-16,66.88,67.69,60.75,63.31,19204467
HD,1999-04-09,62.06,67.94,60.19,67.31,17145067
HD,1999-04-01,63.75,64.63,60.94,61.56,10476601
HD,1999-03-26,63.0,63.88,59.56,63.75,15719134
HD,1999-03-19,64.88,65.38,62.88,63.25,17169401
HD,1999-03-12,62.38,66.31,61.25,65.25,17022867
HD,1999-03-05,58.63,63.19,58.25,62.25,17159268
HD,1999-02-26,60.25,61.69,58.0,59.69,20759001
HD,1999-02-19,57.5,61.69,57.06,60.5,13617134
HD,1999-02-12,56.0,58.63,53.81,56.88,15623401
HD,1999-02-05,60.38,60.5,55.13,55.88,17490801
HD,1999-01-29,56.5,61.13,55.75,60.5,20458134
HD,1999-01-22,56.19,57.94,54.63,55.94,17204867
HD,1999-01-15,57.13,57.44,51.88,54.88,32089667
HD,1999-01-08,60.38,61.25,56.81,58.13,23008735
HD,1998-12-31,59.88,62.0,59.19,61.19,10013267
HD,1998-12-24,57.25,60.5,56.88,60.0,12682200
HD,1998-12-18,52.13,58.25,50.75,57.25,20905934
HD,1998-12-11,51.44,55.0,51.31,53.19,15436001
HD,1998-12-04,51.69,51.75,48.25,50.88,15313401
HD,1998-11-27,49.75,52.0,49.5,51.75,11886667
HD,1998-11-20,46.56,49.75,46.19,49.31,19975801
HD,1998-11-13,45.44,47.0,43.81,46.5,16715668
HD,1998-11-06,43.88,45.88,43.13,45.19,18536601
HD,1998-10-30,42.63,43.56,40.56,43.56,19240534
HD,1998-10-23,42.88,44.94,42.25,42.69,20017467
HD,1998-10-16,38.25,43.75,37.0,42.25,25067468
HD,1998-10-09,34.5,37.75,31.63,36.25,35937000
HD,1998-10-02,43.31,44.38,34.81,35.63,38511534
HD,1998-09-25,39.13,44.63,39.0,43.0,23405001
HD,1998-09-18,41.0,42.75,40.0,40.38,18162467
HD,1998-09-11,41.94,42.0,38.56,40.25,16545534
HD,1998-09-04,42.69,42.75,35.25,38.31,40764867
HD,1998-08-28,44.0,45.94,42.13,42.44,21435001
HD,1998-08-21,41.63,45.5,41.5,42.88,21821601
HD,1998-08-14,44.0,44.38,40.75,42.0,19737801
HD,1998-08-07,41.56,44.13,38.75,44.0,27116001
HD,1998-07-31,44.13,45.25,41.75,41.88,22369601
HD,1998-07-24,47.38,47.63,42.0,45.25,20991067
HD,1998-07-17,48.13,49.0,46.5,47.0,21552934
HD,1998-07-10,44.88,48.5,43.88,48.5,30293367
HD,1998-07-02,85.06,86.06,83.0,85.88,8111800
HD,1998-06-26,82.63,86.56,82.63,84.94,10990600
HD,1998-06-19,80.0,84.44,78.69,82.13,10821500
HD,1998-06-12,79.19,83.25,79.0,81.19,10547500
HD,1998-06-05,79.5,79.56,76.06,78.94,12128100
HD,1998-05-29,75.63,78.94,72.63,78.56,14306900
HD,1998-05-22,71.38,76.19,69.75,74.38,9479300
HD,1998-05-15,69.94,72.94,69.13,70.94,7894300
HD,1998-05-08,69.25,71.0,67.69,68.88,6979900
HD,1998-05-01,67.5,70.63,65.56,69.38,10010400
HD,1998-04-24,70.13,71.5,68.13,68.63,6180000
HD,1998-04-17,71.0,72.69,70.06,70.38,7015200
HD,1998-04-09,71.5,71.5,67.94,70.81,9093500
HD,1998-04-03,66.25,70.5,65.63,69.69,14988900
HD,1998-03-27,68.13,68.19,64.44,66.25,11511300
HD,1998-03-20,69.38,70.44,67.75,68.75,6917800
HD,1998-03-13,65.94,69.88,65.31,69.25,12093200
HD,1998-03-06,63.63,66.0,63.44,66.0,9411000
HD,1998-02-27,67.25,68.81,63.25,63.88,14953800
HD,1998-02-20,66.38,67.13,66.31,67.0,6762500
HD,1998-02-13,63.0,65.69,62.81,65.5,6414600
HD,1998-02-06,61.5,63.88,61.25,63.63,7618000
HD,1998-01-30,60.13,61.63,58.56,60.5,7442500
HD,1998-01-23,59.63,61.0,59.06,59.88,5932000
HD,1998-01-16,55.31,59.88,55.31,59.31,7104200
HD,1998-01-09,58.69,59.69,56.0,56.38,7567200
