KR,2019-05-09,25.56,25.77,24.975,25.29,25118190
KR,2019-05-03,25.12,26.1,25.1,25.74,26440652
KR,2019-04-26,25.68,25.8754,24.75,25.0,31623731
KR,2019-04-18,25.62,25.95,25.39,25.78,19932061
KR,2019-04-12,23.89,25.97,23.72,25.67,53726035
KR,2019-04-05,24.73,24.88,23.52,23.9,45170431
KR,2019-03-29,24.3,24.7,24.04,24.6,31827036
KR,2019-03-22,24.28,24.66,23.52,24.34,36913557
KR,2019-03-15,24.55,24.98,23.975,24.36,60952677
KR,2019-03-08,28.1,29.0801,24.34,24.47,93414486
KR,2019-03-01,28.66,29.97,27.44,28.02,50520342
KR,2019-02-22,29.59,29.72,28.29,28.52,23068324
KR,2019-02-15,27.78,29.51,27.52,29.5,32387552
KR,2019-02-08,28.07,28.455,27.62,27.83,23957631
KR,2019-02-01,28.0,28.41,27.73,28.07,25940369
KR,2019-01-25,29.41,29.61,28.055,28.12,27534102
KR,2019-01-18,28.37,29.55,28.16,29.43,27962617
KR,2019-01-11,27.65,28.735,27.25,28.43,31278481
KR,2019-01-04,27.71,28.2074,27.08,27.66,29714635
KR,2018-12-28,27.39,27.905,26.43,27.58,20520436
KR,2018-12-21,29.55,29.625,27.25,27.4,42044029
KR,2018-12-14,29.25,30.4,28.15,29.55,35151647
KR,2018-12-07,29.48,29.97,27.77,29.17,50614209
KR,2018-11-30,29.97,30.63,29.465,29.66,32206644
KR,2018-11-23,30.24,30.75,29.13,29.69,18921458
KR,2018-11-16,31.21,31.98,29.61,30.24,31637029
KR,2018-11-09,30.01,31.745,29.95,31.39,33468408
KR,2018-11-02,27.64,30.515,26.94,30.17,64681069
KR,2018-10-26,27.56,28.71,27.1815,27.58,38283692
KR,2018-10-19,26.75,27.82,26.75,27.56,33215615
KR,2018-10-12,29.12,29.425,26.625,26.92,50321703
KR,2018-10-05,29.15,29.615,28.43,29.07,42581387
KR,2018-09-28,29.79,30.34,28.575,29.11,44536768
KR,2018-09-21,27.75,29.995,27.54,29.95,63148143
KR,2018-09-14,32.12,32.15,27.7601,27.8,88034353
KR,2018-09-07,31.54,32.74,31.53,32.37,30548516
KR,2018-08-31,31.3,31.69,30.6568,31.5,33185105
KR,2018-08-24,31.49,32.4,31.03,31.2,44514981
KR,2018-08-17,30.22,31.705,29.77,31.35,44899393
KR,2018-08-10,29.94,30.66,29.61,30.14,33285774
KR,2018-08-03,28.71,30.18,28.58,29.93,45965134
KR,2018-07-27,28.25,28.98,27.76,28.7,40625483
KR,2018-07-20,27.87,28.68,27.7,28.14,37800883
KR,2018-07-13,29.07,29.18,27.64,28.05,35490370
KR,2018-07-06,28.4,29.23,27.86,29.12,29860341
KR,2018-06-29,28.98,29.73,28.25,28.45,61730226
KR,2018-06-22,25.69,30.0,25.4925,29.69,108857932
KR,2018-06-15,25.48,26.48,25.45,25.88,69367675
KR,2018-06-08,24.5,25.495,24.445,25.36,55791122
KR,2018-06-01,24.52,25.12,24.24,24.42,53109524
KR,2018-05-25,25.07,25.08,24.25,24.61,75574035
KR,2018-05-18,24.75,26.37,24.47,24.89,56771455
KR,2018-05-11,24.17,24.8,23.88,24.57,31346836
KR,2018-05-04,25.68,26.0353,23.61,24.14,51945600
KR,2018-04-27,24.26,25.84,24.03,25.52,51576779
KR,2018-04-20,23.93,25.42,23.8335,24.12,43895522
KR,2018-04-13,23.83,23.895,23.2448,23.73,38413504
KR,2018-04-06,23.92,24.26,23.145,23.77,39951452
KR,2018-03-29,23.48,24.135,23.26,23.94,30725401
KR,2018-03-23,23.58,24.31,23.05,23.28,51540456
KR,2018-03-16,23.78,24.39,23.4,23.69,64407328
KR,2018-03-09,27.29,28.29,22.85,24.08,124589783
KR,2018-03-02,27.5,28.1,26.96,27.35,39275188
KR,2018-02-23,27.81,28.095,26.91,27.42,38588277
KR,2018-02-16,27.87,29.075,27.02,28.69,39226666
KR,2018-02-09,28.98,29.54,26.63,27.66,53375777
KR,2018-02-02,30.64,31.4536,29.31,29.34,48845981
KR,2018-01-26,29.65,30.8851,29.015,30.88,60614462
KR,2018-01-19,28.35,29.82,28.0,29.72,35332680
KR,2018-01-12,27.38,28.7701,26.88,28.14,47289923
KR,2018-01-05,27.54,28.469,26.54,27.32,44321302
KR,2017-12-29,28.26,28.49,27.44,27.45,22869777
KR,2017-12-22,26.66,28.28,26.51,28.25,52683801
KR,2017-12-15,26.8,26.965,25.89,26.45,50208296
KR,2017-12-08,26.0,27.0,25.99,26.68,50508442
KR,2017-12-01,23.0,27.7,22.95,25.67,124469377
KR,2017-11-24,23.08,23.52,22.7,22.98,38756534
KR,2017-11-17,22.0,23.47,21.25,23.41,65016397
KR,2017-11-10,21.7,22.39,21.15,22.08,48297422
KR,2017-11-03,20.41,21.78,20.41,21.5,51204185
KR,2017-10-27,21.04,21.61,20.36,20.57,68646733
KR,2017-10-20,21.29,21.3,20.25,21.02,73811473
KR,2017-10-13,20.75,22.03,19.99,21.3,117548294
KR,2017-10-06,20.04,20.955,19.69,20.63,99772014
KR,2017-09-29,20.05,20.57,19.885,20.06,76753666
KR,2017-09-22,21.52,21.675,20.04,20.15,65504546
KR,2017-09-15,20.97,22.08,20.73,21.57,79526460
KR,2017-09-08,22.29,22.93,20.41,21.06,109190613
KR,2017-09-01,21.3,22.54,21.21,22.42,65626123
KR,2017-08-25,22.85,23.25,21.06,21.74,90811002
KR,2017-08-18,23.54,23.71,22.735,22.86,47089408
KR,2017-08-11,24.14,24.54,23.04,23.49,39704746
KR,2017-08-04,24.3,24.7,23.8499,24.13,49182501
KR,2017-07-28,23.25,24.28,23.171,24.28,44510128
KR,2017-07-21,23.0,23.3884,22.54,23.26,44207786
KR,2017-07-14,23.1,23.2,22.5,23.01,47849308
KR,2017-07-07,23.47,23.68,22.97,23.16,42631943
KR,2017-06-30,22.68,23.55,22.49,23.32,77028480
KR,2017-06-23,22.97,22.97,21.87,22.6,131245115
KR,2017-06-16,30.65,30.78,20.46,22.29,216564460
KR,2017-06-09,30.02,30.93,29.68,30.78,38150882
KR,2017-06-02,29.39,30.65,29.33,30.13,35443971
KR,2017-05-26,29.2,29.46,28.86,29.45,33893498
KR,2017-05-19,29.52,29.58,28.54,29.23,43541480
KR,2017-05-12,29.41,30.64,28.85,29.52,54606978
KR,2017-05-05,29.66,29.8,28.55,29.35,48712713
KR,2017-04-28,30.09,30.33,29.49,29.65,34398103
KR,2017-04-21,29.99,30.16,29.58,29.95,35704263
KR,2017-04-13,29.9,30.4,29.49,29.97,34888437
KR,2017-04-07,29.46,30.01,29.215,29.86,42276415
KR,2017-03-31,29.0,29.75,28.81,29.49,34830858
KR,2017-03-24,29.6,29.88,28.78,29.1,42296618
KR,2017-03-17,28.83,29.64,28.29,29.55,61208502
KR,2017-03-10,29.62,29.82,28.71,28.82,52965832
KR,2017-03-03,32.84,32.9,29.43,29.63,79525809
KR,2017-02-24,34.1,34.75,32.65,33.29,28818541
KR,2017-02-17,33.44,34.54,32.67,34.01,42253341
KR,2017-02-10,33.96,34.09,32.44,33.48,37297804
KR,2017-02-03,33.24,34.32,33.1,34.02,25278404
KR,2017-01-27,34.08,34.14,32.985,33.36,29591051
KR,2017-01-20,34.1,34.99,34.0,34.09,26318897
KR,2017-01-13,33.17,34.43,32.8,34.1,30734523
KR,2017-01-06,34.5,34.51,32.69,33.11,37941723
KR,2016-12-30,34.97,35.27,34.41,34.51,15638211
KR,2016-12-23,36.03,36.44,34.75,35.08,32501750
KR,2016-12-16,34.66,36.09,33.84,35.94,51185375
KR,2016-12-09,33.13,34.8,32.47,34.78,40889271
KR,2016-12-02,33.88,34.1,31.09,33.3,61956218
KR,2016-11-25,33.37,34.15,33.33,33.88,19563800
KR,2016-11-18,33.55,34.95,32.59,33.45,51801268
KR,2016-11-11,31.19,33.54,30.44,33.52,51582069
KR,2016-11-04,31.3,32.48,30.69,30.92,46498712
KR,2016-10-28,30.85,31.43,30.68,31.26,29056952
KR,2016-10-21,31.33,31.34,30.26,30.76,48218739
KR,2016-10-14,29.0,31.58,28.945,31.27,85638378
KR,2016-10-07,29.57,29.69,28.71,29.0,75173249
KR,2016-09-30,30.38,30.47,29.485,29.68,67085326
KR,2016-09-23,31.06,31.38,30.44,30.45,50060321
KR,2016-09-16,31.41,31.525,30.45,31.08,66385469
KR,2016-09-09,32.58,32.71,30.7,31.51,63606378
KR,2016-09-02,32.46,32.81,31.81,32.5,36777788
KR,2016-08-26,32.64,33.24,32.21,32.68,45318750
KR,2016-08-19,32.63,32.97,31.45,32.61,50757879
KR,2016-08-12,32.62,32.86,32.02,32.58,53268784
KR,2016-08-05,34.2,34.34,32.11,32.62,61217627
KR,2016-07-29,35.73,36.455,33.805,34.19,52113143
KR,2016-07-22,36.69,36.85,35.8,35.98,24541379
KR,2016-07-15,37.87,37.97,36.44,36.71,30741877
KR,2016-07-08,36.6,37.88,36.55,37.86,32035690
KR,2016-07-01,34.88,37.0,34.75,36.55,56403243
KR,2016-06-24,35.3,35.67,33.9,35.14,62542493
KR,2016-06-17,36.45,36.98,34.52,35.18,66970544
KR,2016-06-10,36.22,37.0,35.9215,36.81,27286320
KR,2016-06-03,35.72,36.52,35.62,36.25,27881257
KR,2016-05-27,34.65,35.73,34.62,35.71,32607902
KR,2016-05-20,34.79,35.04,33.62,34.62,35664911
KR,2016-05-13,34.8,35.89,34.51,34.86,33083198
KR,2016-05-06,35.52,35.56,34.19,34.55,39935402
KR,2016-04-29,35.45,37.11,34.78,35.39,34887443
KR,2016-04-22,36.61,37.34,35.13,35.58,49755514
KR,2016-04-15,38.0,38.089,36.71,36.91,32043817
KR,2016-04-08,38.32,39.22,37.59,37.99,41000297
KR,2016-04-01,37.64,38.42,37.53,38.32,33025883
KR,2016-03-24,38.38,38.6,37.1,37.65,32756329
KR,2016-03-18,38.43,38.88,37.66,38.56,37849821
KR,2016-03-11,36.59,38.68,36.54,38.64,48636095
KR,2016-03-04,39.7,40.91,36.46,36.84,91103430
KR,2016-02-26,38.1,39.95,37.85,39.45,32501073
KR,2016-02-19,38.64,39.55,37.42,37.82,33023104
KR,2016-02-12,37.08,38.34,35.42,38.33,53484739
KR,2016-02-05,38.74,40.47,37.47,37.63,44630516
KR,2016-01-29,37.26,38.84,36.5,38.81,45171900
KR,2016-01-22,38.65,38.83,36.44,37.12,40926033
KR,2016-01-15,41.08,41.69,38.06,38.49,46400476
KR,2016-01-08,41.16,42.42,40.65,40.8,44725975
KR,2015-12-31,42.3,42.75,41.67,41.83,14903607
KR,2015-12-24,41.06,42.67,40.64,42.46,19958176
KR,2015-12-18,41.23,42.5768,40.64,40.64,45624044
KR,2015-12-11,40.88,41.68,40.71,41.08,57868778
KR,2015-12-04,38.05,40.58,37.51,40.55,56245875
KR,2015-11-27,37.29,38.17,37.02,38.01,21710983
KR,2015-11-20,36.05,37.75,36.0201,37.31,41380759
KR,2015-11-13,37.35,37.5,36.0,36.05,53034355
KR,2015-11-06,37.8,38.21,36.69,37.57,34205091
KR,2015-10-30,37.9,37.98,36.2,37.8,37000303
KR,2015-10-23,37.5,38.51,37.35,37.82,45704767
KR,2015-10-16,38.02,38.4,35.855,37.51,47344858
KR,2015-10-09,37.22,38.3499,37.0,38.03,28219569
KR,2015-10-02,35.88,37.16,35.29,37.14,32941618
KR,2015-09-25,37.06,37.13,35.6901,36.11,28173983
KR,2015-09-18,37.27,37.95,31.31,36.73,37486221
KR,2015-09-11,34.66,37.75,34.31,37.29,48340381
KR,2015-09-04,34.87,35.0425,33.63,34.07,35516394
KR,2015-08-28,30.0,36.0,27.32,34.94,49480482
KR,2015-08-21,38.19,38.73,34.91,34.93,37377873
KR,2015-08-14,38.08,39.43,37.09,38.35,35399091
KR,2015-08-07,39.23,39.4,37.51,37.82,36258640
KR,2015-07-31,38.17,39.26,37.39,39.24,23720128
KR,2015-07-24,38.84,39.3441,38.33,38.36,23626937
KR,2015-07-17,76.96,77.29,38.08,38.72,20501794
KR,2015-07-10,72.79,76.82,72.76,76.34,17403308
KR,2015-07-02,72.97,73.7,72.461,73.11,12255442
KR,2015-06-26,74.29,74.6,72.46,73.11,23660641
KR,2015-06-19,71.09,75.03,70.79,73.95,24510592
KR,2015-06-12,71.19,72.409,70.24,71.65,12112984
KR,2015-06-05,73.19,73.22,70.94,71.01,13293464
KR,2015-05-29,74.33,74.62,72.8,72.8,13789029
KR,2015-05-22,72.83,74.53,72.73,74.42,16586924
KR,2015-05-15,71.9,73.11,71.02,73.1,19695574
KR,2015-05-08,70.07,72.35,68.095,71.79,24517771
KR,2015-05-01,71.86,72.2,68.16,70.13,28954572
KR,2015-04-24,72.34,72.49,69.6,71.7,25886761
KR,2015-04-17,76.97,77.46,71.585,71.84,22392628
KR,2015-04-10,76.71,77.56,75.98,77.07,11677908
KR,2015-04-02,76.62,77.4751,75.5,77.13,10909020
KR,2015-03-27,76.65,77.74,75.25,76.33,15432020
KR,2015-03-20,76.75,77.62,74.81,76.83,22224409
KR,2015-03-13,74.5,76.76,73.97,76.35,22731061
KR,2015-03-06,71.02,74.97,69.08,74.35,40062022
KR,2015-02-27,72.83,73.41,70.89,71.15,23801838
KR,2015-02-20,72.56,73.6,72.28,72.79,12918551
KR,2015-02-13,71.55,72.9,70.5,72.86,17125905
KR,2015-02-06,69.01,71.91,68.33,71.71,22991901
KR,2015-01-30,67.94,70.06,67.9102,69.05,22990091
KR,2015-01-23,67.23,68.51,66.22,67.96,14532224
KR,2015-01-16,65.89,66.98,65.3,66.74,22384563
KR,2015-01-09,63.43,66.25,62.38,65.84,23259378
KR,2015-01-02,64.26,64.9797,63.23,63.53,9915125
KR,2014-12-26,63.69,64.665,63.69,64.29,7655005
KR,2014-12-19,61.65,64.13,61.35,63.55,19967883
KR,2014-12-12,61.0,62.39,60.48,61.55,17432600
KR,2014-12-05,59.81,61.33,58.54,60.98,21357063
KR,2014-11-28,58.55,60.38,58.23,59.84,12531595
KR,2014-11-21,57.73,58.98,57.7,58.37,13762477
KR,2014-11-14,57.84,58.82,57.27,57.71,10917328
KR,2014-11-07,55.73,58.15,55.7,57.8,14182457
KR,2014-10-31,54.22,58.49,54.17,55.71,13847751
KR,2014-10-24,51.59,54.85,51.536,54.19,13656730
KR,2014-10-17,53.95,54.08,50.84,51.65,29275845
KR,2014-10-10,53.26,54.38,52.6,53.92,22238756
KR,2014-10-03,51.5,52.95,51.27,52.88,12996190
KR,2014-09-26,52.17,52.96,51.452,51.73,12671085
KR,2014-09-19,51.84,52.77,51.42,52.15,16377000
KR,2014-09-12,52.33,52.72,51.18,51.83,20749300
KR,2014-09-05,51.03,52.43,50.97,52.41,8745700
KR,2014-08-29,50.56,51.11,50.02,50.98,10244900
KR,2014-08-22,50.34,50.71,49.98,50.3,11743800
KR,2014-08-15,49.59,50.74,49.585,50.17,11560500
KR,2014-08-08,49.32,49.54,48.58,49.41,8849100
KR,2014-08-01,50.75,50.94,48.88,49.25,13258200
KR,2014-07-25,49.48,51.49,49.42,50.71,12511600
KR,2014-07-18,48.97,49.68,48.89,49.6,9511311
KR,2014-07-11,49.5,49.68,48.78,48.82,13805200
KR,2014-07-03,49.71,49.99,49.11,49.66,10659600
KR,2014-06-27,49.6,49.95,49.02,49.92,16173700
KR,2014-06-20,47.13,50.2,46.77,49.84,24771700
KR,2014-06-13,48.13,48.56,47.05,47.15,13049500
KR,2014-06-06,47.8,48.43,47.24,48.13,11988700
KR,2014-05-30,46.94,47.77,46.5,47.74,10418700
KR,2014-05-23,46.91,47.9,46.265,46.85,14539800
KR,2014-05-16,46.55,47.12,45.97,46.99,17603500
KR,2014-05-09,46.36,46.8,45.31,46.36,19280600
KR,2014-05-02,45.27,46.75,45.21,46.51,18289500
KR,2014-04-25,44.25,45.67,44.24,45.15,15856400
KR,2014-04-17,44.17,44.66,43.79,44.28,13611300
KR,2014-04-11,44.68,45.0,43.69,44.0,21111900
KR,2014-04-04,44.13,45.47,43.33,44.68,24381000
KR,2014-03-28,44.17,44.335,43.02,43.95,16078800
KR,2014-03-21,44.04,44.56,43.41,43.97,15987100
KR,2014-03-14,43.7,44.45,43.19,43.91,25819800
KR,2014-03-07,41.68,45.25,41.2,43.78,46563000
KR,2014-02-28,39.62,41.96,39.465,41.94,22001400
KR,2014-02-21,37.63,39.635,37.24,39.6,19215100
KR,2014-02-14,36.23,37.59,35.98,37.38,15715300
KR,2014-02-07,36.1,36.87,35.13,36.28,21602400
KR,2014-01-31,36.01,36.86,35.71,36.1,28018000
KR,2014-01-24,37.06,37.07,36.02,36.08,17349500
KR,2014-01-17,39.39,39.625,36.56,36.79,25070100
KR,2014-01-10,39.24,39.66,38.67,39.46,16569900
KR,2014-01-03,39.6,39.83,39.05,39.1,10485200
KR,2013-12-27,39.945,40.32,39.5,39.54,6412200
KR,2013-12-20,40.0,40.45,38.86,39.7,20793900
KR,2013-12-13,40.63,40.72,39.4799,39.92,17846100
KR,2013-12-06,41.73,42.25,39.56,40.44,28450900
KR,2013-11-29,42.52,42.72,41.64,41.75,10735700
KR,2013-11-22,42.6,42.7,41.25,42.39,18703400
KR,2013-11-15,41.96,42.73,41.21,42.6,15592100
KR,2013-11-08,42.88,43.03,41.41,41.96,16942400
KR,2013-11-01,43.56,43.85,42.58,42.7,16219500
KR,2013-10-25,42.43,43.44,42.08,43.42,12126200
KR,2013-10-18,41.49,42.52,40.99,42.38,14986500
KR,2013-10-11,40.19,41.72,39.72,41.71,15387800
KR,2013-10-04,40.37,40.7,39.76,40.56,13084900
KR,2013-09-27,40.55,41.42,40.31,40.69,16699700
KR,2013-09-20,39.37,41.14,39.37,40.76,27619900
KR,2013-09-13,37.47,39.22,37.27,39.03,26293500
KR,2013-09-06,36.97,37.73,36.71,37.4,14469400
KR,2013-08-30,37.61,37.62,35.91,36.6,15993200
KR,2013-08-23,38.16,38.23,37.1,37.53,16348800
KR,2013-08-16,38.74,39.205,37.87,38.25,15352200
KR,2013-08-09,39.18,39.71,38.66,38.88,15469700
KR,2013-08-02,39.54,39.975,38.71,39.18,18632100
KR,2013-07-26,38.94,39.68,38.755,39.65,19068700
KR,2013-07-19,37.28,39.0,37.25,38.81,20721500
KR,2013-07-12,36.12,38.2,35.9,37.63,22567200
KR,2013-07-05,34.69,36.29,34.59,36.07,15138700
KR,2013-06-28,33.52,34.94,33.2351,34.54,20441200
KR,2013-06-21,35.0,35.64,32.83,33.77,25471500
KR,2013-06-14,34.63,35.25,34.22,34.79,15923700
KR,2013-06-07,33.7,34.6,32.77,34.56,26716100
KR,2013-05-31,34.42,34.85,33.67,33.67,10714800
KR,2013-05-24,35.4,35.41,33.77,34.23,20342700
KR,2013-05-17,34.25,35.44,33.86,35.42,17860500
KR,2013-05-10,34.64,35.12,34.275,34.49,15166600
KR,2013-05-03,34.3,35.23,34.01,34.71,13729500
KR,2013-04-26,33.7,35.235,33.3,34.28,22164500
KR,2013-04-19,33.11,33.9,32.71,33.71,21285400
KR,2013-04-12,32.0,33.5,31.52,33.11,20562900
KR,2013-04-05,33.08,33.1,31.86,32.04,23035600
KR,2013-03-28,32.42,33.28,32.39,33.14,16376300
KR,2013-03-22,31.32,32.56,31.24,32.4,17143600
KR,2013-03-15,30.91,31.8,30.72,31.62,21641400
KR,2013-03-08,29.44,31.2,29.26,31.17,27185600
KR,2013-03-01,28.89,29.53,28.35,29.53,23362400
KR,2013-02-22,28.01,29.0,27.64,28.79,21979900
KR,2013-02-15,28.43,28.7948,27.8,27.89,20886700
KR,2013-02-08,27.81,28.27,27.53,28.2,14164800
KR,2013-02-01,27.77,27.98,27.46,27.89,18601100
KR,2013-01-25,27.02,28.0,26.98,27.84,15021400
KR,2013-01-18,25.66,27.1,25.59,27.08,17720200
KR,2013-01-11,26.38,26.45,25.2,25.7,18447500
KR,2013-01-04,25.63,26.55,25.57,26.46,13927400
KR,2012-12-28,26.4,26.49,25.65,25.68,9288400
KR,2012-12-21,26.36,26.75,26.2,26.3,20023200
KR,2012-12-14,26.75,26.89,26.16,26.29,27613300
KR,2012-12-07,26.33,27.11,26.29,26.81,29407300
KR,2012-11-30,24.86,26.4,24.5,26.24,37575800
KR,2012-11-23,24.7,24.99,24.41,24.98,9728000
KR,2012-11-16,24.67,24.99,24.19,24.52,24516200
KR,2012-11-09,24.84,25.23,24.45,24.7,19509000
KR,2012-11-02,25.24,25.44,24.895,24.93,15885300
KR,2012-10-26,25.19,25.41,24.93,25.18,22792000
KR,2012-10-19,23.34,25.32,23.13,25.13,43853800
KR,2012-10-12,23.73,23.98,23.09,23.31,22868800
KR,2012-10-05,23.52,23.93,23.49,23.77,25655900
KR,2012-09-28,23.67,23.94,23.41,23.54,25876400
KR,2012-09-21,23.74,24.04,23.41,23.68,31745400
KR,2012-09-14,22.79,24.03,22.75,23.8,43419300
KR,2012-09-07,22.26,23.23,22.05,22.73,42444000
KR,2012-08-31,21.8,22.45,21.73,22.28,19729100
KR,2012-08-24,22.1,22.29,21.57,21.81,19814100
KR,2012-08-17,22.46,22.49,21.95,22.03,23866200
KR,2012-08-10,22.27,22.76,22.25,22.5,21945500
KR,2012-08-03,21.82,22.32,21.72,22.2,24645600
KR,2012-07-27,21.24,21.99,20.98,21.87,31317900
KR,2012-07-20,22.09,22.24,21.4,21.47,32957900
KR,2012-07-13,22.75,22.93,21.34,22.12,46235400
KR,2012-07-06,23.1,23.18,22.51,22.8,23752300
KR,2012-06-29,22.67,23.22,22.43,23.19,27960900
KR,2012-06-22,22.81,23.19,22.54,22.89,38987800
KR,2012-06-15,21.85,22.93,21.175,22.81,55361000
KR,2012-06-08,21.6,22.19,21.55,21.57,34628000
KR,2012-06-01,22.48,22.61,21.63,21.64,22680500
KR,2012-05-25,21.94,22.47,21.85,22.41,22437600
KR,2012-05-18,22.67,22.72,21.76,21.81,23875800
KR,2012-05-11,23.11,23.16,22.62,22.97,19717700
KR,2012-05-04,23.27,23.62,23.07,23.12,17419300
KR,2012-04-27,23.16,23.44,23.0,23.35,18628900
KR,2012-04-20,23.65,23.87,23.125,23.25,24279100
KR,2012-04-13,23.51,23.83,23.2,23.51,23580300
KR,2012-04-05,24.17,24.46,23.52,23.84,27958800
KR,2012-03-30,24.52,24.52,24.0,24.23,25338200
KR,2012-03-23,24.32,24.55,23.96,24.44,33007900
KR,2012-03-16,24.39,24.5,24.07,24.37,26576700
KR,2012-03-09,23.91,24.47,23.67,24.32,24076600
KR,2012-03-02,23.45,24.78,23.33,24.08,49137500
KR,2012-02-24,23.9,24.0,22.92,23.54,29514000
KR,2012-02-17,23.77,24.11,23.48,23.92,22118500
KR,2012-02-10,23.96,24.19,23.49,23.63,35493800
KR,2012-02-03,24.2,24.22,23.6,23.92,28780800
KR,2012-01-27,23.89,24.81,23.88,24.3,19795900
KR,2012-01-20,24.37,24.83,23.72,23.91,21860900
KR,2012-01-13,24.21,24.59,23.79,24.13,23077000
KR,2012-01-06,24.48,24.7,24.01,24.19,15312700
KR,2011-12-30,24.38,24.57,24.22,24.22,7458800
KR,2011-12-23,23.87,24.63,23.45,24.48,20221600
KR,2011-12-16,23.8,24.17,23.54,23.71,27620900
KR,2011-12-09,23.56,24.07,23.46,23.94,20615300
KR,2011-12-02,22.42,23.73,22.35,23.36,38200600
KR,2011-11-25,22.02,22.27,21.68,22.16,15397800
KR,2011-11-18,23.23,23.46,21.99,22.33,26083400
KR,2011-11-11,22.78,23.47,22.65,23.43,18640900
KR,2011-11-04,23.3,23.43,22.33,22.81,29025300
KR,2011-10-28,23.1,23.65,22.7,23.45,23645100
KR,2011-10-21,22.6,23.1,22.25,23.09,20991300
KR,2011-10-14,22.82,23.05,22.22,22.61,28612700
KR,2011-10-07,21.92,23.08,21.34,22.53,34871400
KR,2011-09-30,21.98,22.45,21.7,21.96,37412800
KR,2011-09-23,22.2,22.65,21.31,21.78,36464300
KR,2011-09-16,21.865,22.77,21.14,22.39,38372700
KR,2011-09-09,22.61,23.78,21.66,22.02,40272300
KR,2011-09-02,22.85,23.66,22.78,23.08,30784300
KR,2011-08-26,23.04,23.08,21.99,22.68,37947100
KR,2011-08-19,22.77,23.55,22.585,22.71,40641600
KR,2011-08-12,23.25,23.47,21.515,22.73,48885100
KR,2011-08-05,25.07,25.08,23.1,23.55,44990900
KR,2011-07-29,24.93,25.2,24.65,24.87,28241600
KR,2011-07-22,25.47,25.85,25.07,25.31,37782600
KR,2011-07-15,24.97,25.55,24.9,25.48,26555400
KR,2011-07-08,25.03,25.62,24.81,25.32,19510800
KR,2011-07-01,24.205,25.11,24.18,25.08,31065400
KR,2011-06-24,23.99,24.76,23.92,24.5,51602100
KR,2011-06-17,23.31,24.25,22.89,24.0,63512000
KR,2011-06-10,23.46,23.965,23.13,23.28,34013000
KR,2011-06-03,24.78,24.88,23.47,23.57,35450300
KR,2011-05-27,24.79,25.02,24.14,24.72,33403400
KR,2011-05-20,24.94,25.48,24.78,24.97,29130200
KR,2011-05-13,24.27,25.19,24.2,25.03,24678300
KR,2011-05-06,24.34,24.5,23.93,24.23,26508300
KR,2011-04-29,24.4,24.6,24.05,24.31,30034500
KR,2011-04-21,24.4,24.69,24.09,24.51,25594700
KR,2011-04-15,23.99,24.93,23.91,24.54,31696700
KR,2011-04-08,23.75,24.24,23.65,24.0,29469200
KR,2011-04-01,23.68,24.35,23.635,23.75,35053200
KR,2011-03-25,23.89,23.95,23.39,23.7,36198000
KR,2011-03-18,23.77,24.13,23.4,23.86,31394615
KR,2011-03-11,23.52,24.01,23.45,23.91,50366500
KR,2011-03-04,22.78,23.73,22.49,23.6,67511200
KR,2011-02-25,22.94,23.46,22.79,22.86,33382400
KR,2011-02-18,22.45,23.22,22.11,23.1,39516100
KR,2011-02-11,22.43,22.82,22.2,22.59,28513700
KR,2011-02-04,21.36,22.43,21.29,22.33,31753900
KR,2011-01-28,21.58,22.04,21.27,21.29,33962800
KR,2011-01-21,21.47,21.84,21.31,21.56,27044900
KR,2011-01-14,21.58,21.82,21.09,21.44,26954100
KR,2011-01-07,22.43,22.45,21.5,21.6,39911100
KR,2010-12-31,21.67,22.42,21.63,22.36,23274200
KR,2010-12-23,21.7,21.84,21.46,21.72,23084400
KR,2010-12-17,20.66,21.82,20.6,21.7,55147600
KR,2010-12-10,21.04,21.11,20.53,20.65,62620400
KR,2010-12-03,22.96,24.14,21.0,21.11,89959200
KR,2010-11-26,22.71,23.22,22.71,23.07,21657700
KR,2010-11-19,23.03,23.16,22.41,22.83,24309500
KR,2010-11-12,22.99,23.07,22.4,22.99,25617500
KR,2010-11-05,22.05,23.47,21.85,23.11,27103300
KR,2010-10-29,21.83,22.25,21.67,22.0,27429300
KR,2010-10-22,22.01,22.31,21.37,21.8,28826300
KR,2010-10-15,21.25,22.37,21.21,22.01,32393100
KR,2010-10-08,21.72,21.77,21.1,21.29,37656600
KR,2010-10-01,22.01,22.07,21.52,21.72,28794300
KR,2010-09-24,21.79,22.29,21.42,22.09,26793200
KR,2010-09-17,21.4,22.14,20.93,21.79,37611300
KR,2010-09-10,20.68,21.38,20.57,21.25,23629400
KR,2010-09-03,20.3,20.69,19.67,20.69,23628300
KR,2010-08-27,21.28,21.39,20.175,20.33,24389500
KR,2010-08-20,21.99,22.13,20.91,21.13,27799400
KR,2010-08-13,22.23,22.5,21.61,22.0,26591800
KR,2010-08-06,21.38,22.22,21.2,22.2,38733700
KR,2010-07-30,20.9,21.38,20.71,21.18,29318800
KR,2010-07-23,20.41,20.89,19.96,20.8,54251400
KR,2010-07-16,20.46,20.9,20.29,20.37,37708000
KR,2010-07-09,20.05,20.62,19.79,20.46,30561300
KR,2010-07-02,20.13,20.38,19.57,19.86,49050400
KR,2010-06-25,20.26,20.46,19.82,20.23,38449900
KR,2010-06-18,19.96,21.44,19.7,20.06,57693700
KR,2010-06-11,19.31,20.13,19.08,19.99,44021500
KR,2010-06-04,20.06,20.29,19.26,19.32,30333100
KR,2010-05-28,21.17,21.2,19.7,20.13,80708100
KR,2010-05-21,22.3,22.74,20.99,21.26,50841900
KR,2010-05-14,22.11,22.85,21.96,22.24,40568200
KR,2010-05-07,22.28,22.86,21.4,21.55,53954500
KR,2010-04-30,23.65,23.75,22.21,22.23,41582900
KR,2010-04-23,23.61,23.745,23.17,23.7,33100600
KR,2010-04-16,22.6,23.76,22.36,23.64,48221100
KR,2010-04-09,21.89,22.54,21.78,22.54,34232500
KR,2010-04-01,21.21,21.98,21.2,21.88,26006100
KR,2010-03-26,21.7,21.7,21.1,21.21,39859500
KR,2010-03-19,22.3,22.52,21.49,21.64,36775800
KR,2010-03-12,22.77,23.18,21.69,22.27,65054300
KR,2010-03-05,22.18,22.84,22.02,22.74,37660100
KR,2010-02-26,22.08,22.42,21.3,22.1,38078700
KR,2010-02-19,21.49,22.15,21.34,22.09,22244400
KR,2010-02-12,21.17,21.5,20.95,21.36,26003600
KR,2010-02-05,21.53,21.75,21.0,21.18,38511400
KR,2010-01-29,21.81,21.91,21.24,21.43,37182100
KR,2010-01-22,20.67,21.96,20.65,21.77,49893500
KR,2010-01-15,20.22,20.93,20.14,20.72,41977500
KR,2010-01-08,20.53,20.65,20.01,20.26,49932200
KR,2009-12-31,20.71,20.82,20.41,20.53,20120500
KR,2009-12-24,20.28,20.87,20.16,20.65,21623100
KR,2009-12-18,20.16,20.82,19.78,20.13,68043400
KR,2009-12-11,22.49,22.97,19.45,20.03,139925300
KR,2009-12-04,22.91,23.13,22.21,22.5,41258100
KR,2009-11-27,23.09,23.225,22.56,22.87,16233700
KR,2009-11-20,23.29,23.46,22.6,22.86,29220200
KR,2009-11-13,23.23,24.12,23.17,23.29,26992100
KR,2009-11-06,23.26,23.37,22.81,23.27,29669100
KR,2009-10-30,23.67,24.015,23.11,23.13,36905000
KR,2009-10-23,24.66,24.66,23.32,23.7,49026200
KR,2009-10-16,22.59,24.8,22.53,24.67,70390400
KR,2009-10-09,21.03,22.31,20.91,22.31,49172200
KR,2009-10-02,20.61,21.03,20.27,20.98,62198400
KR,2009-09-25,20.67,20.77,20.13,20.57,65566900
KR,2009-09-18,21.75,22.23,20.19,20.72,117684600
KR,2009-09-11,22.05,22.21,21.73,21.78,24602700
KR,2009-09-04,21.73,22.01,21.28,21.99,35901300
KR,2009-08-28,21.4,22.15,21.1,21.78,42510300
KR,2009-08-21,20.84,21.44,20.68,21.38,34750100
KR,2009-08-14,20.99,21.47,20.81,21.04,38500300
KR,2009-08-07,21.49,21.66,20.81,20.9,43489300
KR,2009-07-31,21.5,21.5,21.0,21.38,40249600
KR,2009-07-24,21.78,21.83,20.51,21.36,50235700
KR,2009-07-17,21.68,22.07,21.48,21.66,31072700
KR,2009-07-10,21.15,21.87,21.11,21.66,33062800
KR,2009-07-02,22.26,22.48,21.26,21.29,25550200
KR,2009-06-26,21.41,22.46,21.13,22.38,58225200
KR,2009-06-19,21.57,21.88,21.1,21.46,32631500
KR,2009-06-12,22.77,22.92,21.49,21.72,31060100
KR,2009-06-05,22.85,23.63,22.35,22.95,32039300
KR,2009-05-29,22.22,22.8,21.78,22.8,23069000
KR,2009-05-22,21.96,22.45,21.36,22.33,25820500
KR,2009-05-15,21.48,22.58,21.11,21.8,35859600
KR,2009-05-08,21.9,22.67,21.33,21.73,38120100
KR,2009-05-01,21.19,22.28,21.095,21.97,39197000
KR,2009-04-24,20.49,21.69,20.49,21.42,32505100
KR,2009-04-17,20.17,21.19,20.06,20.71,34170700
KR,2009-04-09,21.36,21.56,19.9,20.25,32489100
KR,2009-04-03,21.75,22.0592,21.0,21.48,30913900
KR,2009-03-27,20.88,22.59,20.59,22.05,37563000
KR,2009-03-20,21.45,21.75,20.57,20.71,30084300
KR,2009-03-13,19.73,21.84,19.39,21.27,46478900
KR,2009-03-06,20.35,21.0,19.49,19.85,39742500
KR,2009-02-27,22.29,22.32,20.32,20.67,51450000
KR,2009-02-20,21.0,22.38,20.36,22.17,39833200
KR,2009-02-13,22.86,23.005,20.68,21.28,50361500
KR,2009-02-06,22.42,23.0,21.62,22.91,38664800
KR,2009-01-30,24.68,25.19,22.44,22.5,34743900
KR,2009-01-23,24.89,25.19,22.4,24.54,22821400
KR,2009-01-16,24.82,25.0725,23.84,24.97,35672300
KR,2009-01-09,26.47,26.94,24.75,24.81,39078700
KR,2009-01-02,25.26,26.67,25.02,26.54,18340900
KR,2008-12-26,25.73,25.77,25.14,25.3,12830700
KR,2008-12-19,25.18,26.67,24.89,25.42,39043600
KR,2008-12-12,27.53,27.59,24.38,25.56,58316400
KR,2008-12-05,27.17,27.79,26.1,27.42,48342800
KR,2008-11-28,26.52,27.91,26.19,27.66,27219600
KR,2008-11-21,27.81,27.96,24.17,26.21,53217300
KR,2008-11-14,27.89,29.03,26.0,28.02,43639200
KR,2008-11-07,27.45,28.05,26.53,27.52,33498300
KR,2008-10-31,25.96,28.08,25.44,27.46,47046300
KR,2008-10-24,25.9,27.37,25.06,26.39,52679100
KR,2008-10-17,24.51,26.39,23.77,25.23,48729200
KR,2008-10-10,26.8,27.61,22.3,23.78,56541900
KR,2008-10-03,27.43,28.25,26.21,27.2,43622400
KR,2008-09-26,26.74,27.88,26.11,27.85,29203700
KR,2008-09-19,27.33,29.59,25.2,27.04,51207200
KR,2008-09-12,27.63,28.5,27.04,27.89,47896500
KR,2008-09-05,28.0,28.27,26.1,26.87,33140400
KR,2008-08-29,28.2,28.4925,27.18,27.62,24800900
KR,2008-08-22,29.91,29.91,27.93,28.21,32481200
KR,2008-08-15,29.12,30.99,28.71,30.05,48676800
KR,2008-08-08,27.94,29.3,27.625,29.11,32023900
KR,2008-08-01,27.16,28.8,26.8,28.02,33555500
KR,2008-07-25,28.29,28.89,26.53,27.01,38308300
KR,2008-07-18,29.17,29.39,28.02,28.12,38784300
KR,2008-07-11,29.58,29.95,28.4444,28.87,42235000
KR,2008-07-03,28.74,29.75,28.05,29.45,34181200
KR,2008-06-27,26.91,29.75,25.86,28.65,59227200
KR,2008-06-20,27.38,27.44,26.05,26.9,38331500
KR,2008-06-13,27.4,27.9,26.72,27.6,27657200
KR,2008-06-06,27.6,28.49,27.0,27.3,22731800
KR,2008-05-30,27.01,27.83,26.89,27.64,14227400
KR,2008-05-23,28.12,28.13,26.77,26.96,24545800
KR,2008-05-16,26.42,27.98,26.35,27.96,29205000
KR,2008-05-09,27.23,27.46,26.09,26.3,31417600
KR,2008-05-02,26.48,28.0,25.93,27.37,33614500
KR,2008-04-25,24.86,26.85,24.4,26.39,32864400
KR,2008-04-18,23.9,25.04,23.39,25.0,29961700
KR,2008-04-11,24.74,25.33,23.77,23.89,35190700
KR,2008-04-04,25.27,25.99,24.99,25.2,36058400
KR,2008-03-28,25.47,25.67,24.7,25.16,29160400
KR,2008-03-20,24.14,25.45,24.05,25.4,25667900
KR,2008-03-14,25.54,26.0,24.26,24.29,40977100
KR,2008-03-07,24.71,26.15,24.27,25.66,35061900
KR,2008-02-29,25.74,25.99,24.18,24.25,26823100
KR,2008-02-22,27.12,27.12,25.26,25.74,27860600
KR,2008-02-15,25.66,26.94,25.51,26.87,30497900
KR,2008-02-08,25.97,26.22,25.0,25.72,28734100
KR,2008-02-01,25.39,26.22,24.69,25.98,31104200
KR,2008-01-25,25.16,26.99,24.23,25.3,27909200
KR,2008-01-18,26.5,27.1,25.12,25.39,36100700
KR,2008-01-11,25.54,27.43,25.26,26.45,36560400
KR,2008-01-04,26.94,27.06,25.11,25.34,23048800
KR,2007-12-28,26.99,27.47,26.69,26.97,13044400
KR,2007-12-21,26.62,26.88,25.62,26.8,39073800
KR,2007-12-14,28.64,28.91,25.51,26.21,47641400
KR,2007-12-07,28.91,29.35,27.84,28.39,25996100
KR,2007-11-30,28.0,29.18,27.33,28.75,25694000
KR,2007-11-23,28.41,28.75,27.82,28.0,18759900
KR,2007-11-16,26.61,28.79,26.61,28.65,25944900
KR,2007-11-09,28.07,28.52,26.64,26.71,21273900
KR,2007-11-02,28.9,29.47,27.75,28.33,18000600
KR,2007-10-26,28.11,29.07,27.87,28.68,18025300
KR,2007-10-19,29.75,29.9,27.9,28.01,19339000
KR,2007-10-12,28.95,30.0,28.42,29.82,20381100
KR,2007-10-05,28.69,29.305,28.26,29.0,17201500
KR,2007-09-28,28.53,28.87,27.71,28.52,20137600
KR,2007-09-21,27.03,29.5,26.78,28.54,29799600
KR,2007-09-14,25.5,27.35,25.3,27.17,23613200
KR,2007-09-07,26.58,26.8,25.39,25.45,16649400
KR,2007-08-31,27.36,27.36,25.52,26.58,22938000
KR,2007-08-24,26.05,27.48,25.44,27.38,23920400
KR,2007-08-17,25.61,26.15,24.13,26.09,41682900
KR,2007-08-10,26.04,26.86,23.95,25.46,51941600
KR,2007-08-03,26.33,27.19,25.8,25.83,31771100
KR,2007-07-27,28.49,28.84,25.92,26.32,32206800
KR,2007-07-20,28.72,29.47,28.15,28.34,32347300
KR,2007-07-13,28.3,29.05,27.69,28.81,32925400
KR,2007-07-06,28.29,28.87,27.54,28.23,27096900
KR,2007-06-29,30.09,30.21,27.13,28.13,46864500
KR,2007-06-22,30.6,30.65,29.1,29.1,28783200
KR,2007-06-15,29.56,30.87,29.4,30.65,27590600
KR,2007-06-08,31.25,31.41,29.33,29.55,35638000
KR,2007-06-01,29.5,31.94,29.49,31.41,26819900
KR,2007-05-25,29.62,29.73,29.26,29.55,22978300
KR,2007-05-18,28.83,29.68,28.81,29.59,39463500
KR,2007-05-11,29.5,29.71,28.62,28.85,23259400
KR,2007-05-04,29.87,30.02,29.01,29.52,23927000
KR,2007-04-27,29.91,30.43,29.19,29.73,22920800
KR,2007-04-20,28.86,30.25,28.69,30.01,31678300
KR,2007-04-13,29.9,29.91,28.53,28.66,38023600
KR,2007-04-05,28.17,29.47,28.15,29.11,30439800
KR,2007-03-30,27.9,28.71,27.8,28.25,40842100
KR,2007-03-23,26.75,28.7,26.49,28.31,47915200
KR,2007-03-16,25.31,27.03,25.31,26.6,39369200
KR,2007-03-09,25.08,25.93,24.74,25.29,25386900
KR,2007-03-02,25.7,25.9,24.78,25.35,27227300
KR,2007-02-23,26.52,26.69,25.63,25.67,15962300
KR,2007-02-16,25.85,26.56,25.6,26.47,17151400
KR,2007-02-09,25.75,26.24,25.58,25.88,26949700
KR,2007-02-02,24.85,25.96,24.74,25.85,36245600
KR,2007-01-26,24.2,24.67,23.87,24.51,20170700
KR,2007-01-19,23.47,24.15,23.34,24.12,16130700
KR,2007-01-12,23.5,23.89,23.43,23.58,22699900
KR,2007-01-05,23.07,23.71,22.94,23.6,18827400
KR,2006-12-29,23.27,23.39,22.62,23.07,14351400
KR,2006-12-22,24.2,24.29,23.0,23.2,33029300
KR,2006-12-15,23.18,24.48,22.95,24.29,32878800
KR,2006-12-08,21.67,24.33,21.6,23.07,33357100
KR,2006-12-01,21.76,21.99,21.12,21.65,23898000
KR,2006-11-24,21.96,22.21,21.61,21.77,8706700
KR,2006-11-17,21.99,22.51,21.94,22.17,15302700
KR,2006-11-10,21.65,22.37,21.52,22.09,18967200
KR,2006-11-03,22.7,22.88,21.49,21.6,24821300
KR,2006-10-27,22.3,22.96,21.93,22.8,18280100
KR,2006-10-20,21.95,22.46,21.75,22.28,20505700
KR,2006-10-13,21.92,23.09,21.69,21.95,31903200
KR,2006-10-06,23.22,23.37,22.42,22.49,16842800
KR,2006-09-29,22.92,23.35,22.64,23.14,15189000
KR,2006-09-22,22.28,22.95,22.13,22.84,20365500
KR,2006-09-15,24.0,24.15,22.09,22.5,25372900
KR,2006-09-08,23.74,24.06,23.34,23.99,12672300
KR,2006-09-01,23.2,23.95,23.2,23.76,12642700
KR,2006-08-25,23.32,23.5,22.81,23.28,13138900
KR,2006-08-18,22.85,24.05,22.82,23.28,17568000
KR,2006-08-11,22.88,23.08,22.39,22.68,16287400
KR,2006-08-04,23.0,23.1,22.4284,22.9,14389100
KR,2006-07-28,23.12,23.23,22.8,22.98,23344700
KR,2006-07-21,21.92,23.15,21.6,23.12,26912000
KR,2006-07-14,21.79,22.1,21.47,21.97,19922600
KR,2006-07-07,21.7,22.05,21.53,21.79,10026700
KR,2006-06-30,20.49,22.3,20.48,21.86,22348700
KR,2006-06-23,19.6,20.79,19.4,20.53,27790400
KR,2006-06-16,19.64,19.87,19.37,19.61,18920100
KR,2006-06-09,20.11,20.23,19.54,19.69,16447100
KR,2006-06-02,20.1,20.4,19.75,20.24,10092100
KR,2006-05-26,19.78,20.43,19.63,20.24,12623400
KR,2006-05-19,19.85,20.36,19.17,19.91,12676600
KR,2006-05-12,20.6,20.95,19.7,19.92,13340500
KR,2006-05-05,20.1,20.64,19.62,20.61,13940800
KR,2006-04-28,19.61,20.3,19.39,20.26,11768900
KR,2006-04-21,19.62,20.01,19.41,19.67,11889300
KR,2006-04-13,19.91,20.19,19.56,19.72,11823400
KR,2006-04-07,20.36,20.6,19.93,19.94,12824000
KR,2006-03-31,20.76,20.77,19.94,20.36,13168100
KR,2006-03-24,20.65,20.97,20.24,20.84,15941000
KR,2006-03-17,20.5,20.9799,20.35,20.74,17684400
KR,2006-03-10,19.95,20.5,19.64,20.5,19161800
KR,2006-03-03,20.02,20.36,19.7,19.96,17614200
KR,2006-02-24,20.0,20.25,19.84,19.99,17872200
KR,2006-02-17,19.4,20.05,19.34,19.98,17520400
KR,2006-02-10,18.58,19.57,18.56,19.52,20390700
KR,2006-02-03,18.53,18.82,18.05,18.63,15715100
KR,2006-01-27,19.0,19.45,18.47,18.57,18150300
KR,2006-01-20,18.7,19.15,18.61,19.05,17528600
KR,2006-01-13,18.76,18.86,18.42,18.76,20082000
KR,2006-01-06,18.89,19.0,18.68,18.76,12781400
KR,2005-12-30,19.07,19.17,18.62,18.88,10680400
KR,2005-12-23,19.14,19.22,18.5,18.97,15462700
KR,2005-12-16,19.47,19.657,18.85,19.11,17745200
KR,2005-12-09,20.18,20.58,19.33,19.49,17708800
KR,2005-12-02,19.75,19.95,19.01,19.93,19341300
KR,2005-11-25,19.48,19.67,19.24,19.51,8074900
KR,2005-11-18,18.75,19.75,18.75,19.44,13257500
KR,2005-11-11,19.35,19.5,18.84,19.43,16183800
KR,2005-11-04,19.7,20.07,19.29,19.37,16298100
KR,2005-10-28,19.79,20.2,19.14,19.6,17955600
KR,2005-10-21,19.69,20.35,19.63,19.8,16428100
KR,2005-10-14,20.02,20.3,19.39,19.72,13044700
KR,2005-10-07,20.54,20.8,19.68,20.06,16101400
KR,2005-09-30,20.42,20.71,20.03,20.59,16254900
KR,2005-09-23,20.46,20.67,19.87,20.38,15124900
KR,2005-09-16,20.2,20.88,19.92,20.55,26990000
KR,2005-09-09,19.98,20.48,19.74,20.07,12433500
KR,2005-09-02,19.33,20.54,19.26,19.91,15734700
KR,2005-08-26,19.83,20.13,19.21,19.45,15340000
KR,2005-08-19,19.26,19.89,19.09,19.7,11380900
KR,2005-08-12,19.44,20.0,19.19,19.33,9513900
KR,2005-08-05,19.95,20.0,19.32,19.37,12222900
KR,2005-07-29,19.45,19.99,19.42,19.85,15833600
KR,2005-07-22,19.53,19.82,19.25,19.5,12146000
KR,2005-07-15,19.61,19.69,19.15,19.57,12134900
KR,2005-07-08,18.79,19.55,18.71,19.49,13367800
KR,2005-07-01,19.51,19.7,18.84,18.86,19322500
KR,2005-06-24,17.39,19.96,17.25,19.67,44572300
KR,2005-06-17,16.58,17.83,16.46,17.39,16829400
KR,2005-06-10,16.63,17.67,16.51,16.64,11303800
KR,2005-06-03,16.88,16.88,16.5,16.7,9854400
KR,2005-05-27,17.02,17.06,16.7,16.88,7909400
KR,2005-05-20,16.02,17.14,15.95,17.1,13513500
KR,2005-05-13,15.95,16.41,15.75,15.92,9246900
KR,2005-05-06,15.7,16.55,15.63,16.0,13627200
KR,2005-04-29,15.7,15.98,15.3,15.77,14346100
KR,2005-04-22,15.63,15.8,15.15,15.59,16217800
KR,2005-04-15,15.85,16.16,15.51,15.65,15282600
KR,2005-04-08,15.67,16.2,15.57,15.94,14083800
KR,2005-04-01,15.67,16.23,15.15,15.67,16275600
KR,2005-03-24,15.64,15.94,15.48,15.7,11443800
KR,2005-03-18,16.02,16.23,15.29,15.62,21105100
KR,2005-03-11,17.72,17.83,15.82,15.97,26365300
KR,2005-03-04,17.59,18.22,17.53,17.85,13010500
KR,2005-02-25,17.84,18.04,17.5,17.64,10585900
KR,2005-02-18,17.29,18.11,17.19,17.98,14274900
KR,2005-02-11,17.09,17.5,17.01,17.28,10860300
KR,2005-02-04,17.25,17.3,16.98,17.19,11970000
KR,2005-01-28,16.85,17.35,16.84,17.24,12316600
KR,2005-01-21,16.61,17.13,16.59,16.81,10848900
KR,2005-01-14,16.53,17.02,16.48,16.78,10917200
KR,2005-01-07,17.7,17.74,16.36,16.63,16189900
KR,2004-12-31,16.97,17.75,16.87,17.54,8595500
KR,2004-12-23,17.17,17.34,16.75,17.03,11403000
KR,2004-12-17,16.99,17.55,16.69,16.92,15417500
KR,2004-12-10,15.84,17.59,15.53,16.96,28704200
KR,2004-12-03,16.3,16.62,15.85,15.92,16323000
KR,2004-11-26,15.85,16.34,15.72,16.26,6464900
KR,2004-11-19,16.3,16.68,15.88,15.92,9994400
KR,2004-11-12,16.21,16.38,15.95,16.3,15058200
KR,2004-11-05,15.16,16.34,15.05,16.21,14508700
KR,2004-10-29,14.97,15.18,14.65,15.11,13262900
KR,2004-10-22,15.05,15.37,14.75,14.97,14444400
KR,2004-10-15,15.2,15.32,14.8,15.02,16935300
KR,2004-10-08,16.75,16.75,15.12,15.18,15712700
KR,2004-10-01,15.54,15.85,15.4,15.8,12829200
KR,2004-09-24,15.72,15.78,15.35,15.53,14471500
KR,2004-09-17,16.84,16.94,15.45,15.72,27952900
KR,2004-09-10,17.25,17.31,16.68,16.89,7525200
KR,2004-09-03,16.83,17.3,16.29,17.05,10702100
KR,2004-08-27,16.25,16.97,16.1,16.83,12524800
KR,2004-08-20,14.78,16.32,14.78,16.29,15867500
KR,2004-08-13,15.01,15.43,14.75,15.0,12774900
KR,2004-08-06,15.7,16.0,14.7,14.97,13755200
KR,2004-07-30,16.25,16.26,15.56,15.8,16791700
KR,2004-07-23,16.83,17.01,16.09,16.28,11220600
KR,2004-07-16,17.19,17.27,16.69,16.76,11459100
KR,2004-07-09,17.78,17.9,17.01,17.15,15662500
KR,2004-07-02,17.91,18.3,17.6,17.78,19122400
KR,2004-06-25,17.75,18.36,17.08,17.91,24193400
KR,2004-06-18,17.0,17.76,16.95,17.76,18723700
KR,2004-06-10,16.73,17.3,16.52,17.0,11244900
KR,2004-06-04,16.7,17.0,16.5,16.71,9436400
KR,2004-05-28,16.35,16.73,16.04,16.69,17488100
KR,2004-05-21,16.28,16.87,15.95,16.3,14011000
KR,2004-05-14,16.89,17.21,16.44,16.54,13609000
KR,2004-05-07,17.46,17.8,16.96,16.99,15470600
KR,2004-04-30,17.7,17.8,17.09,17.5,15948800
KR,2004-04-23,17.0,17.8,16.77,17.75,28701600
KR,2004-04-16,17.11,17.32,16.8,17.01,24840800
KR,2004-04-08,16.47,17.11,16.45,17.1,21374600
KR,2004-04-02,16.3,16.9004,16.02,16.55,12740000
KR,2004-03-26,16.75,17.01,16.0,16.16,20166100
KR,2004-03-19,16.76,17.03,16.38,16.82,23193700
KR,2004-03-12,19.16,19.3,16.6,16.76,25343800
KR,2004-03-05,19.55,19.67,18.93,19.2,10377800
KR,2004-02-27,19.36,19.58,18.85,19.22,16124600
KR,2004-02-20,18.93,19.57,18.7,19.34,10254800
KR,2004-02-13,18.95,19.49,18.59,18.91,13018100
KR,2004-02-06,18.58,19.21,18.35,19.09,15248800
KR,2004-01-30,18.65,19.0,18.21,18.53,13853100
KR,2004-01-23,18.97,18.97,18.53,18.65,12061800
KR,2004-01-16,18.6,19.0,18.39,18.97,13938300
KR,2004-01-09,18.52,18.99,18.22,18.71,16702600
KR,2004-01-02,18.25,18.65,18.17,18.48,9719400
KR,2003-12-26,17.49,18.19,17.44,18.14,10303300
KR,2003-12-19,17.33,17.69,17.05,17.69,20611200
KR,2003-12-12,17.73,17.95,16.8,17.33,16587600
KR,2003-12-05,18.79,18.79,17.58,17.7,17216500
KR,2003-11-28,18.65,19.03,18.48,18.86,6494400
KR,2003-11-21,17.93,18.65,17.5,18.65,10544200
KR,2003-11-14,18.15,18.3,17.61,18.08,10052900
KR,2003-11-07,17.41,18.4,17.0,18.13,15866700
KR,2003-10-31,17.6,17.65,17.01,17.49,12115200
KR,2003-10-24,18.11,18.15,17.15,17.65,14789400
KR,2003-10-17,19.27,19.49,18.12,18.21,10893400
KR,2003-10-10,18.84,19.46,18.61,19.22,13546700
KR,2003-10-03,18.17,18.95,17.42,18.84,16275100
KR,2003-09-26,18.0,18.84,17.76,18.19,14652200
KR,2003-09-19,19.0,19.1,17.0,18.16,26662300
KR,2003-09-12,19.41,19.7,18.5,19.0,14399900
KR,2003-09-05,19.2,19.6,18.95,19.42,11871600
KR,2003-08-29,19.1,19.21,18.66,19.21,11919300
KR,2003-08-22,18.55,19.23,18.25,19.23,15534400
KR,2003-08-15,17.1,18.41,16.92,18.41,17196700
KR,2003-08-08,16.7,17.18,16.55,17.05,10343600
KR,2003-08-01,16.75,17.26,16.18,16.75,12771800
KR,2003-07-25,16.58,16.83,16.27,16.75,11278200
KR,2003-07-18,17.65,17.929,16.42,16.6,19261100
KR,2003-07-11,17.03,17.66,16.57,17.51,14885100
KR,2003-07-03,16.88,17.0,16.5,16.88,10067700
KR,2003-06-27,15.75,16.89,15.4,16.81,18088600
KR,2003-06-20,15.68,16.7,15.6,15.92,21678000
KR,2003-06-13,15.7,16.1,15.38,15.5,15268200
KR,2003-06-06,16.1,16.74,15.26,15.8,22868900
KR,2003-05-30,15.27,16.05,15.14,16.05,15356600
KR,2003-05-23,15.1,15.52,14.93,15.42,17793200
KR,2003-05-16,14.25,15.46,14.16,15.19,16474200
KR,2003-05-09,14.36,14.87,13.95,14.31,15239000
KR,2003-05-02,14.2,14.95,14.2,14.86,15534500
KR,2003-04-25,14.05,14.34,13.78,14.2,11796800
KR,2003-04-17,13.65,14.33,12.82,14.06,14637300
KR,2003-04-11,13.98,14.08,13.44,13.7,10405600
KR,2003-04-04,13.2,13.74,12.65,13.65,13513700
KR,2003-03-28,14.38,14.38,13.45,13.59,13190500
KR,2003-03-21,12.65,14.51,12.54,14.51,18431300
KR,2003-03-14,12.82,13.12,12.05,12.64,23422900
KR,2003-03-07,13.3,13.49,12.7,12.82,14548800
KR,2003-02-28,13.78,13.78,13.19,13.22,11892800
KR,2003-02-21,14.09,14.4,13.58,13.77,7013100
KR,2003-02-14,14.12,14.38,13.5,14.18,12090400
KR,2003-02-07,15.06,15.22,13.95,14.1,12970700
KR,2003-01-31,15.5,15.76,14.92,15.09,15100500
KR,2003-01-24,16.33,16.6,15.5,15.76,11825100
KR,2003-01-17,16.25,16.55,16.01,16.33,16783400
KR,2003-01-10,15.95,16.22,15.7,16.1,14061600
KR,2003-01-03,15.1,16.24,15.1,16.0,11756300
KR,2002-12-27,15.0,15.67,14.9,15.19,8536000
KR,2002-12-20,15.09,15.52,14.64,14.9,21635300
KR,2002-12-13,15.11,15.46,14.7,15.07,18643200
KR,2002-12-06,16.04,16.2,14.75,15.4,18694700
KR,2002-11-29,15.7,16.2,15.07,15.73,12806500
KR,2002-11-22,14.3,16.25,14.25,15.95,20314000
KR,2002-11-15,14.1,14.27,13.08,14.2,23010100
KR,2002-11-08,15.0,15.38,13.94,14.1,21786000
KR,2002-11-01,15.75,15.9,14.2,14.9,28653800
KR,2002-10-25,14.55,15.45,14.43,15.15,13763200
KR,2002-10-18,12.98,15.42,12.96,14.63,31649400
KR,2002-10-11,12.9,13.8,11.0,13.01,45971100
KR,2002-10-04,14.0,14.23,12.56,12.8,26185300
KR,2002-09-27,15.1,15.32,13.82,14.23,29424400
KR,2002-09-20,18.46,18.48,15.0,15.37,32352500
KR,2002-09-13,18.0,18.72,17.91,18.21,15876000
KR,2002-09-06,18.15,18.67,17.72,18.08,12741200
KR,2002-08-30,20.23,20.5,17.45,18.08,25162300
KR,2002-08-23,19.99,20.75,19.7,19.98,11962300
KR,2002-08-16,19.55,20.13,18.99,19.74,13719500
KR,2002-08-09,18.84,20.2,18.67,19.8,13821400
KR,2002-08-02,19.5,20.06,18.58,18.88,16514100
KR,2002-07-26,19.0,19.44,17.53,19.25,25229400
KR,2002-07-19,19.83,20.0,18.91,18.92,16798300
KR,2002-07-12,20.21,20.49,19.1,20.03,16538400
KR,2002-07-05,20.05,20.24,19.75,20.21,15436900
KR,2002-06-28,19.3,20.48,18.55,19.9,31015700
KR,2002-06-21,19.45,20.2,18.5,19.3,19513600
KR,2002-06-14,21.95,22.25,19.27,19.52,31225100
KR,2002-06-07,22.45,22.67,21.4,21.8,13866400
KR,2002-05-31,22.45,23.05,22.04,22.35,12590600
KR,2002-05-24,22.35,22.8,21.92,22.4,12309000
KR,2002-05-17,22.55,23.19,21.91,22.4,15817200
KR,2002-05-10,22.8,23.81,22.3,22.75,15647900
KR,2002-05-03,22.24,23.28,22.15,22.7,14651600
KR,2002-04-26,22.5,23.06,22.27,22.39,13101100
KR,2002-04-19,22.15,22.74,22.05,22.5,11675700
KR,2002-04-12,21.9,23.23,21.83,22.15,17728500
KR,2002-04-05,22.2,22.49,21.7,22.0,14101500
KR,2002-03-28,22.3,22.71,22.0,22.16,14360800
KR,2002-03-22,22.2,22.64,22.18,22.49,13605500
KR,2002-03-15,22.54,22.7,21.61,22.34,18463000
KR,2002-03-08,22.75,23.0,21.85,22.3,18183200
KR,2002-03-01,21.3,22.59,21.2,22.35,17153500
KR,2002-02-22,20.5,21.45,20.44,21.16,12856400
KR,2002-02-15,20.55,21.0,20.5,20.57,14810500
KR,2002-02-08,20.35,21.03,20.25,20.57,18607500
KR,2002-02-01,20.95,21.13,20.15,20.33,24230900
KR,2002-01-25,20.6,20.75,20.15,20.71,18730700
KR,2002-01-18,20.6,20.93,20.27,20.53,23756800
KR,2002-01-11,20.63,20.8,19.99,20.56,29368700
KR,2002-01-04,21.0,21.05,20.24,20.43,22536100
KR,2001-12-28,20.35,21.15,20.26,21.0,17253100
KR,2001-12-21,20.59,20.59,19.92,20.5,38606300
KR,2001-12-14,24.5,24.51,19.6,20.51,81093100
KR,2001-12-07,25.06,25.94,24.49,24.6,15164100
KR,2001-11-30,24.75,25.78,24.65,25.32,12224900
KR,2001-11-23,24.65,25.01,24.35,24.89,6191900
KR,2001-11-16,24.33,25.27,23.5,24.68,19035200
KR,2001-11-09,24.6,24.75,24.0,24.24,13238000
KR,2001-11-02,24.35,25.14,24.0,24.48,12684800
KR,2001-10-26,24.76,25.91,23.35,24.16,13270200
KR,2001-10-19,24.95,25.24,24.48,25.0,10877200
KR,2001-10-12,24.71,25.25,24.03,25.04,12316600
KR,2001-10-05,24.96,25.18,23.8,24.76,21727600
KR,2001-09-28,23.75,25.37,23.35,24.64,24518800
KR,2001-09-21,27.05,27.33,22.7,23.29,32956100
KR,2001-09-10,26.64,27.1,26.42,27.05,3459100
KR,2001-09-07,26.87,27.66,26.2,26.64,13710000
KR,2001-08-31,26.5,27.15,26.05,26.62,10938800
KR,2001-08-24,25.35,27.0,25.35,27.0,10551000
KR,2001-08-17,26.1,27.03,25.25,25.52,13156600
KR,2001-08-10,26.27,26.5,24.88,26.05,14361600
KR,2001-08-03,25.5,26.9,25.35,26.5,13299100
KR,2001-07-27,25.41,25.9,24.82,25.64,12245700
KR,2001-07-20,23.93,25.75,23.71,25.66,15203500
KR,2001-07-13,25.5,25.5,23.1,23.78,15396700
KR,2001-07-06,25.3,25.93,25.15,25.47,10194400
KR,2001-06-29,24.4,26.12,24.17,25.0,16872700
KR,2001-06-22,25.45,25.47,24.0,24.88,12694700
KR,2001-06-15,25.0,25.7,24.76,25.31,10853700
KR,2001-06-08,24.45,25.25,24.36,25.1,7835100
KR,2001-06-01,24.05,25.24,24.05,25.0,8459900
KR,2001-05-25,23.99,24.51,23.52,24.11,13195300
KR,2001-05-18,24.19,24.38,23.37,23.9,12261300
KR,2001-05-11,25.0,25.08,23.75,24.19,9085600
KR,2001-05-04,22.4,25.3,22.35,25.3,26298100
KR,2001-04-27,22.3,22.59,21.88,22.31,14357900
KR,2001-04-20,21.78,23.0,21.16,22.2,20734600
KR,2001-04-12,22.45,22.9,21.68,21.88,15636600
KR,2001-04-06,25.79,25.85,21.42,22.12,36692400
KR,2001-03-30,23.15,25.85,23.15,25.79,19885500
KR,2001-03-23,23.6,24.24,22.76,23.55,17385800
KR,2001-03-16,25.0,25.61,22.4,23.52,16422300
KR,2001-03-09,24.4,25.25,22.75,24.95,22946900
KR,2001-03-02,24.23,24.98,24.0,24.32,11100700
KR,2001-02-23,24.5,25.01,23.82,24.0,10374800
KR,2001-02-16,25.11,25.2,23.5,24.35,13153900
KR,2001-02-09,24.52,25.34,23.98,25.1,10149400
KR,2001-02-02,23.75,25.24,23.68,24.61,10181300
KR,2001-01-26,24.75,25.0,22.06,23.94,16779500
KR,2001-01-19,22.31,24.62,22.31,24.12,10501100
KR,2001-01-12,23.37,24.44,22.19,22.44,19194600
KR,2001-01-05,26.75,26.81,22.37,23.19,22948500
KR,2000-12-29,26.19,27.94,25.87,27.06,11517000
KR,2000-12-22,26.31,26.81,25.5,26.37,15918300
KR,2000-12-15,24.5,26.75,24.0,26.0,14945500
KR,2000-12-08,26.12,26.19,23.62,24.62,16617200
KR,2000-12-01,26.0,27.0,25.81,26.12,12117900
KR,2000-11-24,26.25,26.5,24.69,26.06,11629600
KR,2000-11-17,24.94,27.44,24.87,26.37,24056500
KR,2000-11-10,22.94,24.87,22.81,24.5,15293900
KR,2000-11-03,21.12,22.94,21.06,22.94,13393300
KR,2000-10-27,20.87,21.62,20.56,21.0,12354400
KR,2000-10-20,21.12,21.62,20.81,21.0,10308800
KR,2000-10-13,21.56,21.81,19.87,21.37,17709600
KR,2000-10-06,22.37,22.5,21.5,21.75,19285300
KR,2000-09-29,22.0,23.0,21.62,22.56,14231600
KR,2000-09-22,22.62,22.69,21.81,22.31,20258000
KR,2000-09-15,22.87,23.75,22.5,22.5,15706300
KR,2000-09-08,22.37,23.06,21.87,22.81,8493100
KR,2000-09-01,21.87,23.0,21.87,22.44,12834800
KR,2000-08-25,21.25,23.44,20.87,21.87,27194400
KR,2000-08-18,20.56,21.31,20.31,21.09,15057700
KR,2000-08-11,20.94,21.87,20.62,20.94,17765700
KR,2000-08-04,21.0,21.75,20.69,21.19,13230600
KR,2000-07-28,21.06,21.94,20.81,21.06,10301600
KR,2000-07-21,21.5,22.06,20.81,21.19,9300600
KR,2000-07-14,22.5,22.81,20.81,21.62,13111300
KR,2000-07-07,21.87,23.19,21.56,22.81,10062300
KR,2000-06-30,21.37,22.17,20.25,22.06,15833700
KR,2000-06-23,18.44,22.19,18.25,22.0,29900600
KR,2000-06-16,18.44,19.12,18.12,18.31,12612900
KR,2000-06-09,18.94,19.19,17.94,18.37,12127300
KR,2000-06-02,20.5,20.75,18.56,19.0,9456300
KR,2000-05-26,20.31,21.0,18.69,20.75,16873200
KR,2000-05-19,19.81,21.31,19.69,20.06,9958300
KR,2000-05-12,19.37,20.75,18.87,20.06,13218500
KR,2000-05-05,18.19,19.62,17.87,19.56,14744100
KR,2000-04-28,17.62,19.56,17.5,18.56,16780600
KR,2000-04-20,18.81,18.87,16.69,17.69,18867900
KR,2000-04-14,19.31,21.94,18.5,19.06,23134400
KR,2000-04-07,17.81,20.87,17.75,19.25,26520000
KR,2000-03-31,17.75,18.19,17.0,17.56,15700300
KR,2000-03-24,16.69,18.25,15.81,17.87,18167700
KR,2000-03-17,14.69,17.5,14.06,16.69,43134500
KR,2000-03-10,14.94,15.5,14.25,14.75,22115400
KR,2000-03-03,15.0,15.38,14.5,14.75,20306300
KR,2000-02-25,15.06,15.5,14.06,14.19,19362100
KR,2000-02-18,16.44,17.25,15.0,15.0,18433000
KR,2000-02-11,16.94,17.81,15.94,16.75,17908900
KR,2000-02-04,16.94,18.5,16.81,17.62,21634200
KR,2000-01-28,17.0,17.69,15.81,16.56,28156000
KR,2000-01-21,18.62,18.62,16.69,16.81,15208600
KR,2000-01-14,18.94,19.19,17.81,18.44,21644500
KR,2000-01-07,19.12,20.19,18.56,18.94,37832700
KR,1999-12-31,19.25,19.75,18.56,18.87,14556100
KR,1999-12-23,16.0,19.5,15.94,19.37,29585500
KR,1999-12-17,15.81,16.56,14.88,16.25,42552700
KR,1999-12-10,19.44,19.56,15.0,16.06,84966400
KR,1999-12-03,23.12,23.12,20.5,20.56,18577400
KR,1999-11-26,22.87,23.69,21.62,23.37,10852700
KR,1999-11-19,24.12,24.12,22.75,23.12,13650100
KR,1999-11-12,22.62,24.25,22.25,24.12,14042800
KR,1999-11-05,21.25,22.81,20.69,22.62,20587700
KR,1999-10-29,21.75,21.75,19.5,20.81,18656600
KR,1999-10-22,21.56,22.12,20.44,21.81,11997900
KR,1999-10-15,23.0,23.56,21.19,21.5,10676800
KR,1999-10-08,22.25,23.44,21.0,23.19,15473500
KR,1999-10-01,24.69,25.0,21.0,21.25,21388700
KR,1999-09-24,26.94,26.94,23.75,24.62,13144600
KR,1999-09-17,22.37,26.94,22.37,26.87,21838800
KR,1999-09-10,23.56,24.19,22.0,22.5,14419600
KR,1999-09-03,24.25,24.44,22.37,23.56,14122300
KR,1999-08-27,24.06,25.69,23.94,24.25,13845800
KR,1999-08-20,25.44,25.5,22.87,23.75,22638300
KR,1999-08-13,25.56,25.62,24.12,25.44,7855300
KR,1999-08-06,26.19,27.0,24.81,25.81,14074700
KR,1999-07-30,27.5,28.5,26.25,26.44,9080900
KR,1999-07-23,30.94,31.37,27.5,27.5,12000900
KR,1999-07-16,30.0,31.12,29.5,31.06,9984500
KR,1999-07-09,28.81,30.37,28.81,29.87,8688400
KR,1999-07-02,55.69,56.0,26.81,28.94,7125350
KR,1999-06-25,57.25,57.25,54.25,55.06,5364200
KR,1999-06-18,54.13,57.25,53.5,57.13,7121100
KR,1999-06-11,58.56,59.0,54.25,54.25,6541000
KR,1999-06-04,58.56,59.25,56.5,58.5,5035200
KR,1999-05-28,53.88,58.88,52.06,58.56,9635100
KR,1999-05-21,53.75,55.06,49.75,54.19,5884700
KR,1999-05-14,51.19,55.88,50.88,53.81,9034200
KR,1999-05-07,54.31,55.56,51.0,51.56,8022200
KR,1999-04-30,55.13,57.25,53.69,54.31,11899300
KR,1999-04-23,56.38,57.13,53.88,55.06,8900400
KR,1999-04-16,62.25,62.25,55.5,55.69,7316200
KR,1999-04-09,60.0,62.31,57.63,62.31,6099400
KR,1999-04-01,62.5,62.63,58.31,59.75,4398600
KR,1999-03-26,68.0,68.03,61.5,62.38,5735700
KR,1999-03-19,65.69,69.81,65.69,68.31,5361200
KR,1999-03-12,63.69,66.0,60.56,65.94,5107600
KR,1999-03-05,64.62,64.69,61.0,63.69,4188500
KR,1999-02-26,61.31,64.94,60.75,64.69,4501000
KR,1999-02-19,60.63,63.56,60.56,61.06,4062900
KR,1999-02-12,61.44,62.38,59.81,60.5,5323600
KR,1999-02-05,63.5,66.56,60.94,61.31,5632400
KR,1999-01-29,57.5,63.69,57.06,63.5,7429100
KR,1999-01-22,58.56,59.44,56.5,56.63,3956800
KR,1999-01-15,57.19,58.63,55.5,58.44,8149400
KR,1999-01-08,60.0,60.5,56.56,57.19,6746700
KR,1998-12-31,58.81,60.81,58.19,60.5,2954600
KR,1998-12-24,54.44,58.94,54.38,58.56,3025000
KR,1998-12-18,53.5,54.75,52.38,54.44,3884100
KR,1998-12-11,56.13,56.38,53.19,54.0,4480900
KR,1998-12-04,54.0,56.69,52.94,56.13,7348100
KR,1998-11-27,57.31,57.31,52.25,54.25,4085600
KR,1998-11-20,57.38,57.88,56.06,56.81,4691400
KR,1998-11-13,55.63,57.19,55.31,56.94,6284100
KR,1998-11-06,55.69,57.19,54.13,55.56,10446000
KR,1998-10-30,50.0,55.94,50.0,55.5,8990900
KR,1998-10-23,44.0,50.94,44.0,50.0,14405300
KR,1998-10-16,47.0,51.5,47.0,48.75,5000600
KR,1998-10-09,52.25,52.5,45.0,46.0,4771400
KR,1998-10-02,50.81,52.75,49.06,52.75,3514200
KR,1998-09-25,46.63,52.75,46.06,50.06,3820400
KR,1998-09-18,50.63,51.75,46.25,46.88,4246500
KR,1998-09-11,51.0,51.06,47.88,49.81,3429800
KR,1998-09-04,49.69,51.25,44.69,49.0,6055000
KR,1998-08-28,49.19,54.13,48.75,49.56,5192000
KR,1998-08-21,48.0,50.56,47.69,49.06,4106200
KR,1998-08-14,48.06,49.63,47.69,48.13,2704700
KR,1998-08-07,48.13,50.19,46.75,48.06,3657200
KR,1998-07-31,48.19,49.25,46.56,47.31,2989800
KR,1998-07-24,48.31,50.0,47.63,48.25,2663300
KR,1998-07-17,43.13,49.25,42.63,48.19,4261400
KR,1998-07-10,45.13,45.88,42.13,43.5,2718700
KR,1998-07-02,44.0,45.5,42.88,45.0,2145500
KR,1998-06-26,43.44,45.44,43.25,43.63,2178500
KR,1998-06-19,44.38,44.5,42.0,42.56,2570700
KR,1998-06-12,44.63,45.56,42.94,44.44,2017000
KR,1998-06-05,43.0,45.38,42.69,44.63,2758600
KR,1998-05-29,42.75,43.31,40.75,42.94,2478100
KR,1998-05-22,41.19,42.44,40.19,42.31,2869700
KR,1998-05-15,41.25,42.5,40.56,40.63,2857900
KR,1998-05-08,42.88,42.94,40.25,41.31,2893000
KR,1998-05-01,42.88,43.13,40.5,42.81,3351000
KR,1998-04-24,44.5,44.5,42.5,43.0,2455200
KR,1998-04-17,46.5,46.88,43.44,44.5,2353800
KR,1998-04-09,46.81,47.19,45.81,46.63,1629000
KR,1998-04-03,45.0,47.5,44.75,46.56,2969900
KR,1998-03-27,44.63,45.13,43.38,44.75,3384600
KR,1998-03-20,46.38,46.5,44.38,44.69,2850700
KR,1998-03-13,44.56,47.31,44.5,46.0,3018200
KR,1998-03-06,42.0,45.0,42.0,45.0,2879400
KR,1998-02-27,42.94,43.63,39.88,42.25,3832900
KR,1998-02-20,40.88,42.56,40.06,42.31,2186900
KR,1998-02-13,41.19,41.5,39.38,40.44,4178400
KR,1998-02-06,40.25,43.13,39.5,40.94,5286100
KR,1998-01-30,37.75,39.94,37.0,39.13,3994500
KR,1998-01-23,36.63,38.31,35.31,37.5,3333700
KR,1998-01-16,34.0,36.5,34.0,36.06,2000500
KR,1998-01-09,36.06,36.44,34.06,34.44,4375000
