NFLX,2019-05-09,377.69,381.35,352.75,363.46,23901537
NFLX,2019-05-03,373.68,385.99,368.348,385.03,27477550
NFLX,2019-04-26,359.7,384.8,359.0,374.85,40489623
NFLX,2019-04-18,350.71,368.764,342.27,360.35,53989842
NFLX,2019-04-12,365.11,370.12,349.36,351.14,36811697
NFLX,2019-04-05,359.0,373.4105,358.51,365.49,26104260
NFLX,2019-03-29,359.0,368.38,349.2,356.56,33059286
NFLX,2019-03-22,362.47,379.0,356.8,361.01,42858679
NFLX,2019-03-15,352.0,364.0,350.03,361.46,30710587
NFLX,2019-03-08,359.72,362.86,342.47,349.6,32686814
NFLX,2019-03-01,367.01,371.49,354.6915,357.32,29857160
NFLX,2019-02-22,355.8,366.71,353.88,363.02,28823411
NFLX,2019-02-15,350.0,364.4,344.81,356.87,44968726
NFLX,2019-02-08,342.6,360.0,338.0,347.57,40241592
NFLX,2019-02-01,334.7,346.84,328.151,339.85,43905078
NFLX,2019-01-25,334.89,340.0,318.6,338.05,53719790
NFLX,2019-01-18,334.24,358.85,329.13,339.1,92558599
NFLX,2019-01-11,302.1,341.09,301.65,337.59,80295352
NFLX,2019-01-04,260.16,297.8,256.58,297.57,59488197
NFLX,2018-12-28,242.0,261.9144,231.23,256.08,47172854
NFLX,2018-12-21,266.51,280.87,241.29,246.39,71963784
NFLX,2018-12-14,264.19,281.7695,260.6094,266.84,49200079
NFLX,2018-12-07,293.19,298.72,263.38,265.14,52458991
NFLX,2018-11-30,260.55,290.81,253.8,286.13,65741049
NFLX,2018-11-23,283.79,285.09,250.0,258.82,45955766
NFLX,2018-11-16,300.0,303.55,278.2969,286.21,59077146
NFLX,2018-11-09,311.1,332.0499,298.01,303.47,57826441
NFLX,2018-11-02,305.26,321.88,271.2093,309.1,94270981
NFLX,2018-10-26,333.1,336.58,292.3,299.83,84006760
NFLX,2018-10-19,337.63,380.0,326.93,332.67,99160594
NFLX,2018-10-12,345.18,358.72,315.81,339.56,69266492
NFLX,2018-10-05,375.85,386.7999,343.0,351.35,45411189
NFLX,2018-09-28,359.0,383.2,354.33,374.13,44363190
NFLX,2018-09-21,364.22,377.61,349.57,361.19,48061421
NFLX,2018-09-14,352.27,374.09,343.08,364.56,35553564
NFLX,2018-09-07,366.47,368.88,335.83,348.68,42853981
NFLX,2018-08-31,367.1453,376.8085,360.0,367.68,53693111
NFLX,2018-08-24,314.64,359.15,310.928,358.82,63370577
NFLX,2018-08-17,339.89,347.19,312.96,316.78,41580957
NFLX,2018-08-10,342.8653,357.31,341.74,345.87,30729265
NFLX,2018-08-03,351.93,352.03,328.0,343.09,56116251
NFLX,2018-07-27,359.1453,367.4,351.65,355.21,48816112
NFLX,2018-07-20,398.98,403.355,344.0,361.05,135109033
NFLX,2018-07-13,415.95,419.77,395.081,395.8,58714864
NFLX,2018-07-06,385.45,408.6495,380.0,408.25,30501344
NFLX,2018-06-29,404.69,411.5865,378.75,391.43,75695904
NFLX,2018-06-22,387.72,423.2056,386.5,411.09,68835027
NFLX,2018-06-15,361.88,398.86,360.91,391.98,55132660
NFLX,2018-06-08,362.6847,369.83,355.51,360.57,37256118
NFLX,2018-06-01,351.5,359.99,346.71,359.93,29437431
NFLX,2018-05-25,327.11,354.36,325.45,351.29,45246874
NFLX,2018-05-18,327.25,330.5038,322.434,324.18,21021011
NFLX,2018-05-11,321.9947,332.055,319.34,326.46,27378990
NFLX,2018-05-04,311.07,320.98,305.73,320.09,32167887
NFLX,2018-04-27,329.1499,331.22,292.615,311.76,54122013
NFLX,2018-04-20,315.99,338.82,304.0,327.77,82992996
NFLX,2018-04-13,291.77,317.49,289.12,311.65,57746066
NFLX,2018-04-06,291.94,299.16,271.2239,288.85,61114555
NFLX,2018-03-29,309.36,322.9,275.9,295.35,61915707
NFLX,2018-03-23,315.8,319.5,300.36,300.94,37899504
NFLX,2018-03-16,333.56,333.98,313.278,318.45,55435727
NFLX,2018-03-09,302.85,331.44,297.6,331.44,79979691
NFLX,2018-03-02,288.75,301.18,283.23,301.05,52091194
NFLX,2018-02-23,277.74,286.64,274.45,285.93,32974646
NFLX,2018-02-16,252.14,281.96,249.0,278.52,44916600
NFLX,2018-02-09,262.0,272.45,236.11,249.47,57080775
NFLX,2018-02-02,274.2,286.81,262.71,267.43,58903566
NFLX,2018-01-26,222.0,274.6,221.2,274.6,83681242
NFLX,2018-01-19,224.24,226.07,216.32,220.46,37685977
NFLX,2018-01-12,210.02,222.55,206.91,221.23,32152915
NFLX,2018-01-05,196.1,210.02,195.42,209.99,32328127
NFLX,2017-12-29,189.78,194.49,185.22,191.96,22203907
NFLX,2017-12-22,191.2,191.65,185.26,189.94,24568974
NFLX,2017-12-15,187.85,192.64,184.8183,190.12,28646585
NFLX,2017-12-08,189.36,189.72,178.38,188.54,29076756
NFLX,2017-12-01,195.56,199.68,184.32,186.82,37140188
NFLX,2017-11-24,193.3,197.52,191.9,195.75,16365500
NFLX,2017-11-17,191.12,197.7,191.0,193.2,21578069
NFLX,2017-11-10,200.0,202.48,189.5,192.02,28934883
NFLX,2017-11-03,199.62,201.1,195.22,200.01,23055050
NFLX,2017-10-27,194.17,200.65,191.03,199.54,32359792
NFLX,2017-10-20,201.95,204.38,191.16,194.16,65970591
NFLX,2017-10-13,199.1,200.82,192.1,199.49,38288907
NFLX,2017-10-06,182.11,198.92,176.58,198.02,54756566
NFLX,2017-09-29,186.46,186.55,176.55,181.35,28116788
NFLX,2017-09-22,183.61,189.95,182.73,187.35,27276347
NFLX,2017-09-15,178.1,185.33,178.03,182.35,26758515
NFLX,2017-09-08,173.4,180.39,172.44,176.42,23792215
NFLX,2017-09-01,166.43,176.48,164.73,174.74,26845649
NFLX,2017-08-25,166.91,171.24,164.23,165.95,25094343
NFLX,2017-08-18,169.8,172.45,165.72,166.54,32290482
NFLX,2017-08-11,181.0,182.27,167.6,171.4,33362397
NFLX,2017-08-04,184.26,184.97,177.81,180.27,24535840
NFLX,2017-07-28,188.69,190.25,179.38,184.04,35538990
NFLX,2017-07-21,162.91,191.5,160.02,188.54,86478714
NFLX,2017-07-14,150.34,161.35,149.65,161.12,30111363
NFLX,2017-07-07,149.8,150.75,144.25,150.18,19121633
NFLX,2017-06-30,158.78,159.97,148.0,149.41,31132401
NFLX,2017-06-23,154.29,158.19,151.4,158.02,26918852
NFLX,2017-06-16,155.3,155.68,147.3,152.38,42518087
NFLX,2017-06-09,165.49,166.87,154.5,158.03,25362850
NFLX,2017-06-02,163.6,165.36,160.74,165.18,18130647
NFLX,2017-05-26,157.86,164.1,156.43,162.43,23290024
NFLX,2017-05-19,160.25,161.78,153.0,157.02,26639976
NFLX,2017-05-12,156.55,161.1,155.3,160.81,26105622
NFLX,2017-05-05,151.91,158.59,151.61,156.6,28474423
NFLX,2017-04-28,143.61,153.52,143.4,152.2,48523480
NFLX,2017-04-21,144.43,147.4,138.66,142.87,62503748
NFLX,2017-04-13,143.04,145.74,141.21,142.92,18501634
NFLX,2017-04-07,146.7,148.01,142.71,143.11,19930872
NFLX,2017-03-31,140.83,148.29,140.0,147.81,21613989
NFLX,2017-03-24,145.45,147.7,140.76,142.02,24836916
NFLX,2017-03-17,140.9,146.5,140.32,145.11,27137696
NFLX,2017-03-10,141.0,142.84,139.74,140.89,21420909
NFLX,2017-03-03,143.12,143.92,138.26,139.14,15508754
NFLX,2017-02-24,142.99,144.49,141.52,143.25,15024141
NFLX,2017-02-17,145.19,145.95,140.05,142.22,25902840
NFLX,2017-02-10,140.0,145.3,139.16,144.82,29739686
NFLX,2017-02-03,141.77,142.41,138.8,140.25,25542472
NFLX,2017-01-27,138.65,142.49,137.03,142.45,37163636
NFLX,2017-01-20,135.04,143.46,131.06,138.6,61089654
NFLX,2017-01-13,131.48,133.93,128.5,133.7,33276600
NFLX,2017-01-06,124.96,133.88,124.31,131.07,38124809
NFLX,2016-12-30,126.24,129.07,123.6,123.8,17577733
NFLX,2016-12-23,124.3,127.7372,122.87,125.59,21491673
NFLX,2016-12-16,122.84,127.43,122.3,124.22,30836546
NFLX,2016-12-09,120.73,126.35,118.4,122.88,41032674
NFLX,2016-12-02,117.05,120.98,113.95,120.81,37666761
NFLX,2016-11-25,116.2,119.46,116.19,117.41,20209290
NFLX,2016-11-18,114.75,116.81,110.68,115.21,36290728
NFLX,2016-11-11,124.26,125.81,113.11,114.78,49022509
NFLX,2016-11-04,126.85,126.9,121.62,122.03,28431699
NFLX,2016-10-28,127.42,129.29,125.75,126.57,46828456
NFLX,2016-10-21,100.5,127.85,98.38,127.5,124064693
NFLX,2016-10-14,103.18,104.53,97.63,101.47,41009400
NFLX,2016-10-07,98.0,106.97,98.0,104.82,55677730
NFLX,2016-09-30,95.38,99.53,94.04,98.55,39679958
NFLX,2016-09-23,99.9,100.35,93.26,95.94,50789625
NFLX,2016-09-16,95.91,99.49,95.33,99.48,42779918
NFLX,2016-09-09,97.76,100.32,96.5,96.5,28079131
NFLX,2016-09-02,96.97,98.85,96.57,97.38,27188383
NFLX,2016-08-26,95.67,98.245,94.91,97.58,34786813
NFLX,2016-08-19,96.83,97.2168,94.4,95.87,36127095
NFLX,2016-08-12,95.91,96.83,92.95,96.59,40962538
NFLX,2016-08-05,91.23,97.74,90.5,97.03,51942289
NFLX,2016-07-29,85.73,93.1,85.01,91.25,55628087
NFLX,2016-07-22,98.43,99.84,84.5,85.89,135323922
NFLX,2016-07-15,96.19,98.7,94.09,98.39,52589308
NFLX,2016-07-08,95.2,101.27,93.18,97.06,60429462
NFLX,2016-07-01,87.88,97.0,84.81,96.67,62274597
NFLX,2016-06-24,95.22,95.88,87.21,88.44,55748403
NFLX,2016-06-17,95.02,97.2,93.2474,94.45,46237797
NFLX,2016-06-10,100.29,101.63,93.28,93.75,44558511
NFLX,2016-06-03,102.95,103.45,98.53,99.59,34335478
NFLX,2016-05-27,92.98,104.0,92.85,103.3,77366448
NFLX,2016-05-20,87.56,93.28,86.15,92.49,63244280
NFLX,2016-05-13,90.73,93.25,85.74,87.88,64391989
NFLX,2016-05-06,90.41,93.25,88.11,90.84,51338054
NFLX,2016-04-29,95.7,95.7461,88.21,90.03,67978092
NFLX,2016-04-22,109.9,110.7,93.14,95.9,150884422
NFLX,2016-04-15,104.04,111.85,102.21,111.51,57889759
NFLX,2016-04-08,105.9,106.44,102.82,103.81,49239645
NFLX,2016-04-01,98.34,105.79,97.82,105.7,67075977
NFLX,2016-03-24,101.15,102.1,97.07,98.36,37632990
NFLX,2016-03-18,97.2,102.41,96.43,101.12,62852590
NFLX,2016-03-11,101.0,101.79,94.5,97.66,83032592
NFLX,2016-03-04,94.81,102.22,93.34,101.58,88550262
NFLX,2016-02-26,90.75,97.48,86.7,94.79,79912997
NFLX,2016-02-19,89.0,94.9,87.54,89.23,66634967
NFLX,2016-02-12,80.57,92.21,79.95,87.4,114963029
NFLX,2016-02-05,91.79,97.18,81.86,82.79,114094863
NFLX,2016-01-29,99.78,102.68,90.11,91.84,112987392
NFLX,2016-01-22,106.57,110.14,97.0501,100.72,146581445
NFLX,2016-01-15,112.13,117.78,101.21,104.04,105415424
NFLX,2016-01-08,109.0,122.18,104.96,111.39,123208867
NFLX,2015-12-31,117.26,119.6,113.85,114.38,34006181
NFLX,2015-12-24,119.51,119.59,114.86,117.33,34224773
NFLX,2015-12-18,119.77,126.35,114.66,118.02,78909515
NFLX,2015-12-11,131.19,133.27,118.6,118.91,89310988
NFLX,2015-12-04,126.03,132.2,122.42,130.93,97448169
NFLX,2015-11-27,124.3,126.39,120.03,125.44,51688400
NFLX,2015-11-20,102.97,124.07,101.86,123.84,113421579
NFLX,2015-11-13,113.36,115.25,103.27,103.65,74747739
NFLX,2015-11-06,109.2,115.68,106.3,114.06,66525279
NFLX,2015-10-30,100.05,110.1,99.38,108.38,62808062
NFLX,2015-10-23,98.07,103.62,96.26,100.04,91876565
NFLX,2015-10-16,114.45,115.42,98.41,98.99,133192935
NFLX,2015-10-09,107.48,115.83,102.6,113.33,119610924
NFLX,2015-10-02,101.57,106.87,96.85,106.11,89558399
NFLX,2015-09-25,103.3,105.4487,96.78,102.24,85224186
NFLX,2015-09-18,96.84,107.5,93.61,102.62,113727976
NFLX,2015-09-11,102.08,102.79,93.55,97.51,117409877
NFLX,2015-09-04,115.24,117.0,97.34,98.79,146584546
NFLX,2015-08-28,88.75,119.35,85.5,117.63,191033613
NFLX,2015-08-21,123.14,126.749,102.751,103.96,90004727
NFLX,2015-08-14,126.09,126.5,118.66,123.39,62855077
NFLX,2015-08-07,114.6,129.29,111.78,123.52,108706801
NFLX,2015-07-31,107.79,115.0,103.88,114.31,59732476
NFLX,2015-07-24,114.7,114.7,108.9,109.34,63694722
NFLX,2015-07-17,686.69,716.16,97.05,114.77,127059598
NFLX,2015-07-10,654.31,689.5199,645.99,680.6,12105751
NFLX,2015-07-02,640.54,666.6699,637.82,658.31,9601285
NFLX,2015-06-26,665.3,706.24,651.62,651.62,25919434
NFLX,2015-06-19,650.0,674.9255,641.61,657.1,10540002
NFLX,2015-06-12,635.0,692.79,622.97,660.93,18171083
NFLX,2015-06-05,621.86,633.78,615.61,633.22,6484497
NFLX,2015-05-29,622.12,631.44,614.504,624.06,5812241
NFLX,2015-05-22,612.81,628.5,609.17,621.87,9557634
NFLX,2015-05-15,576.27,618.4388,575.3,613.25,13270964
NFLX,2015-05-08,557.0,577.1,552.3,574.6,10090960
NFLX,2015-05-01,562.05,572.5,552.26,557.03,7583612
NFLX,2015-04-24,572.5,576.13,552.69,558.395,11787715
NFLX,2015-04-17,470.68,575.0,469.4,571.55,39773545
NFLX,2015-04-10,411.38,454.97,409.25,454.57,11265482
NFLX,2015-04-02,418.01,423.95,410.92,414.08,7432134
NFLX,2015-03-27,426.23,441.69,410.01,414.77,11156565
NFLX,2015-03-20,430.83,432.5,415.1,428.295,12135835
NFLX,2015-03-13,454.93,455.65,433.88,438.4,11156718
NFLX,2015-03-06,474.0,480.25,453.91,454.12,8457834
NFLX,2015-02-27,478.1,486.499,470.0,474.91,6333764
NFLX,2015-02-20,465.61,481.0,461.61,478.2,5906805
NFLX,2015-02-13,442.39,466.41,438.46,466.1,8427456
NFLX,2015-02-06,439.9,458.27,433.69,444.36,9289804
NFLX,2015-01-30,438.0,457.38,433.7,441.8,14108285
NFLX,2015-01-23,340.0,439.2,334.0,437.455,23936829
NFLX,2015-01-16,329.63,337.75,316.85,337.34,11847661
NFLX,2015-01-09,344.81,344.81,319.63,329.29,9028897
NFLX,2015-01-02,335.79,352.32,333.57,348.94,5388915
NFLX,2014-12-26,339.8,346.3895,332.31,340.05,4367924
NFLX,2014-12-19,336.39,342.5,315.5405,340.12,11412456
NFLX,2014-12-12,349.17,349.88,328.86,334.48,9949133
NFLX,2014-12-05,345.0,357.95,337.6402,350.92,8837551
NFLX,2014-11-28,360.56,363.4583,344.0,346.59,8961761
NFLX,2014-11-21,385.38,389.4999,359.5,360.28,10710208
NFLX,2014-11-14,383.0,394.1,377.0442,386.04,8142615
NFLX,2014-11-07,393.23,395.52,376.3917,384.16,8848555
NFLX,2014-10-31,383.9,393.77,374.6,392.77,10048955
NFLX,2014-10-24,356.0,387.0,355.44,385.02,17099472
NFLX,2014-10-17,451.25,452.4701,331.0,357.09,38344151
NFLX,2014-10-10,462.0,467.99,451.3843,452.08,10838807
NFLX,2014-10-03,444.07,460.6,437.29,459.54,10166175
NFLX,2014-09-26,456.27,456.95,438.8801,448.75,8200413
NFLX,2014-09-19,477.54,477.54,445.6,457.52,11715100
NFLX,2014-09-12,474.4,489.2867,474.2,476.55,8257400
NFLX,2014-09-05,478.5,487.6,470.07,475.68,6991100
NFLX,2014-08-29,481.55,485.3,470.81,477.64,7348500
NFLX,2014-08-22,462.06,479.5495,461.25,479.19,8862800
NFLX,2014-08-15,449.22,462.0,443.41,459.09,8838300
NFLX,2014-08-08,427.2,450.97,420.31,445.85,11426300
NFLX,2014-08-01,422.21,435.2899,412.51,425.4,9896300
NFLX,2014-07-25,451.69,457.5,419.02,421.86,19906400
NFLX,2014-07-18,443.3,455.7,435.745,444.17,9915000
NFLX,2014-07-11,472.1,472.23,428.2,439.96,14871200
NFLX,2014-07-03,442.86,475.87,439.69,472.35,11036200
NFLX,2014-06-27,439.36,449.94,433.33,442.08,10945300
NFLX,2014-06-20,426.53,450.82,423.42,440.18,12974200
NFLX,2014-06-13,429.5,436.04,417.21,427.71,12132400
NFLX,2014-06-06,419.48,434.89,412.5,430.13,12815400
NFLX,2014-05-30,402.0,421.74,393.15,417.83,14100300
NFLX,2014-05-23,347.0,402.47,346.5525,402.35,21358000
NFLX,2014-05-16,330.86,354.4,330.52,349.88,14937400
NFLX,2014-05-09,338.07,347.72,314.36,328.55,15410200
NFLX,2014-05-02,318.05,345.69,299.5,340.65,22438700
NFLX,2014-04-25,349.3,380.88,322.0,322.08,30941500
NFLX,2014-04-17,332.89,349.73,312.1,345.74,13860600
NFLX,2014-04-11,340.51,357.48,323.61,326.71,19805900
NFLX,2014-04-04,361.51,371.05,335.88,337.31,17800000
NFLX,2014-03-28,405.49,406.45,355.75,358.87,21909200
NFLX,2014-03-21,428.19,432.2,405.74,405.99,11025800
NFLX,2014-03-14,448.47,448.776,423.0,424.49,9200200
NFLX,2014-03-07,441.19,458.0,438.1,448.37,8595400
NFLX,2014-02-28,435.47,457.79,428.5,445.63,12258600
NFLX,2014-02-21,436.96,441.244,427.97,432.23,8141100
NFLX,2014-02-14,429.43,439.4899,424.28,435.51,10548400
NFLX,2014-02-07,411.9,430.5,397.01,429.98,14392500
NFLX,2014-01-31,387.39,412.4,370.56,409.33,21012800
NFLX,2014-01-24,332.23,395.63,320.25,386.08,28615600
NFLX,2014-01-17,331.13,348.67,319.07,330.04,17851700
NFLX,2014-01-10,363.23,364.31,330.53,332.14,14987900
NFLX,2014-01-03,367.62,369.54,359.04,363.1,6962100
NFLX,2013-12-27,378.69,383.96,365.81,367.5,6774200
NFLX,2013-12-20,369.98,379.86,364.25,375.67,12129700
NFLX,2013-12-13,355.17,377.0,353.32,368.97,12149800
NFLX,2013-12-06,364.88,368.65,352.0,354.44,10048700
NFLX,2013-11-29,346.9,367.8,345.01,365.8,7698400
NFLX,2013-11-22,350.0,350.6,334.24,347.85,12425500
NFLX,2013-11-15,332.75,349.89,328.62,349.76,11610300
NFLX,2013-11-08,330.95,344.37,325.15,334.9,14199700
NFLX,2013-11-01,325.01,333.5,309.2,329.265,18192600
NFLX,2013-10-25,342.92,355.4158,317.0,328.031,51741200
NFLX,2013-10-18,310.61,336.48,306.0,333.5,19439800
NFLX,2013-10-11,324.04,326.97,282.8,300.848,19308200
NFLX,2013-10-04,307.72,334.5,305.2,327.26,16319000
NFLX,2013-09-27,320.39,320.39,299.52,312.4,12315700
NFLX,2013-09-20,310.0,315.8875,297.7,313.83,13462400
NFLX,2013-09-13,292.75,314.18,290.28,305.65,16777200
NFLX,2013-09-06,287.43,298.93,284.55,291.54,10920300
NFLX,2013-08-30,276.11,290.23,274.04,283.91,15388700
NFLX,2013-08-23,258.0,278.39,257.75,278.36,14163300
NFLX,2013-08-16,251.28,263.79,250.42,258.87,13589800
NFLX,2013-08-09,243.91,257.6,241.38,252.75,12403900
NFLX,2013-08-02,246.06,250.67,241.81,246.18,9320800
NFLX,2013-07-26,266.85,268.75,239.91,246.31,27859100
NFLX,2013-07-19,259.4,270.31,252.13,264.576,16012500
NFLX,2013-07-12,226.98,257.43,225.51,257.261,19680300
NFLX,2013-07-05,213.62,227.47,212.0,225.1,8690100
NFLX,2013-06-28,213.0,219.08,207.56,211.09,13651000
NFLX,2013-06-21,225.54,235.88,214.2,216.9,17170800
NFLX,2013-06-14,223.03,223.33,205.75,213.99,11163100
NFLX,2013-06-07,227.05,228.0,214.0,220.22,16963200
NFLX,2013-05-31,231.75,235.96,209.91,226.25,17590200
NFLX,2013-05-24,238.44,241.65,221.55,228.74,10861800
NFLX,2013-05-17,217.17,248.85,217.14,239.0,23445300
NFLX,2013-05-10,209.63,219.75,204.02,217.694,17341000
NFLX,2013-05-03,216.61,219.75,210.19,213.45,13996900
NFLX,2013-04-26,165.72,224.3,165.72,215.55,42527700
NFLX,2013-04-19,175.56,182.3498,161.8,163.37,21010100
NFLX,2013-04-12,165.83,177.64,159.0,173.2,23764900
NFLX,2013-04-05,190.95,191.5,162.53,164.66,28222700
NFLX,2013-03-28,182.43,197.06,179.77,189.28,17415100
NFLX,2013-03-22,181.38,187.4,179.25,181.3,11724600
NFLX,2013-03-15,184.0,195.19,179.01,184.85,20740600
NFLX,2013-03-08,188.68,190.08,176.16,184.7,21399300
NFLX,2013-03-01,180.99,192.131,175.45,189.37,23488400
NFLX,2013-02-22,191.0,197.62,178.4301,179.86,20714300
NFLX,2013-02-15,178.98,190.0,174.8,189.512,23326500
NFLX,2013-02-08,162.78,188.8795,162.78,180.97,36280100
NFLX,2013-02-01,172.51,177.25,156.63,164.8,43238400
NFLX,2013-01-25,99.65,172.68,96.59,169.56,58179900
NFLX,2013-01-18,100.99,104.5,95.75,99.17,17253800
NFLX,2013-01-11,96.33,101.92,94.55,101.29,20922500
NFLX,2013-01-04,89.38,97.92,89.01,95.98,11883400
NFLX,2012-12-28,91.56,92.896,88.54,89.33,6911600
NFLX,2012-12-21,92.97,97.8,91.11,91.34,18103700
NFLX,2012-12-14,86.0,94.69,84.4,93.3,20264700
NFLX,2012-12-07,81.85,89.78,74.5,85.98,37599600
NFLX,2012-11-30,82.6,83.57,79.33,81.71,9994800
NFLX,2012-11-23,82.01,84.56,80.15,82.95,8270600
NFLX,2012-11-16,79.0,83.096,77.34,80.9,17425200
NFLX,2012-11-09,74.575,80.33,74.5,77.9,22267600
NFLX,2012-11-02,66.41,84.95,65.55,76.9,28518400
NFLX,2012-10-26,64.36,70.24,57.4,69.58,49388100
NFLX,2012-10-19,65.15,69.84,63.4,64.98,18027200
NFLX,2012-10-12,71.395,74.23,63.76,64.3335,36556000
NFLX,2012-10-05,54.6,68.2,54.34,66.56,39886700
NFLX,2012-09-28,56.86,57.84,53.05,54.44,19918400
NFLX,2012-09-21,58.98,59.72,55.7,57.79,24174000
NFLX,2012-09-14,56.34,61.419,55.1,60.52,19655400
NFLX,2012-09-07,58.0,58.0,53.13,56.66,27556700
NFLX,2012-08-31,63.32,63.97,59.09,59.72,13972300
NFLX,2012-08-24,63.64,66.65,61.85,63.16,18112500
NFLX,2012-08-17,61.22,65.52,58.5,63.69,21760700
NFLX,2012-08-10,54.54,60.56,54.11,59.9,18431000
NFLX,2012-08-03,58.93,59.96,52.81,53.91,20332400
NFLX,2012-07-27,80.73,82.47,56.14,58.92,55271700
NFLX,2012-07-20,85.11,85.55,80.67,81.82,17692400
NFLX,2012-07-13,82.98,86.65,79.53,84.9,28861300
NFLX,2012-07-06,68.77,85.4,67.25,81.89,32573400
NFLX,2012-06-29,67.81,69.53,65.6,68.485,13831800
NFLX,2012-06-22,65.06,70.48,64.79,67.86,16158300
NFLX,2012-06-15,66.39,66.59,61.02,65.79,17260500
NFLX,2012-06-08,63.25,68.37,62.37,65.64,19011300
NFLX,2012-06-01,71.06,71.15,60.7,62.95,22038500
NFLX,2012-05-25,69.85,73.51,67.1701,70.22,23338800
NFLX,2012-05-18,77.13,79.298,65.36,69.96,22723200
NFLX,2012-05-11,72.5,78.3905,70.5801,77.38,24383700
NFLX,2012-05-04,82.62,82.98,72.11,73.145,32818400
NFLX,2012-04-27,104.89,105.0,81.56,83.74,53868100
NFLX,2012-04-20,104.6101,109.709,100.4,106.11,17816400
NFLX,2012-04-13,108.76,109.6778,98.52,104.17,24514800
NFLX,2012-04-05,114.8,114.8,109.32,110.5,16597100
NFLX,2012-03-30,121.59,123.47,113.0,115.04,20226900
NFLX,2012-03-23,109.51,123.48,108.81,120.19,28059000
NFLX,2012-03-16,107.75,111.71,102.9,109.96,25655200
NFLX,2012-03-09,114.7,116.52,102.53,109.13,31363400
NFLX,2012-03-02,108.05,117.84,106.64,115.1,28910400
NFLX,2012-02-24,123.8491,126.15,108.54,111.67,34362000
NFLX,2012-02-17,124.97,125.32,118.13,121.85,29799200
NFLX,2012-02-10,123.22,133.43,121.85,123.93,41211500
NFLX,2012-02-03,124.76,129.48,117.75,126.43,47188700
NFLX,2012-01-27,98.71,123.99,91.4801,123.79,63163200
NFLX,2012-01-20,96.0,104.77,92.25,100.24,36796300
NFLX,2012-01-13,89.61,99.84,87.14,94.38,85377000
NFLX,2012-01-06,70.28,87.3,70.13,86.29,48838200
NFLX,2011-12-30,72.3,72.49,67.61,69.29,13358600
NFLX,2011-12-23,69.79,74.58,66.93,72.62,18412100
NFLX,2011-12-16,69.74,77.59,68.92,69.82,37430500
NFLX,2011-12-09,66.95,72.95,65.3,70.89,37930600
NFLX,2011-12-02,67.2,70.76,62.37,66.37,43861500
NFLX,2011-11-25,77.0,79.98,62.9,63.858,33396600
NFLX,2011-11-18,87.99,88.1,75.79,78.06,23613800
NFLX,2011-11-11,91.0,93.84,83.7,87.75,26557400
NFLX,2011-11-04,83.64,92.89,78.74,90.02,41889000
NFLX,2011-10-28,119.1,120.28,74.25,84.14,101956500
NFLX,2011-10-21,115.91,119.25,105.59,117.04,30188800
NFLX,2011-10-14,127.56,128.5,103.13,116.04,69063500
NFLX,2011-10-07,115.14,124.25,110.0,117.21,34709700
NFLX,2011-09-30,136.22,137.88,107.63,113.27,61082400
NFLX,2011-09-23,156.69,162.99,125.02,129.36,101739800
NFLX,2011-09-16,201.13,211.25,154.14,155.19,49403900
NFLX,2011-09-09,209.1,221.98,203.19,203.97,16756600
NFLX,2011-09-02,226.97,241.88,207.62,213.11,22187100
NFLX,2011-08-26,212.37,223.71,203.3515,221.89,20791300
NFLX,2011-08-19,245.67,246.776,205.0,205.21,19327100
NFLX,2011-08-12,229.95,247.85,221.5,244.0,19417400
NFLX,2011-08-05,268.54,269.5,236.43,241.11,20747700
NFLX,2011-07-29,280.57,285.5,251.46,265.99,34232400
NFLX,2011-07-22,282.46,289.31,270.55,276.58,16330900
NFLX,2011-07-15,294.83,304.79,281.62,286.93,27406100
NFLX,2011-07-08,276.0,297.35,275.71,295.14,20428600
NFLX,2011-07-01,254.9,268.74,251.639,267.99,14828300
NFLX,2011-06-24,241.86,260.85,240.12,256.96,19135500
NFLX,2011-06-17,259.78,263.0,244.2604,245.67,19248800
NFLX,2011-06-10,269.6724,277.7,257.82,258.622,23181100
NFLX,2011-06-03,267.25,276.24,264.12,273.702,20045600
NFLX,2011-05-27,243.02,265.88,240.0,264.51,26252600
NFLX,2011-05-20,246.0,246.89,231.11,245.9,21287600
NFLX,2011-05-13,231.805,249.62,231.36,246.52,23006700
NFLX,2011-05-06,238.22,239.87,225.3,229.47,21528700
NFLX,2011-04-29,254.71,254.98,225.15,232.67,41496100
NFLX,2011-04-21,232.01,252.32,228.02,252.22,17761700
NFLX,2011-04-15,232.78,240.45,224.41,235.49,22874100
NFLX,2011-04-08,244.83,248.88,231.03,234.86,24470000
NFLX,2011-04-01,233.5,244.4404,233.341,242.09,23970700
NFLX,2011-03-25,211.85,233.1199,207.55,230.01,30215200
NFLX,2011-03-18,203.23,223.37,198.82,209.4,33324300
NFLX,2011-03-11,214.73,214.89,188.89,204.541,37319600
NFLX,2011-03-04,213.85,214.31,200.35,210.72,27547700
NFLX,2011-02-25,225.37,229.409,205.39,212.44,26486400
NFLX,2011-02-18,235.68,247.55,231.39,235.51,34816500
NFLX,2011-02-11,222.79,231.6,216.14,231.07,19972900
NFLX,2011-02-04,213.1,221.0,208.25,220.07,24084500
NFLX,2011-01-28,179.99,218.0,176.07,217.98,42875000
NFLX,2011-01-21,191.47,194.84,181.3,182.09,14780100
NFLX,2011-01-14,179.7,193.25,179.18,191.48,20967800
NFLX,2011-01-07,175.0,184.9,173.5,179.3,24281100
NFLX,2010-12-31,180.15,184.5,175.53,175.7,15587100
NFLX,2010-12-23,180.8,189.76,176.537,184.58,17681700
NFLX,2010-12-17,192.55,192.61,175.56,180.02,42225300
NFLX,2010-12-10,186.91,199.4,181.39,194.63,37896200
NFLX,2010-12-03,194.01,209.24,184.6,185.45,47171100
NFLX,2010-11-26,181.07,192.48,181.0,191.9,24144000
NFLX,2010-11-19,171.93,173.54,163.57,173.04,16932000
NFLX,2010-11-12,166.83,178.69,165.264,173.0,23739800
NFLX,2010-11-05,173.95,174.04,165.7,168.1,23335200
NFLX,2010-10-29,169.23,184.74,165.06,173.57,33192000
NFLX,2010-10-22,156.41,174.94,147.35,168.1,38564900
NFLX,2010-10-15,150.74,159.5,150.2301,155.72,17576700
NFLX,2010-10-08,153.02,160.01,148.05,149.64,27013200
NFLX,2010-10-01,160.5,174.4,153.81,154.66,37914200
NFLX,2010-09-24,142.0,167.12,140.02,162.21,39890900
NFLX,2010-09-17,149.4078,149.95,140.02,140.46,17094300
NFLX,2010-09-10,137.91,149.7386,137.6,146.16,16830700
NFLX,2010-09-03,125.25,142.5,121.81,138.48,24675900
NFLX,2010-08-27,130.5,132.48,119.65,126.1,19005300
NFLX,2010-08-20,131.64,140.9,123.5922,129.96,33244300
NFLX,2010-08-13,118.0,134.37,113.2,132.26,43277400
NFLX,2010-08-06,104.02,118.75,98.73,118.32,21666800
NFLX,2010-07-30,108.51,108.99,95.33,102.55,22340500
NFLX,2010-07-23,117.77,123.6,101.75,107.7,27577700
NFLX,2010-07-16,117.95,124.0,117.1001,118.39,10629200
NFLX,2010-07-09,109.4,122.75,106.29,117.534,11895200
NFLX,2010-07-02,118.67,119.88,103.27,107.08,13152200
NFLX,2010-06-25,126.04,126.7,112.5,117.98,14330100
NFLX,2010-06-18,123.4,127.96,120.02,126.42,19027200
NFLX,2010-06-11,109.8,121.55,107.25,120.69,20504500
NFLX,2010-06-04,109.26,114.7,104.79,109.78,10627800
NFLX,2010-05-28,101.38,113.94,97.0,111.15,17573200
NFLX,2010-05-21,101.47,107.73,90.8101,99.47,20133500
NFLX,2010-05-14,96.23,119.5,95.01,100.56,25061000
NFLX,2010-05-07,99.96,103.81,90.0,91.09,13495000
NFLX,2010-04-30,100.49,109.7,97.8,98.9,19340900
NFLX,2010-04-23,85.25,102.49,82.77,99.73,24351000
NFLX,2010-04-16,82.3,89.1,81.55,85.31,9697500
NFLX,2010-04-09,75.58,83.97,75.57,82.42,13539500
NFLX,2010-04-01,74.9,75.7,73.62,75.0,4650900
NFLX,2010-03-26,70.35,75.0,70.05,74.3,4196100
NFLX,2010-03-19,69.98,71.7399,69.16,70.45,4771400
NFLX,2010-03-12,67.99,71.59,67.82,69.98,6545100
NFLX,2010-03-05,66.02,70.0,65.62,67.65,9007600
NFLX,2010-02-26,67.04,67.3,63.1,66.05,11384500
NFLX,2010-02-19,63.62,67.0701,63.43,66.65,5096500
NFLX,2010-02-12,60.94,63.49,60.0,63.18,5654000
NFLX,2010-02-05,61.81,62.88,59.28,60.84,8577600
NFLX,2010-01-29,51.05,64.57,48.52,62.25,21491300
NFLX,2010-01-22,50.75,52.45,50.5,50.89,4714000
NFLX,2010-01-15,53.62,54.28,50.63,50.95,8321800
NFLX,2010-01-08,55.52,55.73,50.38,53.3,11774200
NFLX,2009-12-31,56.72,58.0,55.05,55.09,2967700
NFLX,2009-12-24,53.23,57.69,53.05,56.89,4581700
NFLX,2009-12-18,56.39,57.5,53.0,53.27,6848700
NFLX,2009-12-11,56.98,57.15,54.76,55.7,4758400
NFLX,2009-12-04,57.95,59.8,55.1,56.23,7446900
NFLX,2009-11-27,60.5,60.979,54.71,57.85,4088900
NFLX,2009-11-20,59.56,61.65,58.32,59.97,5166300
NFLX,2009-11-13,55.64,59.89,55.5,59.33,6122800
NFLX,2009-11-06,53.18,56.83,52.6,55.86,7108900
NFLX,2009-10-30,55.76,56.75,53.0,53.45,7272900
NFLX,2009-10-23,49.85,57.5,47.56,54.89,11397000
NFLX,2009-10-16,46.98,50.93,45.94,48.99,6621400
NFLX,2009-10-09,45.0,46.92,44.7639,46.91,4259600
NFLX,2009-10-02,46.14,47.21,44.3,44.72,5674300
NFLX,2009-09-25,46.67,48.2,46.0,46.26,3954900
NFLX,2009-09-18,42.55,47.46,41.88,47.4,6779300
NFLX,2009-09-11,41.3,44.75,40.8,42.66,6036700
NFLX,2009-09-04,44.14,44.63,39.27,40.95,7309700
NFLX,2009-08-28,45.32,45.85,42.87,44.22,5377400
NFLX,2009-08-21,43.79,45.75,42.51,45.1,5099100
NFLX,2009-08-14,44.88,46.67,44.18,44.49,4683700
NFLX,2009-08-07,44.35,45.2,43.4,45.0,5754200
NFLX,2009-07-31,42.11,44.44,40.75,43.94,7661400
NFLX,2009-07-24,44.51,47.69,41.89,42.2,12060500
NFLX,2009-07-17,40.0,44.63,39.86,44.14,10001600
NFLX,2009-07-10,39.49,40.37,37.93,40.07,5726400
NFLX,2009-07-02,40.58,42.47,39.71,39.92,5094900
NFLX,2009-06-26,41.35,42.68,39.02,40.37,12319200
NFLX,2009-06-19,37.46,42.81,37.05,41.59,10838900
NFLX,2009-06-12,38.85,39.63,37.05,37.84,6634900
NFLX,2009-06-05,39.99,41.9,38.65,39.19,6628100
NFLX,2009-05-29,38.6,40.41,37.68,39.42,5601300
NFLX,2009-05-22,38.99,41.8,38.01,38.8,7992400
NFLX,2009-05-15,39.54,40.64,36.25,38.5,11049900
NFLX,2009-05-08,44.52,45.825,37.79,40.22,11626100
NFLX,2009-05-01,43.94,47.63,43.62,44.48,11908400
NFLX,2009-04-24,48.78,49.71,42.08,42.73,14651100
NFLX,2009-04-17,46.95,50.24,45.62,48.83,10476400
NFLX,2009-04-09,42.99,46.99,42.7,46.95,5873000
NFLX,2009-04-03,39.51,43.98,39.05,43.07,8685300
NFLX,2009-03-27,41.65,44.42,39.41,39.68,10146700
NFLX,2009-03-20,39.68,42.45,38.11,41.65,9359400
NFLX,2009-03-13,38.21,40.0,36.5,39.37,8976700
NFLX,2009-03-06,35.4,39.12,34.01,38.18,14597200
NFLX,2009-02-27,36.86,37.15,34.9,36.24,9188300
NFLX,2009-02-20,38.01,38.44,36.3,36.8,7816400
NFLX,2009-02-13,36.84,38.83,34.81,38.54,11599700
NFLX,2009-02-06,35.56,37.95,35.56,37.0,11793400
NFLX,2009-01-30,30.4,37.9,29.11,36.14,19604000
NFLX,2009-01-23,31.0,31.41,29.32,30.44,4325400
NFLX,2009-01-16,32.21,32.52,28.78,31.26,5351000
NFLX,2009-01-09,30.29,33.5792,30.12,32.26,7015100
NFLX,2009-01-02,28.74,30.5,27.5,29.87,3541300
NFLX,2008-12-26,28.27,28.48,26.82,28.46,2701500
NFLX,2008-12-19,27.5,29.75,27.32,27.69,5925800
NFLX,2008-12-12,25.0,29.1,24.56,28.51,7811400
NFLX,2008-12-05,22.2,25.42,21.79,25.27,5134700
NFLX,2008-11-28,20.11,23.15,19.92,22.98,4546400
NFLX,2008-11-21,22.09,22.1,18.23,19.99,6343300
NFLX,2008-11-14,22.2,24.49,20.54,22.03,4918300
NFLX,2008-11-07,24.52,24.81,21.26,21.86,4707300
NFLX,2008-10-31,18.99,25.47,17.9,24.76,7796400
NFLX,2008-10-24,24.04,24.69,18.86,18.95,8580800
NFLX,2008-10-17,25.26,26.34,21.69,23.3,5644400
NFLX,2008-10-10,25.71,26.87,21.5,24.29,10936600
NFLX,2008-10-03,32.32,32.91,28.31,28.97,5068200
NFLX,2008-09-26,31.4,33.1,30.55,32.87,4122000
NFLX,2008-09-19,29.18,33.97,27.47,31.94,8859900
NFLX,2008-09-12,30.17,30.81,27.58,29.45,6425800
NFLX,2008-09-05,31.17,32.0,28.53,29.66,5495200
NFLX,2008-08-29,30.44,31.48,29.835,30.84,5039200
NFLX,2008-08-22,31.33,31.47,29.9,30.65,4223800
NFLX,2008-08-15,30.84,32.57,30.27,31.26,7931900
NFLX,2008-08-08,29.66,31.62,29.5,31.05,6741700
NFLX,2008-08-01,28.0,31.367,27.81,29.22,10556700
NFLX,2008-07-25,27.03,28.81,26.67,27.85,10917700
NFLX,2008-07-18,27.52,28.3199,26.9,27.1,8343300
NFLX,2008-07-11,27.5,29.05,26.39,27.21,7014000
NFLX,2008-07-03,26.51,27.79,26.04,27.28,7111500
NFLX,2008-06-27,31.5,31.51,26.31,26.74,7095000
NFLX,2008-06-20,32.0,32.26,29.77,31.4,4255800
NFLX,2008-06-13,31.97,32.27,30.2,32.22,3656200
NFLX,2008-06-06,30.34,34.0,30.34,31.82,5919400
NFLX,2008-05-30,31.34,32.4,29.81,30.36,6196000
NFLX,2008-05-23,31.54,34.35,30.12,31.21,10344900
NFLX,2008-05-16,30.7,31.92,29.56,31.66,7818700
NFLX,2008-05-09,31.25,31.68,29.73,30.72,4988300
NFLX,2008-05-02,33.18,33.55,30.34,31.1,7651700
NFLX,2008-04-25,38.56,40.63,29.45,33.96,19930300
NFLX,2008-04-18,36.0,40.9,35.45,38.56,9530800
NFLX,2008-04-11,36.62,37.09,35.11,35.51,4744500
NFLX,2008-04-04,36.17,38.14,33.88,36.21,8024000
NFLX,2008-03-28,37.34,39.65,35.14,35.59,8832200
NFLX,2008-03-20,32.81,38.0,32.33,36.24,8333900
NFLX,2008-03-14,32.0,34.5,31.5,33.26,9457100
NFLX,2008-03-07,31.75,32.61,30.15,31.26,7673900
NFLX,2008-02-29,27.71,34.31,27.7,31.58,16662100
NFLX,2008-02-22,26.33,27.99,25.78,27.8,5072400
NFLX,2008-02-15,26.96,27.35,26.06,26.6,5304300
NFLX,2008-02-08,25.39,27.0,24.81,26.88,9079200
NFLX,2008-02-01,22.14,25.6,21.56,25.39,9126700
NFLX,2008-01-25,21.23,23.8,20.35,21.77,14612900
NFLX,2008-01-18,23.86,24.45,20.71,21.85,13765400
NFLX,2008-01-11,24.71,25.0,21.68,23.41,9249300
NFLX,2008-01-04,26.95,28.3,24.35,24.61,8783700
NFLX,2007-12-28,28.1,29.02,26.29,26.93,4189800
NFLX,2007-12-21,23.31,29.14,22.97,28.1,8992700
NFLX,2007-12-14,23.59,23.94,22.51,23.52,4464600
NFLX,2007-12-07,24.0,24.8,23.05,23.57,5408700
NFLX,2007-11-30,21.75,23.94,21.43,23.1,5429100
NFLX,2007-11-23,23.57,24.0,21.26,21.75,4940800
NFLX,2007-11-16,25.15,25.6,22.75,23.8,5907200
NFLX,2007-11-09,26.05,27.51,24.63,25.25,6782400
NFLX,2007-11-02,25.74,26.68,25.5,26.26,7135300
NFLX,2007-10-26,22.75,26.2,22.1,25.22,13347700
NFLX,2007-10-19,23.9,24.5,22.6,23.24,5886800
NFLX,2007-10-12,21.77,24.02,21.6,23.0,5220200
NFLX,2007-10-05,20.7,22.22,20.59,22.0,4158700
NFLX,2007-09-28,19.2,22.1,19.1,20.7499,8694400
NFLX,2007-09-21,18.35,19.75,18.19,19.19,6937600
NFLX,2007-09-14,18.01,18.02,17.0706,17.72,3395500
NFLX,2007-09-07,17.98,18.72,17.51,18.04,4222900
NFLX,2007-08-31,17.74,17.85,16.92,17.52,3100600
NFLX,2007-08-24,17.49,17.82,16.79,17.8,3259800
NFLX,2007-08-17,18.0,18.1,16.68,17.24,5501100
NFLX,2007-08-10,17.22,18.47,16.5,17.89,9078400
NFLX,2007-08-03,17.11,17.75,16.54,16.57,7917800
NFLX,2007-07-27,18.04,18.09,15.62,17.1,28447100
NFLX,2007-07-20,20.24,20.31,19.6,19.63,4426400
NFLX,2007-07-13,20.5,20.84,19.89,20.14,4683700
NFLX,2007-07-06,19.5,20.48,19.37,20.39,3658200
NFLX,2007-06-29,19.75,21.26,19.36,19.39,8641400
NFLX,2007-06-22,20.42,20.4499,19.5099,19.68,6277700
NFLX,2007-06-15,22.25,22.65,19.05,19.71,17010800
NFLX,2007-06-08,21.39,25.99,21.21,23.43,16855700
NFLX,2007-06-01,22.06,22.28,21.34,21.57,4850200
NFLX,2007-05-25,21.91,23.45,21.86,22.52,5477700
NFLX,2007-05-18,22.01,22.1,21.22,21.94,3400800
NFLX,2007-05-11,22.16,22.42,21.64,22.06,3692100
NFLX,2007-05-04,22.2,22.94,21.82,22.16,8257500
NFLX,2007-04-27,22.03,22.28,21.36,22.21,6647500
NFLX,2007-04-20,24.7,24.8,20.88,22.1,16093700
NFLX,2007-04-13,24.23,24.99,24.16,24.6,4040900
NFLX,2007-04-05,23.3,24.63,23.19,24.2,5099700
NFLX,2007-03-30,23.75,23.85,22.88,23.19,4874700
NFLX,2007-03-23,21.11,23.78,21.08,23.73,7653400
NFLX,2007-03-16,21.0,21.35,20.3,21.02,5344500
NFLX,2007-03-09,22.01,22.16,20.87,21.06,7548600
NFLX,2007-03-02,23.71,23.82,21.5,22.29,6874600
NFLX,2007-02-23,22.95,23.88,22.93,23.53,13464400
NFLX,2007-02-16,23.03,23.47,22.2,22.87,9565100
NFLX,2007-02-09,23.0,23.83,22.16,23.11,8572700
NFLX,2007-02-02,22.26,23.13,22.06,22.84,8365700
NFLX,2007-01-26,22.85,24.25,21.3,23.15,23044900
NFLX,2007-01-19,24.25,24.4,22.1699,22.56,9827000
NFLX,2007-01-12,24.82,24.89,22.69,22.71,10243700
NFLX,2007-01-05,26.0,26.8,24.45,24.81,6798700
NFLX,2006-12-29,26.14,27.22,25.85,25.86,3373800
NFLX,2006-12-22,27.6,27.73,26.14,26.2,4036500
NFLX,2006-12-15,28.26,28.67,26.79,27.6,4032900
NFLX,2006-12-08,29.4,29.45,27.2824,27.65,3768600
NFLX,2006-12-01,29.21,30.0,28.52,29.46,4207900
NFLX,2006-11-24,28.92,29.72,28.8,29.36,1550100
NFLX,2006-11-17,29.54,29.988,28.84,28.92,3884200
NFLX,2006-11-10,26.8,29.52,26.75,29.38,7614000
NFLX,2006-11-03,27.67,28.4,26.2,26.7,6759300
NFLX,2006-10-27,22.265,28.1,22.05,27.59,22613900
NFLX,2006-10-20,23.34,23.38,21.95,22.24,5717900
NFLX,2006-10-13,24.19,24.19,23.06,23.2,3630400
NFLX,2006-10-06,22.79,24.21,22.3,24.11,3828700
NFLX,2006-09-29,23.28,23.6,22.64,22.78,3915100
NFLX,2006-09-22,22.85,23.54,21.7,23.01,5565100
NFLX,2006-09-15,20.01,22.92,20.01,22.72,6569000
NFLX,2006-09-08,20.12,21.69,19.9,20.24,5712800
NFLX,2006-09-01,18.87,20.27,18.86,20.02,5293500
NFLX,2006-08-25,19.89,19.92,18.12,18.72,7117200
NFLX,2006-08-18,19.9,20.66,19.57,19.85,5361900
NFLX,2006-08-11,21.0,21.05,19.77,19.88,4791200
NFLX,2006-08-04,20.9,21.75,20.1,20.96,9083000
NFLX,2006-07-28,23.07,23.85,18.59,20.85,26838900
NFLX,2006-07-21,24.0,24.58,22.8,23.05,6981600
NFLX,2006-07-14,26.76,26.79,23.89,24.19,6683200
NFLX,2006-07-07,27.36,27.56,26.0,26.65,2265300
NFLX,2006-06-30,27.47,28.05,26.27,27.21,3914300
NFLX,2006-06-23,27.34,28.49,26.54,27.34,6982200
NFLX,2006-06-16,27.22,28.44,26.67,27.12,5976800
NFLX,2006-06-09,27.77,28.27,25.8,27.49,7140700
NFLX,2006-06-02,28.68,28.99,27.48,27.95,3120200
NFLX,2006-05-26,27.74,29.1,26.82,28.83,4251500
NFLX,2006-05-19,29.35,29.67,27.642,27.87,4239400
NFLX,2006-05-12,30.29,32.18,29.02,29.59,6264400
NFLX,2006-05-05,29.88,30.43,29.51,30.3,5147800
NFLX,2006-04-28,30.78,33.12,29.6,29.64,13578000
NFLX,2006-04-21,29.0,31.75,28.75,30.8,7305200
NFLX,2006-04-13,27.9,29.26,27.76,29.19,3621800
NFLX,2006-04-07,28.99,29.12,26.87,27.94,6571300
NFLX,2006-03-31,28.39,29.4,27.55,28.99,4588500
NFLX,2006-03-24,26.35,28.7,26.3,28.67,4628300
NFLX,2006-03-17,25.22,26.44,24.88,26.17,3868400
NFLX,2006-03-10,26.88,26.88,24.65,25.55,4648000
NFLX,2006-03-03,26.24,27.12,25.55,26.76,3880100
NFLX,2006-02-24,25.2,26.55,25.07,25.98,4150100
NFLX,2006-02-17,25.46,25.47,23.99,24.98,5423500
NFLX,2006-02-10,26.05,26.46,24.39,25.43,7030600
NFLX,2006-02-03,28.03,28.1,25.35,26.11,9639700
NFLX,2006-01-27,23.6,29.92,23.09,27.82,22507700
NFLX,2006-01-20,25.31,25.9,23.47,23.47,5025200
NFLX,2006-01-13,25.005,25.88,24.5,25.56,6022400
NFLX,2006-01-06,27.055,27.12,24.62,25.03,6896100
NFLX,2005-12-30,27.79,27.8,26.63,27.06,2554000
NFLX,2005-12-23,26.37,27.77,24.97,27.73,7010700
NFLX,2005-12-16,25.75,27.04,22.54,26.3,14823800
NFLX,2005-12-09,27.5,28.07,25.58,25.74,4011600
NFLX,2005-12-02,28.5,28.6,26.71,27.69,4752500
NFLX,2005-11-25,28.28,29.56,27.8,29.25,2676100
NFLX,2005-11-18,30.1,30.1,27.23,28.42,5530900
NFLX,2005-11-11,27.69,30.25,27.47,30.07,8872000
NFLX,2005-11-04,25.75,28.16,25.43,27.59,9436300
NFLX,2005-10-28,26.48,27.62,23.81,26.28,10857900
NFLX,2005-10-21,28.8,29.49,25.58,26.15,9277400
NFLX,2005-10-14,27.4,29.25,26.84,28.76,7464100
NFLX,2005-10-07,25.98,27.94,25.36,27.25,7837700
NFLX,2005-09-30,24.12,26.65,23.45,25.99,8205900
NFLX,2005-09-23,24.35,24.42,22.5,24.17,4403300
NFLX,2005-09-16,25.18,25.48,23.15,24.2,5860800
NFLX,2005-09-09,21.54,25.05,21.45,24.97,7350000
NFLX,2005-09-02,21.05,21.98,21.0,21.54,3488900
NFLX,2005-08-26,21.49,21.79,20.64,21.19,2721400
NFLX,2005-08-19,21.87,22.74,20.9,21.38,5302700
NFLX,2005-08-12,21.11,22.55,20.45,22.1,11388100
NFLX,2005-08-05,18.56,21.37,18.25,20.97,12193400
NFLX,2005-07-29,16.4,20.8,16.4,18.56,21580200
NFLX,2005-07-22,16.07,17.01,16.06,16.4,3022600
NFLX,2005-07-15,16.81,17.5,16.0,16.4,3665700
NFLX,2005-07-08,16.36,17.26,16.07,16.71,2893800
NFLX,2005-07-01,15.85,16.68,15.65,16.55,4408200
NFLX,2005-06-24,17.0,17.33,14.75,15.77,5213100
NFLX,2005-06-17,16.7,17.84,16.2,17.22,6545000
NFLX,2005-06-10,14.55,17.09,14.4,16.91,6504400
NFLX,2005-06-03,14.54,15.14,13.97,14.67,3614300
NFLX,2005-05-27,15.79,16.03,14.15,14.55,8166800
NFLX,2005-05-20,14.48,19.27,13.65,15.93,32119300
NFLX,2005-05-13,11.5,14.6,11.45,14.28,14397100
NFLX,2005-05-06,11.53,12.0,11.32,11.57,3073200
NFLX,2005-04-29,11.3,11.74,11.1,11.55,3528600
NFLX,2005-04-22,11.79,12.22,10.88,11.2,7256700
NFLX,2005-04-15,12.04,13.0,11.5,11.69,6002500
NFLX,2005-04-08,10.96,12.17,10.51,12.01,7381100
NFLX,2005-04-01,9.65,11.0,9.5,10.83,7450600
NFLX,2005-03-24,9.25,9.5,8.91,9.03,3304300
NFLX,2005-03-18,9.42,9.75,9.1,9.2,5075000
NFLX,2005-03-11,10.69,10.82,9.37,9.43,5191700
NFLX,2005-03-04,11.08,11.1,10.5,10.7,5471900
NFLX,2005-02-25,10.6,11.08,10.01,10.99,6533200
NFLX,2005-02-18,11.14,11.5,10.43,10.67,5195500
NFLX,2005-02-11,11.93,12.09,11.08,11.15,4872400
NFLX,2005-02-04,11.34,12.2,11.2,12.02,5938100
NFLX,2005-01-28,11.01,13.12,10.77,11.44,17611800
NFLX,2005-01-21,11.44,11.47,10.92,11.04,4961000
NFLX,2005-01-14,11.1,11.74,10.53,11.33,7758700
NFLX,2005-01-07,12.48,12.6,11.0,11.12,8169000
NFLX,2004-12-31,11.85,13.0,11.47,12.33,8406800
NFLX,2004-12-23,13.289,13.49,11.12,11.53,12899200
NFLX,2004-12-17,12.02,13.82,11.96,12.98,15866500
NFLX,2004-12-10,11.3,12.15,11.15,11.74,10820400
NFLX,2004-12-03,11.4,11.72,11.05,11.3,7892800
NFLX,2004-11-26,11.1,11.49,10.68,11.35,5474200
NFLX,2004-11-19,11.08,12.28,10.33,11.25,21818000
NFLX,2004-11-12,11.21,11.23,10.33,10.86,8547100
NFLX,2004-11-05,9.475,11.4,9.35,10.92,19274700
NFLX,2004-10-29,9.89,10.15,9.25,9.47,12834200
NFLX,2004-10-22,10.6,10.66,9.67,9.8,28996000
NFLX,2004-10-15,16.83,17.97,9.96,10.3,55929600
NFLX,2004-10-08,17.19,19.6,16.75,16.76,32220100
NFLX,2004-10-01,16.49,17.61,14.93,16.33,13663200
NFLX,2004-09-24,17.3,18.1,16.5,16.65,7707000
NFLX,2004-09-17,15.1,17.75,15.07,16.99,10809100
NFLX,2004-09-10,16.76,17.18,14.77,14.94,17776500
NFLX,2004-09-03,15.1,15.1,13.85,14.36,8646300
NFLX,2004-08-27,16.17,16.25,14.78,15.15,4280300
NFLX,2004-08-20,14.88,16.65,14.71,15.84,6122900
NFLX,2004-08-13,16.63,17.59,14.66,14.98,12617000
NFLX,2004-08-06,19.84,20.4,15.26,16.91,15886800
NFLX,2004-07-30,20.17,20.7,18.5,20.5,8167500
NFLX,2004-07-23,21.899,22.19,19.61,20.27,24481400
NFLX,2004-07-16,33.33,33.44,22.86,23.02,34649500
NFLX,2004-07-09,31.58,34.87,31.42,33.43,7254600
NFLX,2004-07-02,32.04,36.57,31.9,32.31,18812900
NFLX,2004-06-25,29.55,35.09,28.35,31.99,10095100
NFLX,2004-06-18,30.49,31.23,28.56,29.55,6919000
NFLX,2004-06-10,31.72,32.45,30.58,31.19,4399300
NFLX,2004-06-04,32.29,33.0,30.96,31.4,4841900
NFLX,2004-05-28,31.26,33.27,31.1,32.92,6607700
NFLX,2004-05-21,29.74,32.7,29.37,31.26,8319500
NFLX,2004-05-14,26.45,31.24,26.08,30.74,12689300
NFLX,2004-05-07,25.3,28.95,25.29,27.34,13156600
NFLX,2004-04-30,29.52,29.99,25.17,25.36,11277100
NFLX,2004-04-23,29.801,31.19,27.02,29.61,17363200
NFLX,2004-04-16,37.95,38.62,29.22,30.75,25066000
NFLX,2004-04-08,35.06,38.14,34.81,37.65,7590200
NFLX,2004-04-02,30.73,36.71,30.13,35.18,20446500
NFLX,2004-03-26,30.05,30.35,27.67,28.97,9246100
NFLX,2004-03-19,30.33,31.51,28.56,30.73,10662200
NFLX,2004-03-12,33.1,33.6,29.34,30.77,13055900
NFLX,2004-03-05,34.35,35.46,32.33,33.27,13925600
NFLX,2004-02-27,33.9,35.85,30.26,34.4,36461300
NFLX,2004-02-20,36.1,36.2,32.55,35.38,13304500
NFLX,2004-02-13,77.25,78.95,35.26,35.54,17925850
NFLX,2004-02-06,74.2,76.8,69.29,76.63,11281700
NFLX,2004-01-30,76.5,79.54,68.69,73.41,17140600
NFLX,2004-01-23,65.85,79.2,65.18,77.5,21619100
NFLX,2004-01-16,62.24,66.15,61.13,65.56,8784300
NFLX,2004-01-09,54.5,64.1,54.25,62.0,15462900
NFLX,2004-01-02,58.51,59.23,53.79,54.83,7062500
NFLX,2003-12-26,50.8,58.98,50.55,58.2,6241500
NFLX,2003-12-19,48.4,51.8,43.05,51.07,11462200
NFLX,2003-12-12,47.25,48.47,44.4,46.81,6449100
NFLX,2003-12-05,49.42,52.26,46.66,47.47,6695700
NFLX,2003-11-28,45.41,49.35,45.41,49.0,3575900
NFLX,2003-11-21,46.35,47.92,44.18,45.65,10398800
NFLX,2003-11-14,46.87,50.8,45.95,46.77,10851000
NFLX,2003-11-07,57.39,60.55,46.221,46.88,18591000
NFLX,2003-10-31,51.64,61.0,51.54,57.22,7690500
NFLX,2003-10-24,50.87,56.25,50.1,51.99,11665100
NFLX,2003-10-17,44.4,53.56,44.29,52.13,16140900
NFLX,2003-10-10,40.02,45.2,39.35,44.65,6523200
NFLX,2003-10-03,32.51,41.6,30.42,40.15,13161200
NFLX,2003-09-26,36.46,40.24,33.33,33.49,5247900
NFLX,2003-09-19,34.75,37.6,34.45,37.0,5184700
NFLX,2003-09-12,34.22,36.53,32.07,34.57,5153200
NFLX,2003-09-05,33.23,35.44,32.4,34.55,5715800
NFLX,2003-08-29,28.51,33.78,27.25,33.33,5588800
NFLX,2003-08-22,25.1,29.72,24.39,28.8,5166200
NFLX,2003-08-15,23.35,25.48,23.34,24.99,2159900
NFLX,2003-08-08,24.95,25.45,22.6,23.49,1864700
NFLX,2003-08-01,26.55,27.47,24.8,24.95,2358100
NFLX,2003-07-25,24.16,27.35,22.97,27.02,4337400
NFLX,2003-07-18,26.64,28.55,22.55,24.15,6883000
NFLX,2003-07-11,27.5,28.6,26.02,26.49,4038600
NFLX,2003-07-03,25.09,27.9,24.26,27.75,6117300
NFLX,2003-06-27,21.56,25.89,21.23,24.9,7980600
NFLX,2003-06-20,19.44,22.55,19.4,21.7,6372300
NFLX,2003-06-13,23.62,23.69,18.05,19.2,12687100
NFLX,2003-06-06,22.51,26.35,22.51,23.61,5056800
NFLX,2003-05-30,22.05,23.45,21.75,22.45,2983200
NFLX,2003-05-23,23.3,23.42,20.53,22.12,5898800
NFLX,2003-05-16,22.89,25.93,22.7,23.79,5197400
NFLX,2003-05-09,22.42,24.39,22.3,22.62,4204300
NFLX,2003-05-02,21.0,23.28,21.0,22.631,5803300
NFLX,2003-04-25,23.7,24.69,20.05,21.15,11901400
NFLX,2003-04-17,20.31,22.0,19.72,21.96,2118700
NFLX,2003-04-11,20.6,21.7,19.1,20.77,2332500
NFLX,2003-04-04,20.19,21.1,18.56,19.55,4427300
NFLX,2003-03-28,18.27,22.33,17.75,21.06,6925400
NFLX,2003-03-21,16.58,19.69,15.66,18.55,5466000
NFLX,2003-03-14,15.98,16.95,14.9,16.55,2028300
NFLX,2003-03-07,16.91,17.08,15.54,16.09,2369300
NFLX,2003-02-28,14.34,17.2,13.51,17.11,3989000
NFLX,2003-02-21,14.31,15.75,14.04,14.9,1712900
NFLX,2003-02-14,12.23,25.05,12.15,14.24,2302800
NFLX,2003-02-07,13.14,13.18,11.54,12.18,1222300
NFLX,2003-01-31,12.1,13.25,11.72,13.2,1361600
NFLX,2003-01-24,11.57,12.68,11.1,12.33,1702000
NFLX,2003-01-17,12.01,13.39,11.05,11.44,2886200
NFLX,2003-01-10,11.0,12.7,10.67,12.42,1503900
NFLX,2003-01-03,9.85,12.6,9.6,10.82,2015200
NFLX,2002-12-27,10.35,10.65,9.58,9.67,1065800
NFLX,2002-12-20,12.58,12.99,10.2,10.7,1808800
NFLX,2002-12-13,11.14,13.0,10.69,12.5,1152200
NFLX,2002-12-06,10.4,12.1,9.75,10.95,1582700
NFLX,2002-11-29,11.1,11.15,10.4,10.85,610300
NFLX,2002-11-22,9.08,11.2,8.73,11.01,4525100
NFLX,2002-11-15,8.5,9.15,7.78,9.1,626400
NFLX,2002-11-08,9.0,9.84,7.75,8.55,1369700
NFLX,2002-11-01,9.3,9.9,8.5,8.94,918700
NFLX,2002-10-25,8.94,9.59,7.75,9.0,1883400
NFLX,2002-10-18,6.5,10.3,6.2,9.56,3398900
NFLX,2002-10-11,6.3,7.4,4.85,6.59,3792700
NFLX,2002-10-04,9.9,10.1,6.26,6.563,2585700
NFLX,2002-09-27,10.0,10.98,9.65,10.08,1379500
NFLX,2002-09-20,12.49,12.49,9.8,9.919,1168600
NFLX,2002-09-13,12.87,13.67,12.1,12.3,873100
NFLX,2002-09-06,13.11,13.49,12.71,12.8,215400
NFLX,2002-08-30,13.95,13.95,11.54,13.11,1030000
NFLX,2002-08-23,12.95,13.99,12.85,13.91,911700
NFLX,2002-08-16,11.24,12.94,10.55,12.78,924800
NFLX,2002-08-09,10.9,11.5,10.4,11.02,969100
NFLX,2002-08-02,12.55,13.44,9.89,10.89,1539700
NFLX,2002-07-26,15.9,16.99,11.9,12.2,1337800
NFLX,2002-07-19,17.4,17.48,15.06,16.24,866700
NFLX,2002-07-12,17.53,17.92,15.6,16.91,843600
NFLX,2002-07-05,14.0,18.19,13.9,17.87,1469000
NFLX,2002-06-28,13.71,14.26,12.9,13.99,1606100
NFLX,2002-06-21,14.19,14.83,11.79,13.71,2114500
NFLX,2002-06-14,15.89,16.64,13.72,13.81,759900
NFLX,2002-06-07,15.12,17.25,15.07,15.66,818800
NFLX,2002-05-31,16.99,17.25,15.0,15.07,2284700
